query,reply
747F还会到广州来吗？,耐心
听到这个消息，姐很悲痛,就不能安慰两句要不下次你来试试？
同做一晚上的梦到现在,超累
同学，厉害啊（说不定你认识我）,你是谁
笑吐了，这种透明白裙子里面穿黑色是多有自信,哈哈哈哈哈哈哈哈哈哈是啊！
你会玩着我的衣袖,一叶曲折
想知道耶！好神奇！竹子有空的话可以科普一下吗,没的科普我会看，但是我没法讲呀
最近不得志，已经忘了风流倜傥是什么赶脚了~,乘风破浪会有时~蛋定~
你又出去了,对的
我想请教一下，做这个事之前怎么样才能先成为军嫂？,哈哈哈你很优秀
天桥剧场吗？？？到底哪儿买票！！！,大麦！！！可以选座！猫眼不可以！
小哥哥，午安,叽叽咕咕
欢迎欢迎，上海这两天天气都不错,是呀
女孩子一定要好好挣钱，不然以后是要结婚的,好滴为了不结婚也要努力挣钱
过来红旗，找高手跟你玩,不了，好大雨
北方真的是这样过年的？澡堂子爆满？,为什么不在家洗呢？？
难道不是继续加深了解发掘各种缺点吗,万一发现你喜欢的点比讨厌的多怎么办
梦瑶我懂了,有道理吧
喜欢我,一直都喜欢你
我也失眠了。。。明明挺累了。。,整个晚上都没太睡，头要炸
遇见你,怎么
家都不肥了！,对，不想肥了！
加油，加油，快到五千了腊八节快乐！,好梦
求增强诸葛亮,加移速就行
同上升巨蟹强行击掌~,哈哈哈哈哈哈哈哈哈哈好可爱
坐等你今晚新歌,今晚唱新吗
我好友圈阅读量一般是15，好点没？,好多了
能不卖萌么,哎呀我偶尔卖一次嘛
逃不了的只能勇敢面对了。,好吧
你是怎么好的？,我也是用的抹脸的啊，我那时候还爆豆呢
某人皮脸不要,就你说了个实话
男生一般多久打一次飞机,平均一两天一次吧，有时候一天两次。。
你不说吃好吃的嘛，看好吃的,看馋了晚上还得多吃两碗饭
请不要叫我老师，显得好老。。。,张校长？
看来你昨天人品好到爆哈，下次小心哈,嗯嗯
中秋快乐,快乐。
戴眼镜前与戴眼镜后,恰当！
赵丽颖演了两部抄袭，花千骨和楚乔传,而且一部还是让她大火的作品。第二部好像也大火
想知道你坐在哪,一个高高的台子上
快带宝宝回家,看看你自身的剽
女孩子喜欢多长尺寸的，多长时间，才能满意！,上天不
你都有异性朋友的嘛怎么还不脱单,难道你一直以为我没有异性朋友？
陈独秀，你先坐下，我去给你买一瓶,房老师我是大钊
长得真像鱼哥一点也不像嫂子了,真的呀
隔壁老叶整容失败了,我更想看完整的剧情，等过段时间去看吧
头比较抢镜啊,突然探起来的头，拦都拦不住啊
我朋友,西安的娃娃机吗太眼熟
可爱！！！！么么,抱起革小孩就是一个百米冲刺
会员有啥好处吗？好的话我也开通,置顶啊，会员模板啊之类的
夜班都来了。我给你也留了爱心小纸条,不是吧，我怎么突然有老大的那种感觉、凶兆
吃啥都胖不了,纸片男
爷活着,我觉得死一片了
还有留言喊话的,刷存在感不是这样的吧？
你已经黑到这步田地了,这不是我！
唐嫣一脸土样,哦呵呵，你好漂亮呵呵
哈哈哈沉默是金你面试了吗？,这个星期六面试
一张图用两个滤镜还是凑不够六张？？,你不说我都没发现诶
我就只有一块舒肤佳,还有一张帅气的脸
谁是谁能不能八卦是谁,高中一汉子哈哈哈哈哈哈哈过去式啦没扒的都
滨江第三个垃圾桶见,你一直守在那里？对不起我刚看到，明天去
恭喜恭喜杀进决赛老,指甲抠紧嗓子都哑老真心不容易
奋斗了吗,奋斗了，今天奋斗到十一点呢
这希望在毕业前看到你胖的样子,说不定我长高了呢
高考前等到现在结果秒没，伤心,我在闲鱼找到一个今天晚上面交。
兔兔辣么阔爱怎么可以背兔兔,有我可爱吗
英才枕头,哈哈哈哈我果好厉害
我觉得配小领的白T恤好看,已买
宝贝下午好~~常来看我哟~~,好的
女生去了怕是要剁手,为钱我没有
加油啦小伙伴！！,还有不到一个月，再熬一熬
难过我还小没有老年人作息,先珍惜没有加班的日子
靳东太帅了！期待,特别有感觉
你订婚了？,对啊
我也在看书啊，不矛盾不矛盾,哈哈哈我收了你的动图笔芯
你沾了你名字的光儿,关键还是人的原因
你要离开北京吗,啊哈哈你怎么这么聪明
小福子就是双胞胎肚子巨大的那个网友,就是那个超大肚子的
龙哥要在那边过圣诞和咱们的新年吗？,嗯，是的。
你什么时候休假,那就等你回来约我
网恋找我,啊哈哈哈哈哈哈哈哈
开心的活着，加油。。。,是啊！既然活着就活的开心点。。
来点中药吧,你去买给我
我要举报你,你去阿
亲爱哒我们在一起吧,人家知道啦
还没见到林俊杰谈什么恋爱！！,对！！！哈哈哈
五一假期愉快,同乐同乐
绝杀了,妈妈就坐在我旁边！被我吓到一直把我按下来！！！
给我发了信息但是不知道后面怎么弄,怎么感觉很麻烦啊
同学不好意思啊我刚洗,怎么办看见你就好想踹你啊
元气少女,哈哈哈黑眼圈太重了！元气不起来！
吃吃吃！往好了吃！吃开心打饱嗝为止,吃吃吃，放开了吃
减肥药少吃，对身体不好，运动减肥多好,肉太多，先减点再运动
亲爱滴你大喜了？,是的！
七染关注很久啦,是柒不是染
下雨的时候吃饭然后吃完雨就停了吹着小风回家,不公平！为啥我这么心酸！
再发这个表情我要叫阿姨了啊,你怎么不叫奶奶呢
我觉得，瓜瓜长大了会恨你！,不是我弄的，是他表姐，我只负责抱着他
看到很多人说揍他一顿，我心里踏实很多,不愧是说相声的！
我启程翻来热下先,你出发啦
欢迎回来，找天去吃饭或唱歌！,好的！虽然现在有点发烧
你是在撩我吗哈哈哈哎哈哈哈,是好久没化妆了嘤嘤嘤
肥嘟嘟，太可爱了,你也是啊
我都不好意思说我一顿能吃二十个。。。,那你的饺子很小啊，我这个超级大
我想跟你说，总有一天咱们俩要撞衫,你不准穿了~
每次看你发的东西怎么都这么伤感,懂不懂文艺范
你才是真正的学姐,我才十四
没有我的电话号码你还是不幸福,我有你的电话号码，可我还是不幸福
工作很累，又不敢辞职,我也是啊，因为没有能力改变
睡吧孩子，太阳出来了就不了。。,最高气温20
没想到你小弟我还蛮上镜的嘛~~哎哟不错啊~~,你也太自恋了
回去了啊。注意安全,好的，珏爷他们下午应该也要走了
你不是说小婉辞职了吗,辞了，还在帮我
不用律师，自己写个简单的诉状，代上身份证就行了,好的，谢谢你
为你打call,你可真是后知后觉
关注你之后没看你发过,因为你不关心我哦
摆渡人怎么可以得奖,我觉得摆渡人很好啊
愿你所求皆如愿，所行化坦途，多喜乐，常安宁。,愿越来越好，毛不易。
出来吃饭聚聚,你们约了告诉我时间我基本每周休一天
眉骨和鼻子的线条好看极了,哈哈，他的桃花眼和梨涡真是太好看惹！
兴宝才不是大头,他自己说的啊啊啊啊啊不怪我啊啊啊啊啊
嫂子生日快乐,谢谢。也真心祝福你
高冷的晚餐,混搭
说好的不能吃辣呢全都是套路吃好喝好！,他是说不能吃太辣，但一点辣或许是可以的
大年三十的饭，我到现在还在吃。,我家还有几个菜还没动
别和你姐玩，我上次跟她玩还欠她一千多。。。,1000多！！！！！你们玩什么了
你去横店了啊,出差
我怎么分分钟就想锤死你类，朋友妻不可欺,是啊朋友妻不可欺我作为你的朋友你就得祝福我
需要付费,百度云盘发你
单身使人发胖,私以为说得很中肯
正版支持紫米。,谢谢正版
你可以看发色啊,看也没感觉。。。感觉都一个样子
劳资就记得快播是你个孙子举报的,遭报应了
牙顺君生快小时候萌cry了,小时候脑袋，嘴巴，耳朵都圆的。现在都尖了
看饿了,哈哈，夜猫子不睡觉的
你周末竟然不出去太让人惊讶了,太累了要休息
肉食动物，就知道吃吃吃,来吧加入我
问好晚间！,好友好。
她奶奶给她买的衣服上的配饰，潮吧,搞的也太潮了吧！
榴莲，30岁才敢尝试，然后一发不可收拾。,是滴
我要饿死了，为啥大家都这个点发美食啊,因为我刚刚才吃完啊嘻嘻
你在睡梦我在路上,机场是不是空荡荡我睡过头了今天
明明是奔驰，咋出来宝马了，哈哈,奔驰怕不让说，，大家都懂就好
今天不是雾霾挺大的，还有蓝天？？,所以才是幸福的事
从来没有黑过郑恺的举手！,喜欢他怎么可能黑他
男生脱发吗就是95后,快成光头了
万事顺意,万事胜意
有去敦煌的吗,去过了
何必讨你们男生关心,心里怎么这么坏呢、人家在一起碍着你了？
你取掉了一块骨头没？,哪里的骨头？
那夜我喝醉了了拉着你的手,胡乱的说话
我打算买瓶香水，要不就它了,你去专柜试闻一下比较好从小清新开始男士略浓烈了
赢大奖,小奖
最后一局应该改个游戏名，叫大家一起切嬴政,你要笑死我吗
你去长沙干嘛,有点事，顺便看看。
可怕的锁骨,哈哈哈哈拍照把头用力往上抬就有锁骨了
我现在就在山上等你！,等等！那我马上到！！！！！！王者荣耀！！！！
才看到你昨天的仙女妆,害羞
你回来了？,昨天才回来今天就地震，好几把凶险
卖萌可耻！,我天生萌！
长得油光水滑的，看来过得不错,原来像团棉花，现在小沉墩子了
周末都不多睡会儿？试过语音版本的没,没借到麦表示很遗憾亲，语音有什么效果？
韩四喝多了？,没喝多就给我踹下去了
吃货你一天也是棒棒哒！,谢谢夸奖
想看马尾的,没有！
我不愿去相信这个社会如此黑暗的一切,呵呵。永远那样终究是被坑的。
什么品种猫,家猫而已
成都的水族馆在哪里？我上次去好像没发现,有好几个这个在双流新开的
努那，是无脸女,噢对的
啊！！！你不等我们啦！,我要飞走了
脱衣服,裤子
只想说扶苏绝壁是亲生的遗传了90%父皇的美貌,波斯猫柿子明明也很美
喜欢长胸毛的？,我喜欢肌肉哈哈哈
换头像！,你可以换个鼠婆的
啧啧毕业旅行？？？,没那么高大上。。就是随便出去转转
我很看好你噢！,完全没看点
傻儿砸生日快乐,你到了？
速冻包子微波炉一分钟，一个妙芙，或者一个卤蛋,恩，我也准备去入手一个面包机和微波炉
给你一个吻,可以不可以
自问自答,是的
男朋友我在这,早还想吃点什么
我一直都觉得你跟你表哥的名字就很配,也是巧了呢
宝贝下午好,聚聚他
国产机不拼数据就没什么搞头了。。。,真机实验才是王道
如果拉稀了怎么办,大火收汁
孩子棒棒哒,谢谢鼓励
板板去哪儿了,板板儿被我玩儿坏了
一心一意易烊千玺公益榜样,有趣灵魂
朦胧美,对，不戴眼镜的我看到的就是这
捉妖记剧情还是不错的啊,还成吧
那晚上有吃水果吗？苹果之类的可以吗不运动吗,不吃，做一些简单的运动
长得好好看,说实话不太好看
哥哥你就是有勇气的人,谢谢鼓励！
双方只有自己尽力用心去爱，才不会后悔,是的，只要全心付出过，即便没收获，也不会后悔。
有些人，散了就天涯了。,嗯嗯
头发好长,头发不长，是脸小
清新自然,确实是最放松的一次
来撕！约战！,我感觉你们最好白天战，不然黑夜中你们找不到彼此
假装有假期,其实并没有
喜欢左上,+1
体重还是体脂？,体重。体脂估计也差不多了
泳池水不喝几口感觉亏了，,我也这么认为怎么办下次得补上了
别人一想到输了会被你的手刮鼻子，别人就不敢输,哈哈哈哈哈哈哈哈哈哈哈哈哈哈哈哈哈哈哈哈哈哈哈哈笑到飞起
等下没有早餐吃了！！,怎么可能。。多晚都能有的吃。。
要批你英语老师太有爱了,嗯嗯
深夜拉仇恨,恨我吗？
你是感慨啥还是刚看完霸王别姬,感慨啊我的兜！
你心理作用，我一直没变化。,你吃嘛了！
没有双休只有单休的路过~,能天天拍网红难道不是一种享受嘛
我大五月天演唱会从来没人乱举灯牌,举灯牌对台上的他们眼睛很不好，太亮，伤眼睛的
做什么好事了，看把你美的,吃宵夜
给敢早点说我刚回来,你自己是闷声不出气就克了么。
那我手腕可细胳膊可粗有福气吗,白萝卜那么粗不行
霸气的我，做的事都很霸气。。。嘻嘻,比如~~
小学？你真早熟！小学后就没一起上学了？,初一后就没见过，几年前见过一次
易烊千玺同款蜜汁滤镜,拥有同款好开心
多么美好的画面你突然野战！我打洗你！！！,活该，让你不艾特我，我故意的
他家中午开门啊？我好几月前去中午居然没开门,我说人那么少！原来大家都以为她家中午不开门啊
哈哈！！看来我们要约个饭跟进一下近况了！,约！等我毕业论文开完题！
生日快乐！,谢谢哦
欢迎你来到北看台,太震撼了这呐喊！
谢谢朵朵~~！我要那个~~！大饼,木有问题啊过年去我家啊
缺不缺医务室的我报名,你来我们这就大材小用啦
好友平安夜快乐！,谢谢好友同享平平安安阖家欢聚
晚起,问题是早上醒的早就再也睡不着
表白艺兴,艺兴加油
孟老师去红庙的首经贸踢过吗，看您眼熟,没去过啊，哈哈
腮帮子稍大。话说爪子再圆一点就更好了,大腮帮子有福气
哈哈哈马天宇可爱死了我的大暖男神,可爱死了嘻嘻嘻
乌冬面太赞了~,啊张嘴
你怎么不感谢我,给你一坨子
猪糕啊,怎么了？？
加油,打满鸡血
冠军T团了吗还有黑白格子那套,我也好想要冠军t
吃饱了心情好,这是个难题
要要要要要回去了吗,还有二十天就可以回家咯
啊啊啊啊午饭还没吃的我看得口水直流！！！,恍恍惚惚快吃泡面
注意安全,一定
我这两天搬克新屋克滴是不是要带滴我看哈呢,来得，来了跟我说
快乐一天,祝你快乐
我就想看胸开到肚脐的裙子,已经是一坨肉肉了。。。不说了
有声音我喜欢,听到你的嚎叫没有
宝贝儿，生日快乐！,嗯嗯。
在高铁上写代码是一种什么样的体验？,没啥感觉
我是一位奶奶,我发现你特别乐观向上啊，值得深交，奶奶！
我又饿了,吃面包吧
只有我一个人觉得字丑吗,不是你一个
闭上眼睛，呼吸，听自己的心跳,我今天比较烦躁。。想发怒。。
情话大王,低调低调
最近忙忙哒,是很忙
你在龙泉上班,对啊
让我说你什么好,我以后要和这种渣男跑了你一定要拉回我
哇，你中午没回寝室？,嗯太热了下午又有小组试讲就没回去了
你都110了发生了什么,那是个广告图片吧。。。
老牛节日快乐！,谢谢，祝节日安康。
小心被机关枪吐吐了,那你得替师傅报仇雪恨去
怎么会有这么歹毒的人拿小孩子造谣要不要点脸,这些人没良心吗
嘻嘻，我认为肯定不是考试,那是啥
我看见你了，看见了！！！,真的吗
脸要瘦,脸没瘦还肿了
所以你要好好看书，好好学习，对不对,嗯，是啊
我的歌声,优美动听
短发,又重新走一遍过去
我有个朋友现在也在三亚,我现在已不在
回家啦？,昂~
我已经考虑什么时候给我家安装电锅炉了,补充下，电来自于太阳能发电
所有的S英雄都是6800入手的,这么非
国防身体，坚持住，没办法得！,改名字了，还差点没认出来。必须得也。
深深早呀,早啊
我就做澳洲代购我妹妹住悉尼,蔓越梅多少，s的
周六还在军训。我们八月在北京见过的。,原来是你呀，还在军训呀
生日大乐啊,多谢多谢~~
路遇一人被车撞飞,没有好话
喜悦到烦。晚安。,晚安
大吃大喝,这倒不至于
昕姐早点儿睡啊,身体最重要哦
拿块手帕，东北二人转的步伐,不会，我们都看芭蕾（读音很重要），下一位
我马回家也生个大儿子玩玩,你都结婚很久了，也该生个玩玩了
你这是迷上朴宝剑了？！,阿泽是朴宝剑？
再来一次~你鄙视吧~,考完了哈哈~
我感觉我都快过冬了,也是努力的找了一天中最暖和的时候来拍呀
又在做梦了而且我好懒啊啊啊啊啊啊啊懒得头都不想洗,你明天敢穿的丢人现眼把你丢湖里洗洗
你好可爱拷贝隐藏,怎么可爱了
月底,这次一定要约见喔！
陈删删，我好困啊，被你秒删到没有睡意,送你上去让你男朋友看看你
子怡晒醒醒，没晒熙熙。满意不？,关人家葛荟婕什么事情？
同小胡子，求推荐阿阿阿怕越刮越旺,同求啊，有胡子简直烦恼死
极速前进后特别讨厌你,同感，看二期后不看就因为有她
看见印度的飞机不寒而栗,看起来很脏的！有抹上一层咖喱的嫌疑！
姐姐又怀旧了,想起来就仿佛昨日
怎么了姐~,没事，妹
多喝热水。此处配一个笑脸。哈哈,喝很多很多了。。谢谢关心！
晚安赶快去给人家做饭去,请你
08年你还没来南昌吧,在地下室唱歌吗？
我能送你回家吗？,不可以灭酱才可以
网红,不红
你牛，我大三,我也是哎，我工管系的
强颜欢笑的俩人,咱俩那个酒店简直是遥不可及我们这次住的超方便
头发又变长了,是呀，长短尴尬期，勉强扎上个小尾巴。
支持你送楼上一张阿春牌的飞机票,哈哈哈哈哈哈好
有意思吗不领情不道谢的！,为什么？
会长值了,值了
这截图盗墓贼,特地倒回去截了半天
短袖短裤的人路过。。。,冷死了
我也要去看！港口环境怎么样,很小啦不是特别好总比在家好嘛
爱你,好难为情
多睡觉,你多喝水啊等过年回家出来吃好吃的
好悠闲，我什么时候也能这么悠闲就好了，哎,我也想悠闲悠闲的生活
杭州坐地铁算是最好外出交通工具了。。。。,当真？可是真没给我这个感觉。。。
酱有人能看见不,我好饿。吃饭还要排队
老贾乐2充不进电怎么办,关机充看有没充电图标，试试换头和线看看
表白陈伟霆,期待
喜欢都不体现在话语中体现在眼神里,都不好意思直视
我下巴都掉到胸上了,接着接着
隔着屏幕都闻到花香,谢谢，您也喜欢花呀
看看哥这头像行不？,骂我呢
欢迎欢迎,想我娃的很，啥时候让我们看看啊
美丽,会卷这个长度的头发以后画啥妆我都觉得好看哈哈哈哈哈哈
我有自闭症啊，女的安排不动,那你说个。没得牌面
去哪里啊？有时间我也好想见爱海,去东京和京都！八月份去！
你在哪呢,我在教室啊
静静地看着你值班,就怕你睡着哒
你是经济专业吗,保险专业应该属于经济类吧~你呢
羡慕蓝天白天,啊哈哈哈哈大把的时间出去耍
啧，春天到了,花开了
好可爱怎么肥四,天生的
我走暖男路线,你不是该有件大活好的路线吗
你胖了嘛,比你胖。这个回答你满意么？
土豪金,但是黑蓝才是对的，你再看看，我是看不回白黄了
男朋友？,大概是女朋友
胖哥真的瘦了。看得出来。,是的呢~我们看着他一步步成长~
有你这么一个儿子真幸福,必须滴，你看之前的。还有别的
在那呆多久啊，我要回家啦，24号。在家不呀？,我计划七月底才回去呢，你在家待多久啊
明天，去买手机。跟我心爱的手机一起过。吼吼,能有点追求不？？
你现在空闲着吗,普通人只想到如何度过时间，有才能的人设法利用时间。
这你都吐籽。。。我西瓜都不吐,开玩笑的，哈哈
女神你看了神马,亲爱的
这件毛衣我再也没穿过了耶,你不爱我了
详尽攻略要开课了么,没，就是让大家催催我
睡得真香啊,太困啦
灵壁奇石比较有名。,房间里有那么两块石头，装文艺。
春花夏日秋叶冬雪四个词用的好！,以前在书里看到的，感觉很唯美
我是举世好公民。。。你说的我不懂。。,你这个主机被攻击过吗
背影里有没有我？？？,好像木有吧
恋爱了鉴定完毕,鉴定错误
人身攻击，举报了。,保命要紧。
最近一周奔波不停的我,加油呀
生快！,谢谢谢谢！！
单身狗速来,来吧
老哥，我金了,哈哈，厉害啦
雪儿好,好啊
五官真的是越来越好看了满满的大佬气场给跪了,哈哈哈是的！
我就假装打不过你，你还信的很认真,我就知道，哈哈。你最好
拉仇恨,你吃了嘛晚上
要注意身体啊！加油！,嗯嗯，会慢慢恢复的
懂事,嘻嘻懂事
p8p9能看见你的手机屏幕,我的手机屏幕
哈哈哈哈我为什么还活着？,因为我要寻求机会报仇！
果断一只猫一只狗的节奏,看他俩打架。。哈哈哈哈
大家都睡了，我也睡吧，明天起来传,晚安咯
听听我的歌精神精神,现在非常精神
文在寅瑟瑟发抖,瑟瑟发抖。。。
大师那边已经入冬了，我们这还没入秋,零度左右的气温，醉了！
干嘛撕门口的名单啊？都不认识我们宿舍门了,就是嘛
晚安早日调整好加油,会的时间能治愈一切
快来快来,来了
好美，这面若桃花，眼含春雨,有我美吗
每次KTV必点,致姗姗来迟的你了解一下，也很好听的
111这排名是让我光棍到底吗,快提升一下
我咋没吃过实验外面的肉夹馍,那是你没认真观察生活
这个垃圾电影居然拍2了，居然还是张智霖,制作班底，演员，投资都完全和1不同啦
用猪油才好吃,饼皮和油皮都是用猪油吗？
改路线啦，不看身高还真像个样,哎呀换重点
没有最帅，只有都帅,嗯哪嗯哪
有时间吗我们谈个恋爱,约个时间
哈哈哈，小黄车上的你,简直迷醉
为了这个包装是不是又掉了不少头发,红红火火的
思聪我是你永远得不到的男人！,这是揭发还是联想？
朋友嘛女生出去逛街都是拍照吃东西的啦,拍照技术还行，没有毁你！！
北京，凭什么做首都。,明清400年首都还不够历史啊
哈哈哈火锅最近吃太频繁真心吃够了,饱汉不知饿汉饥啊
怎么滴了，累了吗？还是激动的,各种夹杂
我刚才好像看到你们了我在相思蜜哒看到你们从门口经过,那个是在三楼吗，我俩在三楼游荡一圈去吃了炒酸奶
要要结婚了,哼哼是的内
发现了美味！！好好次啊,我爸以前就是卖这个的
这个扫把，给我买个,要多少
来南宁吧！,找了好久，还以为没有了
你来你来,我来了你也出不来
明天考第四次的我来蹭蹭好运,怎么会那么多次！加油啊，别紧张
连衣柜都翻了？！,嗯可能是因为我衣柜门没关紧的原因吧
新的一周，加油，晚安,加油！！
希望下次看看可爱又甜美的小欢喜,哈哈哈哈哈哈哈好
我早已步入梦想,我今天要睡的比你早
你还在学校继续奋战呐,嗯哼，我这，奋斗，你懂的！！！
你就知足了吧。你最近对天气的关注度很高呀,因为怕冷--
我家还有待领养的猫咪，要么，要么，要么？,超可爱的啊
活的有意义,是啊
西西流的口水比银河还长,那是有多长
恭喜您获得徒手剥栗子技能,没错，被刺了很久才掌握
丫挺厉害啊。呵呵。锻炼身体了哦。,不是为了省点打车钱哈哈
我完全不敢看自己的18太胖了,哈哈哈哈我也是没眼看简直
年轻时的我们其实就是在跟自个儿谈恋爱,有对象的少年你至于么。。
深夜鸡汤心疼你哥哥,喝下了吗
来自哪里难道不重要，这个都不说？,不好意思，忘记了，来自山东聊城
看见了一个1638，但感觉好像不对,你对了
看这部戏，还没结婚的人应该都不敢结了吧！,哈哈。有可能噢。你也有看噢。
越狱了能升级？有啥影响没？,越狱了不要升级，此固件还不支持完美越狱
谢谢你,谢谢我
哥，你别着急，金星秀里关于你唱歌的段子刚写完,哈哈
我想去跟小糖豆玩,周末白天吧糖豆晚上睡得早
你们是女生啊。。能跑2分半的女生有男的要么。。,这么一说我可以继续安心吃苹果了
我们宿舍都搬完了，你们那边什么时候,还没收到通知阿你们几楼阿？
为啥呀，我从国庆开始咳嗽就没好过,同问
大晚上感慨万千。。。,嘻嘻嘻。你知道我的嘛。。就是晚上喜欢感慨
你还好吗？,还好还好离事发地比较远
你最美,笑哭我了
没开空调吗？,人实在太多了立式空调根本没有用
你们女人最舒服的事是什么,随便花钱
你的爪子可圈可点,爪爪为我代言
放假要和你一起抓娃娃,带我一个带我一个
77累到了，回家好好休息，下次放着让我们去，哈哈,啊哈哈。。。下次就我们啦
我只会想到波涛汹涌。。。,你怎么知道太大了好烦恼
最近都忙什么呢,比赛啊
最近看种田文！！！哈哈哈里面有很多肉！,哈哈哈哈我也想要。嘻嘻
喜欢8王校长还是照晓琳最好看了,是人好看
唐人街质量在线，节奏不错，适合春节档全家去看的电影,很适合春节档看。
开学回来吗？,开学过几天回来
你累不累啊,累啊，但是要努力呀
我快迷失，但是尽量保持自我,我已经解脱了，你也加油
小千千~美美~,哈哈德国好好阿！！！
这是要准备请我喝喜酒的节奏么？,莫着急，总有那么一天
降温了吧,是的
亲到时有活动哦,谢谢
啊你是最棒的我是最胖的,远远没有我的文章有料
我是你的海浪,太美了
雾霾还会继续,只会一年比一年严重直到登峰造极之时
我有强迫症,哈我们都是纠结体
为什么现在要军训,对啊，我们就是现在
贵室友么？,还能有谁！
大耳坠好看,赶紧打耳洞，姐给你买
腿不错,我想减小腿
刚刚看了你的打工度假指南挺不错的生活充实,这不是自作虐不可活嘛
发现胖盒子一枚，谁来把它收了,起床没吃饭啊
我掉进河里了亲！,哎呀秦老师，就是爱说笑
最好的办法就是我安慰你，来嘛，我们去狂欢,你还敢狂欢！这个周末太寂寞了！大家都有事
我会申请和她一起去，看看约会对象帅不帅。,这是什么妈妈！！！！
你力气好大！能背的动老板！,背着！背对着，躲着！
新年快乐！玩的开心~,新年快乐！
我需要补充营养，你懂吗,你牛奶也没断过啊
90斤的腿让我自惭形秽,哪有90斤！一百斤！
孩子都这么大了,那是
就天天两个人坐着一起玩手机,怎么办好羡慕
因为虚拟的可以不用太认真，也不会哭闹吵+要陪玩,哈哈哈哈哈。
没有猪的地方容易爆炸。,有猪的地方才容易爆炸好吗！
这么冷的天你穿这么单薄吗照顾好自己啊,云南现在中午穿厚了热早晚冷
谁能告诉我哥在线不,没有在线滴
《变形金刚4》什么时候上映？,春节
泼你一盆什么都行？,都说冷水了
车从何来？,冉麒麟的车
做我女朋友好吗,哈哈哈哈哈好
呦新女朋友吗？,对的呀甜的牙都要掉啦
我站薛之谦你站谁？,我站街
难过，回来多见见,你这输入法是因为要复习古代汉语啥的嘛
你这是什么单位啊？,我们今天上山去参观了。我们干不了这个活。
最近感冒好多人，看你经常感冒，体制要加强啊,嗯啊，这体质太弱了
我要去滑雪,雪厚，速来
今天报道明天开学,好好读书宝贝儿
你不说还没注意到衣服，超级美,是滴！好喜欢好喜欢这个牌子的风格！！
生日来了,哈哈谢谢呦~
梅子是在哪买的？我貌似买错了，有股奇怪的甜味,我是在店里吃的
今天下大雨呢,雨停了
求桶同款,好像是油漆桶
朋友圈都是结婚的人,我也是，过几天还有
你俩合作过什么啊，我忘了！,无懈可击之蓝色梦想
你是平时二流子？开车反而斯文吗,姨太居然看出来了，不愧是二
嗯我也觉得晚安啦,晚安呀我又睡不着了
画结课作业,握手
还没看呢~和新白发魔女一起宣传啊是？搞笑哇啦？,瞄了几眼。
葛优躺的标准示范,懒人身边就是一群懒人
雷锋塔不是倒了吗,新建的
你跑重庆去了？,对玩完回去就开学了
一般我去了都吃蒂蒂香，十块钱粿条一大碗,本想吃4家的吃不下去
250号小冰棍，我来了,牛奶，你终于找到我了
不吃菜只吃肉难怪,肉感的女孩子最可爱知道么
在一起！在一起！,哈哈哈哈哈哈哈太逗了
干嘛骂自己，我不准！,哈哈，说明是你欺负我了
等我追完这几集三流之路,更新了吗我看到14
化妆师帅,这也叫帅？
吃过贼失望,松饼还不错吧
加油！你真的已经很棒了！永远为你骄傲！,最烦你
你家是个大花园！真美！,没有进口肉
还记得你的大胸,哎呀！！你就只记得这个！！！。。。。
姐姐你太美了！喜欢柴碧云的举个爪~,我举双手
天啊我的偶像包袱不在了你们看到了吗,刚刚看完笑洗我啦！
晚安嘻嘻嘻,晚安啦
你眉毛终于正常了！,以前不正常吗哈哈哈哈哈
海鲜便宜得很，随便吃,真的假的有时间去海鲜市场看看。。。
你确实长得挺丑的，还真能正确认识自己的,嫉妒心也出来了？
你剪短发了吗,没有啊，挽起来了
还有寒假的吗只盼快点过年,还有一个月就放寒假
地地道道老北京刷羊肉,没错！
酗酒上班，扣钱,我还无偿加班呢
好饿好饿好饿我真的好饿,多吃点
终于有大神问这个问题了别在我心里很久了这句话,多吃肉！多吃肉！
你家那边下雨了吗？这边都没有哎,下了一个多小时，雷雨大风。
？大通下雪了？,嗯嗯，下的很大。
跟朋友吃了顿饭,看样子想家的孩子也是很有些心理活动的撒
胖胖我的屏已黑,哈哈哈哈被我可爱黑了吗？
你们上一段感情因为什么结束的？,因为关注了你
我需要你,技术有进步
可能你生日别人偷偷给你包场了,被你发现了
今儿又看的什么电影,没看电影，在电脑前发呆~~你咧~
我也喜欢云峥,我也是！
到家了吧,嗯嗯正在吃牛肉
每天起床，都是一场自我抗争。,我是冬天起床困难户
除了偶像歌手，都变好看了,偶像歌手以前的脸那么丑居然还说变难看了
碎碎平安！说明你感冒快好勒！,好！
不再错过刘端端~,谢谢陪伴
真好~~提前祝旅行愉快哈。。。,你签证还没下来啊？
四月我会努力不在前四。,哈哈哈你永远这么棒
都快两点了，老哥你才吃饭。搞往子来。,瞎忙呗一天天的
有张雪迎的路透照吗？,没有
上王者么,我自己的都上不了
睡回去变成理想型咋办,这不赚了嘛！！！！
小翘臀不错,哈哈
要收获什么？,收获心中所想
默默的给自己点一个赞，超过后面的那些人,哈哈哈给你一个
最近明星都有点飘啊,吃瓜观众眼看着这些明星一个个崩塌人设看戏看不过来
我想到法语了。。。。你专业是日语对吧？,对的嘛我觉得法语德语一样一样啊
学姐真好看,哈哈哈哈感受到了爱！
一半以上粗粮搭配细粮吃也可以的，再搭配上薯类。,每天都一定要吃薯类？
马来西亚的的田鸡好吃到不行,一看就是吃货
恋爱啦,和你阿、哪里像恋爱的
我有一张桌子,紫檀木的？
明天快回家。,嗯嗯嗯，明晚
哇妹子你别说了我同意,你同意个啥子
怎么了咯皮肤要变差咯,睡不着喽
想家了,不想呀他俩想，哈哈
磕过衣服没啊？,它已经认错了。
爷爷生日年年都包,我又准备啦
明天早上科三考试，希望一把过,大家都加油啊！
我要去个帅帅的高高的男朋友,你看我，咋样
什么是宝贝的录音？,宝贝的是一个形容词，不是所有格
互助加油,你也姓曾吗
您真爱国！,爱国之心人皆有之
其实异地狗都算半个单身狗了抱抱,那你分我点零食安慰一下
宜林一眼都没看呢书太多了,读者看了吗
你是最棒的,路转黑，就这样还最棒。这种安慰话也是没谁了，
佩服你可以抓到娃娃,比较厉害而已
你今天也去看北图了！,是的
亲爱滴美骆广州场有么,目前没有
爱人需要好好挑选毕竟是一辈子,没错
要美美的,必须美美哒
好乐观啊。哈哈吃午饭咯,忽然想到你欠我个东西没给我哎~
钱好多！,没注意把钱漏迟来了
你做的蛋炒饭？你炒的菜？,这个不是我炒的
晚安？,现在就要睡觉了，早点睡哦
下次发布技改什么时候啊,送你上去，我就想知道啥时候技改
周杰伦的歌不看歌词听得懂？,哈哈，看过一遍歌词就记得了啊
我正在回忆，今天有没有去签售会怎么脑袋一片空白啊？,就是这样！
啊？大门也打开了？龟自己爬出去了？,没出去，找到了床底下
愿诗小筑心想事成，生日快乐！,谢谢祝福再和你吃个饭聚一聚，哈哈，愿望就实现了
怕下雨又怕脚冷,只穿袜子算了！！
今天生日的有很多，你指的是哪个？,可以的
猥琐发育，别浪,哈哈
昨儿路过看到门口搭个台子，原来是给孩子过节滴,是啊是啊
我牛哥要去真人秀啦！,期待
下次一定要美美的近距离见他们,但是欧尼说灿灿不太理人，看来他私下真的是高冷类型
花开美丽，漂亮,花纯粋的美。
蚌埠？什么时候来嘉兴啊,很快就去啦，哈哈
想轻轻的善待你,别请鞭笞我！（献上小皮鞭
宿舍在讨论清华和复旦投毒的事,宿舍缺乏合适的作案工具
你又上班了啊,是啊哈哈哈给力吧
95福神，还没收到，大了换90有人吗？？？,有！我90黑！我怕收到小了！
钱包寄个来,收到
裙子很美,借你穿
亲亲我想问一下这个军绿色外套粘毛吗,没有啊，我穿了没有耶，那个毛毛超级可爱
打鸡蛋用的,你家鸡蛋很幸福
怎么不叫我。,下次聚会一定叫你
好幸福，玩的开心哦,好的
你去年的目标是什么？,去年没有
你这发型,不流前面了
活捉一只野生宏健,重新做人
纳豆好吃不,哈哈哈一般
感冒了？,不是哈
这是素颜么？,除了眼线就是了~
地面热，冷热交融，水蒸气,是吗，它一阵阵的过来的
我去北京的时候觉得北京挺垃圾的。然而我从不说出口,哇。你这个人
快变偶像绝缘体了,差不多就是了吧
你们人都跑哪儿去了？还是我过气了？？,过气的老头儿
我的小哥哥今晚最甜！！！！！不管,喜欢你每一天
生日快乐,昨天去看井柏然了？
这个女生看着，应该很瘦的样子，哎,其实只是看起来而已
捏凤凰真的时时刻刻都蛮多人,人挤人。
俺们也大太阳啊，只不过20多度,你前两天不是还3637度了么
你师兄去干嘛？,来看我啊！
原来你怕蟑螂,超怕的！！？
今天面试成功，找到一份工作,加油啊，虽然这个时候不是面试的好时机
闪感是啥意思？,就是一种被闪着了的感受原谅我语文不好，解释不出来
异域风情,什么样的胸怀见识决定了什么样的谈吐
女人！你到底是在谁的鼓励下幻化成长的！,我自己
这么好脾气的龚医生都发飙了，看来大姐真是很过分,这动作情不自禁的笑了
请问你们的乌冬面啥品牌，最近买的乌冬都不好吃,我买的面之都
注意安全哦,嗯嗯，你们也一样哦！玩的开心~
雄风真美阿,他一直很美，哈哈哈
重点是好闺蜜知道你的睡姿,我们常一起睡哈哈
还不休息,就休息干什么！我是夜猫
安全做好哦,啊哈哈，必须的
黑着黑着就变成猪仔了,孩怕我还是老老实实做柠檬人
你分手了？,今天刚好分一个月
逃避虽可耻但有用,据我的经验来讲没用
幸福哦！,呵呵！
新年快乐！大吉大利！,啦啦啦啦快乐！
最近和同桌都在看他的书看过我那晃荡的青春还有幻夜,我也喜欢他好久了
老奚亲爱的妳很棒！！站起来的姿态很美爱妳抱紧,站起来的姿态很美？
来南京看雪,南京大吗？积起来了吗？小的没看头
晚安咯,在吗，问你个事
土豪！,你去看几场五月天演唱会你怎么不说！！！
为啥你老爱半夜给我发信息！！,半夜才是我活动的时间
老婆赞我一下显得我很有排面,你们家没有排面
你这是电脑的吗？,那个手机
明天下午去某部女子特战队到时候给你们直播哈。,说好的直播呢
你是用了哆啦A梦的时间包裹了么？,这都被你发现了
仙女,去年冬天的照片
太燃了，许巍的演唱会必须去看一次！,我也是这么想的！
有外星人吗,肯定有只目前人类技术探测而已
一个人痴这么多,你自己做的？
人生中走过最长的路就是朋友圈的套路,比如说？
也许你应该去了解一下他的近况，也许不打扰才是最好,选择后者。
女生为嘛会主动联系前男友,因为还爱。
这片朋友圈好多人推有这么炸吗？,不错，我都想二刷了
猜对有没得奖,奖励一分
加油,好的一起加油
。。。我也收到了悄悄话，新功能,就是虽然我早就知道不过还是头一次收到
俞秋锦啊,对的
咱们的小资生活~,赏你一个吻
来来来明天七点的闹钟走起来,走起走起坚持坚持
最近好想啪啪，我是不是病了？,如果感到快乐你就拍拍手
我天天熬夜，我们互打吧,来吧
超帅，又没有什么花边新闻,嗯嗯，跟我一样，只是没他名气大
不要回头选择我,往前走！
举手！,抓到你啦！
喔一个人食又怎么会开心,谁说我一个人吃饭
身高体重？,18362，
粑粑很辛苦，所以忘记了。,嗯嗯。。。。
我一夜没睡到现在,你怎么这么牛批呢
良心店家，不卖假货,就是咯
生病了还是年龄到了,寿终正寝
肿么了？姐,看了部电影
我头像可爱吗,这个嘛，你可以猜猜看，给你三次机会哦
想知道马赛克下面是什么,我滴名字
可惜一身撩妹技能,我现在是不是越来越腻害了
强哥呆萌,哈哈
开玩笑噜一级棒啦,这微波不是我发的
这个牛，不过我一直想湖在哪儿？,湖在边上，回去看大片
上次碰见一个高中同学，她说你咋成这了,我都不用说了
宝刀未老,不老今年18
转眼就快三八节了,我都回来两天了
原来我下午在路上看到的人真的是你！,你是？
你不爱我了吗,我爱你
我胖呀可是我看起来瘦啊哈哈哈,你最瘦
夜跑挺好的呀！不过今天就别夜跑了。鬼节,我不怕，遇见了就一起跑。
你们为什么都选择吃吃吃,因为吃饱了才有力气减肥
这告诉我们，开车不要和开车的攀西理论，哈哈。,通情达理的攀西也很多！
喜欢娘娘5年以上的在哪里,霸气
排长是个接吻嘴,你观察的真仔细
月考好糟糕。,我失业更糟
你都休了一个多月了吧。。。,是的怎么了
被子叠的跟在学校差远了,你来你来。。
可以互注吗,可以呀
中午休息时间好长,哪里长了，一下就过去了，只是以为长，其实短
今天早上我小伙伴刚给我科普了一下这个是啥意思,我怕引起你家家庭纷争
记得身体要调理好！好好照顾自己，多补点！,最近白白胖胖各个说肥啦我得减肥不然不敢回去见你们了
我好疼,那你的情伤应该忘记了
一白遮千丑，一胖毁所有,你又白又不胖
你瘦好多？！,没有是假的
我们这叫烟牌,好洋气的名字啊
不怕长痘痘,非油炸，不上火。
衣服很好看哦,你买了个什么颜色的？
晚点了吧,准点，哼
我们这里好的学区房三四万一平。,我们不是学区房都四五万三四万一平
焦虑该如何解决呢,喝醉
计时就是美,手动计时确实有版路美
哈哈，已经胖了最近我俩都减肥呢,不用减肥呀，太瘦了不好看，我一直这么安慰自己的
我的感冒好像不会好了,喝点儿酸奶就好了
看小说，背英语吧。,哎~好吧。。赖~也想你！！
这个学校怎么样,这个学校其实并没有那么好看
欧阳处狗,也是非常的爆笑了哈哈哈哈哈哈
单身狗也是狗，请爱护小狗。,汪汪
南京路基本是第一次短暂来沪的才去,南京东路拐一拐，简直另一个天地！真的东方巴黎
姑娘加油！,嗯呢、谢谢啦~~
还在我正在吃饭,看来时机不对
让你过完年不回来上班,哼，你羡慕嫉妒恨
努比亚真心不是做手机的料,正在用，系统做得不好
这个包好评！！！！,看了一路找不到自己的了
群众的眼睛是雪亮的,是的
找到自己的家乡了吗？,没找着怎么可能找到这是世界图
是不是电器受潮了请专业师傅来检查下吧,用时间也长了，刚叫师傅修好了，小心脏吓了一跳
我不想当人了。。,不当人你想当什么
大鼻孔笑死我了,已经无人能敌
咱们先聊聊，你们夜宵想吃什么吧,想吃烤冷面。好多天没吃了
我们可以小规模聚，她们一直这样你还不造,真是气死！我现在每个星期天休息
累哭，天天这么累能廋吧,困了
我已经放假了。,羡慕呀
快来见我,不能见人
有没有老公,没有
原来有很多人受失眠困扰~！,你晚晚都失眠嘎喇~~~
咳咳太眼熟了！！,李白写了两首！
惊呆我了是不是去快本了,不知道还俩
你是怎么长残的,我也觉得
愿你从没丢掉真的你，38岁仍是孩童的眼睛,你一直做得到我知道的
泽然姐，过年好,过年好哦
潮湿短路？,不知道哦，你会不？
碎碎，好文采！,记录下真实心情
大家觉得好笑就为我们丸子异投个票吧！感谢各位！！,加油
坐着吃饭都流汗了。还跑步？,是说刚刚下雨的时候啦
让我取暖第三人称晚安,第三人称
能把何鑫照的这么瘦也不容易,美颜相机嘛。
女生不过百请自动接下一句,我矮但是我胸还大
小凯女友团打卡~,打卡成功
这个化妆盒不错,还挺便宜呢
昨天晚上下楼拿外卖。还和我说是上厕所,哈哈哈这都被你看穿了
俺的天狼星现比你的红。,我的来时状态不佳，你的拍来欣赏下捏
准备买房啦,买不起
我爸都直接说我丑,是真的么
借了钱我就从来没有要回来过,凭本事借的，为什么要还？
头发长了耶,是的
你的头像是你的孩子？,我还小当然不是。
夜景美今天据说有台风，不过目前还没下雨,注意安全，你们两个
呀，这是要闪婚么？生日快乐啊新年也快乐，亲爱的。,我倒是想，可没对象啊，哈哈，新年快乐哟
想问下9月底还会有浴衣吗,没有呢
老虎我感冒了你也是吗,我也是啊
恩爱秀起来,人家还是单身好吗
好干脆的狗粮，,生硬直白不造作
关注我就告诉你,哈哈
我就看上了你对面那个冰原狙击的皮肤,买！
好手速。圣诞限量都抢得到,我感觉就是壳子炒起来的
小鱼干都是我的,啥时候带我见见你小男朋友
晚安！我,晚安
还不去学车,过完早再去嘛
我觉得关进我小黑屋都碍我地方,那也不能拖出去斩了
一块钱我都得考虑考虑值不值得花,哈哈我也是
真霸气。。拉风啊。。那翅膀我喜欢。,哈哈
今天去看复仇者联盟了晚上好,好看记得告诉我
你就告诉我，你是不是又胖了,我就不告诉你
你有男朋友啦？？？？,不是，是共轭男朋友，云男朋友（好姐妹）
生日快乐傻蛋,想我嘛想我嘛
不吃辣吗！,哎我都想去重庆玩了！
有机会去逛逛，哼哼！！,来吧不包吃住
今晚等你哟,萌萌是不是也回来呢
你为什么又要搞事情？,玩儿呀
锲而不舍啊,明天准备做菠萝汁
互赞吧,谢谢赞了
早晚安,你也到现在还没睡？
我觉得第一张更赞,都好
说话算数好吗？不是摔倒了就退休吗？,请善良一点
我戒了，都给娜娜，哈！让她胖让她胖！,我去了个北京重了四斤！！！！
D76199求互助,D16867互帮
乓迷肿眼,长治话几级
你是不是应该明天的这个时候发？,哈哈无聊么。就你还没捆！
不要告诉我那个穿裙子的人儿是你,怎么了？就两个人不是我是谁
平时宿舍备点吃的，要不我准备了给你？,准备啦
我去！！！！居然！！！！！我不晓得,有空要去！店里还有还有满墙的港星照片哈哈哈
开暖气,没有暖气
现在都不穿袜子,我是个严谨的人
德国高速是全世界唯一不限高速的，可以去飙一把车哦,驾照要认证吗
伙食也太好了吧,还好吧。。。
想到了曾经彻夜聊天却素未谋面的陌生人。,有个朋友聊了七年一直都在
来我们寝室天天空调,给我搬过来
骑自行车不要散长发，很危险啊，我的柒,其实我只是为了装13，照拍完我就把自行车还回去了
早早早你这是去高考了吧,对啊，你去考了没？
有人想要我英式签名吗,支持
我只看了解说，吓人的地方都打码了,看原片吧我有资源奥
客无远近一样亲货有高低三等价,上联在右边啊！
万能的热水呢,没时间喝。
常博加油加油加油,你也加油
花容月貌为谁妍,为谁辛苦为谁甜
是不是工作比上学还不好,不想工作！
辛苦了宝贝,后来它肿了
我青岛还没下雪,济南冻死了
没人给我粽子吃虽然我不爱吃,我也不喜欢吃
完美的旅行,谢谢
刘海很显小你这个迷人的小可爱,我妈竟然讲我土说我要把额头露出来好看
不不不我上课也想吐困了也想吐还流眼泪坐车也想吐,那你估计是有了
寂寞寂寞是谁的错,你的，跟我没关
哈哈哈有办卡活动，佳音参加不，真的是被笑死了,笑死了，他们太可爱了
每天早点睡觉养身体长智慧,长路漫漫，但一些技术层面的要求还是挺烦人的
今天没有自己做饭呀,现在是偶尔自己做太累了就懒得做了
跟着老爸有肉吃,狗粮每天都是我喂的
推荐几款胶卷吧z大师,135还是120？
早上又没刷牙就出来了,你几时刷过牙。。。
终于看不见思念俩字了,哈哈
今天去补了喜乐长安,千万别看
你是典型的东北性格，粗俗野蛮不知礼义廉耻,别以一概全你好像傻
我只睡2个肿么办,凉拌然后再睡八百个回合
你是在说我吗,哈哈如果你是的话
妹子。你在这边玩的像蛮嗨啊,你又不玩关注姐姐干嘛
我要请你吃饭！,好使
新人报道，求罩,新人脱裤眼熟我
买耳机找你？,对呀
你是不是不会长头发。。,你以为我是你都敢
酒店很高级啊，无锡肉骨头吃过了吗,上海哪里有手信，特产买的
你本来就很瘦怎么啦,旅游回来啦没天气变冷多喝水还要穿厚点
女的太矮也不会有人喜欢吧,怎么不会
还有被火鸡面辣肿的嘴唇，可以绕地月距离走两个来回,火鸡面配冰奶，拯救你的地月距离
吵着您了？,没有啊看样子很安静
还巴基斯坦！我想的是去大城市顺庆区！,重庆嘛！够大了嘛！实在不行就大连青岛！
呀馋死了,你不是天天私房菜吗
有人开黑吗？我九个赛季王者,开黑吗？打的菜送人头贼溜，有皮肤还不能秀
给个眼神自己体会,你的眼神告诉我，你想挨打了
希望十天你的英语。。被拯救了。。。。,好吧老师语速超快滴
你都不早点告诉我,我告诉你你又请不到假的嘛
你是老师？,为什么这样问
后援君和小米太厉害了,是小米厉害
扶你坐下，你还可以再吃3盘虾,还有两盘蟹腿我就跟虾蟹杠上了
头哥的,谁说的
有时候想长大面对很多事情的时候又不想长大,是啊早点睡哦
注意安全哦,哦哦
回到家啦,昨天晚上就到啦
晚安越哥,晚安晚安~
我精致的豆包,哈哈哈我头脑一热
大韩没受伤下场，哈德森也没六犯，满足不了必杀技,制造困难也要上啊！
禁止晒肌肉,没有肌肉了
长胖就不要你了,多不好意的喃，哈哈，是在太饿了，
屁屁不错男神又该骂我了,你好
有浪就行了,浪里个浪
重庆看来没雾霾,很少吧
好想吃铁定甜丝丝的,想吃就来吧，我等你
打广告打出新高度,低调低调
你想静静了？,哈哈！想你了
每年考完不都有试卷吗？？,感同身受身临其境吧。
我也是生日,生日快乐
思思我才找到个电脑哈哈！,大叔，你每次都说抢，一次都没抢到！！
还是那句话看好我军撸热刺滴嘎嘎西我托加油啊安小侠,坏女人竟然不相信我车会撸了热刺
长得好看的人这样问是在刷存在感？,谢谢你夸我
新年快乐,新年快乐哈哈哈你知道我是谁吗
幸福,关于全家人都喜欢狗这一点真的让我觉得很幸福
我要投稿,那期的造型都一言难尽
活该您不健康又没钱,快别说了
现在那边玩的人多吗,多啊，这久天气不错
泰代，买欧莱雅最便宜的国家，欢迎来撩,多便宜
眼睛咋变大的来告诉我来,瞪你
唯一好奇的就是：你为什么还不来喜欢我单身好累哦,呵呵，谁不累呢
爆灯了,我看了一眼蕾蕾的感觉风格没什么突破不过可爱就对了
尖的还是朝外长着，,尖的是啥情况。。呀
求名字,耽美你看不看
哈哈哈哈哈！原来我家的玫瑰花开了！,记得浇水哦
有缝纫机的生活就是美好吧,是啊感觉自己好贤惠！
你们这群优越感爆棚的人啊。。。给跪。。。,随处都能看到二莹的身影
追了星之后发现周围人根本不理解我,我也是
你年头反到年尾,你每当月圆之夜都反！！！
这又将是一个被历史牢记的日子！,让岁月铭记这一刻，让时光回味，这一回哦
每天的时间都是宝贵的,珍惜每一秒
放在这个可爱的人的包里，香蕉都变得好可爱,同感
八点睡觉的我已经醒了半天了,我就知道的你会醒的很早的
老铁不准备回国啦,过几天回来
可以吃的花,好看
你干嘛骂人,我骂人怎么了
啊啊啊，想去成都野,来啊，反正你都回家了
祝面签顺利,托你吉言
晚上,王者吗？
猪八戒走了十万八千里都没有瘦下来，放弃吧。,我瘦了10斤了
你好准时嘛，哈哈,是的，等到这一刻的！我对你好好嘛！！
婚姻线是平的是什么说法,同问，有答案的话艾特我一下
明明越来越漂亮了,哎哟真的哇
傅胖胖没把山压垮吗,我看着的！！
小黑新年快乐,新年快乐哟~~
这一路不管怎么样，我一直都在哈,这一路有点坑啊
我这有治癣的外用药三天治好不见效包退不怕添,搞笑呢吧
找个喜欢郭艾伦的男票,你哪里的
希望永远活下去！,嗯嗯！要永远陪着我！
这黑暗骑士。。你们真能昧着良心说好听,好听啊
就像招我的时候说偶尔出差一样结果我一个月出三次,不好玩吗
卧蚕好厉害啊。。注意啦。。。,注意啥
哇塞跟仙女一样,真的特别美阿
求私发！,好嘞，私聊我你百度云吧
你都没梦到我，心寒了,梦到你我会被吓醒
你在这边啊？今晚见个面要不呵呵呵,我们过来看那个歌唱比赛！！哈哈你来看吗照个相
心疼你，少喝酒，虽然消愁，但是对味道不好,只喝了一口
你房间真是够乱,只有那一只柜子
在考虑要不要买大厂那边的房子,买起来
原来你是跑到成都去耍了所,是哦
我来付动了，再不开门儿，外卖凉了,第一句琢磨了半天
炫个富还炫的这么拐弯抹角，狗子你怕是变了,买书也能炫富那某人开奶茶店岂不是？炫大富
新年快乐,嗯嗯，你也是
亏我还在那儿秀恩爱,哈哈哈，满腔怒火了
每次碰到很萌的文，都是新坑,都是从新坑开始的嘛！
我喜欢你的手链,呜呜。我的人呢。滔滔。
刚准备睡觉刷到了可爱的你,抱住你一起睡
跑步的时候跟拖着个大鼻涕似的,哈哈哈哈哈软趴趴
很战士很帅,是不是帅
给奚梦瑶打电话,必须滴
王者荣耀？,对的，有点好奇你有时间玩游戏么？
盆子是美人鱼,美人鱼？！那篮子呢？？
恭喜转正一生就这一次,万万没想到
我能努力成为我想成为的那种人还不辜负别人吗,当然可以啊！努力就是最棒的
拔牙？,对啊
斗那么好看吗,是斗
妞拍的月光好漂亮~,主要是月本来就很美~~
炫妻狂魔表是不是情侣表呀,是的呢
并且这些国家的栋梁，不管研究成果如何，三观都特别正,必须的跟我混不会错哒
小霞一回家就开始刷屏啦。,她说，刷到手机没电为止
不美颜还不是丑,丑出新高度你行吗
你有一个好多人都羡慕的身份，，鹿夫人,啊呀我的吗啊
现在就有卖票了吗,感觉你错过了全世界
那晚安等你来北京,晚安
你开心就好，我愿意洒。,好羡慕哦！
看到美食就放光！好厨艺！,都是馋猫
脸脸，有事可以和我说,好啊，你愿意听么
这样走维秘真美,你很可悲
成都理工的赞我,哪个学院
眼妆好棒赞赞赞,偷学别的优秀眼妆的啦第一次化这么浓
过来人告诉你看着看着就会超级想谈恋爱,说着我都想借你呢书看了
端午节吖快乐！！,嘻嘻端午快乐
回家了木有,嗯嗯
深深后排求眼熟,我真的好想
万一是帅哥怎么办？,男扮女装
昨天去中学被问：找孩子吗？,哎呀我勒个天。是瞎啊。
倒马桶了,才说你贤妻，你就开始干败家的事！
李玟应该是5季的冠军里面音乐最全能，最敢玩的,完全赞同！
穷追猛打,回来吃火锅
伙伴在哪,在我背后
马年快乐！马上呼吸好空气。,马年快乐！
开心到在发抖,你的声音好温柔呀
你把那女的推水里，拉上那男的走,我又不是你、
配音要萌哭了哈哈哈,爱不爱我
蛀牙蛀牙,我马上去刷牙
淡定淡定，司机的事咱控制不了。,嘿嘿，经常是这样
浙北这里强烈要求供暖，冬天的时候真的冻成狗,嘉兴冷的
你爸还是没变样子,哈哈哈对啊
骑车不能听歌啊,那多没意思
请问济南大学音乐学院好考吗？我想调剂贵校,你可以去了解相关情况，我不太清楚。
爱我给我买VANS,睡了明天见
对不起，我还以为是看到了我的海报，伤心到流泪。,不好意思，一激动写错了
回家找我,好。中秋节过后再回学校
彩虹吼吼看哦,是啊！
胸以下全是腿,我是胸底下就是脚
去河南偷井盖么,这个有来由？？
顺便给个回复呗！,分开的图我没有啊
谢连赞，早安,早上好
你又不是在外省听到惠州的有那么激动么,哈哈在深圳能遇到惠州的不多
住温岭了啊,是啊刚住两晚
你走了？,你不知道？！
发你的背面全什么会挨屏蔽吗？不会就打咯？,会，你的手机还会在你的裆部爆炸
没有场合可以穿这种专跟自动扶梯过不去的裙子,我现在快被失眠折磨疯了
师姐下次踢记得带上我,哈哈，没问题
除了端午节的每一天我都在吃粽子很奇怪了,粽子真的好吃欸甜咸不挑
学校让把头发整这样。,大学不管头发大哥
龙哥，xz1和xzp买哪个呢。,都别买
据说小年吃水饺。,小年吃年糕，水饺好似系北方人
菠萝的热量好像也挺高的,啊啊啊啊啊啊真的吗
我爱年糕！年糕使我快乐！,我真的太爱年糕了啊啊啊啊
不贴膜你让贴膜少年上哪做生意去,让他们安安心心的去唱歌，走上演绎道路
盲井看过，盲山不敢看,你敢不敢看跟我有什么关系？
你这什么头像,你是反问句吧
冰峰是汽水啊，还出矿泉水了？玻璃瓶那种冰峰,对，喝了，就是咱那里的矿泉水
愿自己管不住嘴,就是呀！简直就是迁怒。
不饿,厉害了~
小鸟依人啊,鸵鸟
在公路上晒玉米这就不对了吧！,公路上不准晾晒不知道？
旅途非常美妙除了护照那部分,护照那段我看一遍笑一遍哈哈哈哈哈
腊八节快乐！,快乐
哎呀某女神赶紧把你收了吧呵呵,可她一直都不收啦
打卡,早阿
哈哈哈哈哈哈阿姨是不是每天不是在上坡就是在下坡,是啊，老腰老腿全都累惨了
活着不好吗！,带你升仙
欢迎来北京感受真正的挤,上班点挤地铁，当然拥挤！可以提前走啊
有没有国庆家里蹲的？,就是我
开心吗,开心！！会不会吓到人家哈哈哈哈
很久没来了,估计下次要等到放假了
我发现你的手链和戒指拍戏的时候一直带着哦,那个手链是什么意思啊？？？
你们好幸福,刚回来，腿都废了
我现在一过10点就睡觉,对！！！！可是翻来复去睡不着
你们舍友都干啥去了,一个工作一个租房
眼睛画得挺漂亮的呀以前那些怎么都不画眼睛,哈哈
有爱的一家人,爱就应该是家庭主旋律！
快乐点,会的
马上坐冲天炮灰过去,茶的魅力
A大~欣兰的睡眠面膜打折到什么时候哇？,12号
脸怎么了,好看
睡前一刷，咦，出来个美人儿,这一点都不假
欧我下午得努力了,你再努力我近视就要加深了00
你们今天在讨论这道题？？,讨论另外一个！！！
没有胸但很凶,天冷了要运动了
你唱歌我就话比你知、。嘻嘻,同我讲条件哦
你长肉了吗长智商了吗！,光长肉了
易姐夫？帅锅哎！,看他还算个老实人，勉为其难收入门下吧
少年好久不见,嘿嘿，好久不见。近来可好。。。
高圆圆要去大庆吗？？？,嗯那
鹿晗，太帅了,好看死
天天吃肉吃肉吃肉,大口吃肉大口喝酒
哥，多会回来,7月份
汪:知道真相的我，眼泪掉下来,狗一直在哭
成妾做不到,预测你死的很快
不想起床是因为没有动力面对这个世界呀,请问，你的梦想是什么
我还没有买过流量呢,额那你够用吗
瑞随他就爱吃肉,吃肉长得快
大美妞~,你们两口子要不要这样？
我在对面德记楼吃饭而已,不过我刚刚好像出门的时候看到你从一餐那里出来
阿姨真好,我可是她亲姑娘要多少就给多少
想吃肉,烤肉烤羊排胡辣羊蹄红烧排骨想吃吗
现在的日子就是最适合你的，亲！坐回去要饿死的,你快来上海陪我
想打架么,来20栋单挑
这是你头发最长的时候不要欺骗观众哦,没毛病阿
我昨天去看烈日灼心，灼得我这心呐，太虐了！,我没看据说死了很多人
你又去装嫩！,哪有装！！！
得瑟嘛了,哟在考382的学霸面前我哪敢造次我就记录一下
22222太美啦超级气质！,嘻嘻
多谢好友！万事如意！,莲花吉祥
请问五一床铺还有吗,没有了哦
我一个女孩子不喜欢看这种打打杀杀红红闹闹我怕,我走过最长的路是你的套路
腿好白。。,你更白
生日快乐小白！,谢谢
欢迎回家，节日快乐！,嗯。同乐同乐
哎呀好开心呀,开心到要起飞
自己画的林更新，喜欢的赞一个,不喜欢的送一个
你在说甚么，,想玩游戏的人之间唯一的关于网速的对话。
我是北三不经过你们B园我是北三的始发站,哦哦每天两点一线我都要呆不住啦
我认真观察腿毛,能看到
素颜依旧很美,美不美的能怎样
今晚从鸟巢路过,好巧啊
要注意用电安全,哈哈哈会的呢
你怎么没去夜修,你小说看忘完了吗
Ha哥你越来越帅了,没有吧！胖了十斤是真的
真的啊。我过几天要回学校呆段时间，回来跟你联系哇,哈哈。。好滴。。好久没看到你了。我们都想你
小朋友！注意注意低调淡定,被你发现了~完蛋了。我昨天低调的蛋疼了
2018，一切都好~,越来越好~~~~~
能不能传递点正能量,呵呵，我们要不受影响，继续努力。
真的没就没发博了捏新年快乐新年快乐,新年好！么么！
你被岁月吃胖了,哎。不要说出来
你肥出一个境界,只是衣服宽松而已啦
上午好记得吃饭,嗯嗯你也是噢！
家里进贼了？,没有啊找东西
谈了个假男盆友,跟我约定说明天的猜不到就可以扇他
这么喜欢春天,我爱春天
老师不记坏学生,哪都有你
好美节日快乐,谢谢同乐
只想默默的点个赞，还是忍不住说出来了，哈哈哈哈,能。。。。不笑我对我家小老太太的爱吗
我也喜欢下雨天,下雨天很舒服
007适合二十岁左右的女孩子么？,这种没有年龄限制吧，只有说肤色适不适合
女神,最近怎么都销声匿迹了？
我小时候打针是纹丝不动的，医院的阿姨都夸我,这咋又熬夜了
你够瘦了。,胖了
你跟芊芊。。。,肿么了！？我只是抒发下想法
你去德国了？？我就说怎么你说德国时间！！,是啊是啊！算了时间的
嘻嘻嘻！你咋了呀小宝贝,有点难过吧
我还在家撅着,太颓废了你可
希望我姐一直都在,好的
动车上终于可以不是泡面了,哈哈吃起来
追星少女养成史,我骄傲
今天又是充实的一天呢,对呀准备去接女儿
局外人看局中人到做局中人最后变为局外人,戏外人依旧
我们聊点别的什么，好不？,你认不得这字？
客村熟悉的地方,你呆过？
单位聚餐，老板开心，发了好几千,好吧，原来你碰到了土豪
嗯嗯嗯玩得很开心啊！也很累！,嗯啊
红衣服的好像萧敬腾,确实有点哈哈哈
这是我情人节听到的第一句喜欢，爱死你了，啥时候回啊,17号
好羡慕翻译姐姐，走哪都在一起,是的呢
姐们被冻醒了，不知道还能不能继续睡一觉,还好我多弄了床被子
早啊来玩嘛玩嘛，大家一起嗨皮,然而我已经睡了
因为我很漂亮，你是不是梦见我和帅哥结婚啦！,梦到你参加运动会。。。
比心喜七,收下了这颗心
要合租找我,你有合租么
怎么感觉你的眼睛和眉毛之间的距离辣么长,因为眼睛不大脸又胖
杜老板夜生活略显丰富,是从哪看出来的
老子又单身啦,一直单身！！
昨晚报道的是你吗？醉酒后拉着一女孩的手,明显不是啊
我再也不想见它咯~,哈哈哈见还是可以见，我来溜你看就是了！
其实我一直奇怪，主动的是你，放不下的为什么是我,所以你输了
我还没有向党组织递交转正申请,我昨天刚把申请书提交给李召阳书记。
去找连音社吗不过你真的胖了,他们现在成大牌了，不出来了哈哈哈
不知不觉消灭十碗米饭不是问题,同感
你怎么认识如此多的奇葩人类,就是最奇葩那2个之一。。。
你一定健康快乐幸福美丽,嗯呢
娜扎很漂亮称得上是素颜女神了,五官立体就是棒
请问这个发箍天黑会发亮吗,会！
赞我我们平分奖金,等平分占个位置
你不吃皮蛋么,皮蛋这种东西享受不了
晒幸福哦,嘻嘻嘻嘻！被发现了
哟呵，哥情人节可是睡了一天,我是在高铁地铁排队奔波了一天
你美颜了,胡扯
你的目标很远大,不，这只是我的一个小目标，我真正的目标是拯救世界
我这下雪，你那短袖？？？,是的呀，确实是短袖
留个位置我当花童,花童我妹预定啦
我最爱的朴修夏！！这部剧看了三四遍了,这部剧我也看了3遍
现在你和老汪还在合作所！！！,撒子老宋
假如生活欺骗了你,那我也要前行
你家猫是笼养还是散养啊？,笼子也买了但从来没关过一次买来没啥用室内养着就行
蓝朋友唱得这么好收拾下可以出道了,就这样简简单单给你们唱歌，我就好满足啊
想去蹭饭了。,波波哥组织一下去野炊烧烤
不说话，要吻你！,哈哈哈哈哈哈哈爱你啦
你看我爸回复过我吗,一样然后我经不起这样的打击删了他
我好像错过了什么,错过了很精彩的比赛
优秀的阿凯,你很棒
北京下雪了,恩恩看过照片很美
表情贼丰富,剧情贼好看
我们周一纪念建军90周年晚会,我昨天看见小甜甜了，他一定没看见我
梦到男朋友了？,梦到你了
街拍配的文案可以改改,脑子不够用，怎么改文案？
此楼收集缘，妙不可言,缘，妙不可言。
因为羡慕他们自由恋爱的我和不知相亲为何滋味的他们,缘分很难讲指不定你很快就遇见真爱嫁了
今天也是元气满满的一天,对！很开心
啦神在炉石主播里算高的，毕竟打篮球,又高又帅
熊猫摆设的，里面并没有钱,没事我就喜欢熊猫
十月的怎么了呢？？？,每年十月的是典藏版，400页的
过节啦,童老师节日快乐
怎么睡这么早,早睡早起
程咬金真是神坑,对呀还好不是死的最多的
长臂猿,不要掩饰你不可以的现实
这个歌单了解一下，保证睡不着,嗯，扔个歌单才是正经的推荐歌
你小学学习挺好啊这拼音打的嗖嗖的,我那手机10次有9次打不出汉字儿来。。。
加油,监督我
恭喜你！你是我们的骄傲！继续加油。,你也是我们的骄傲你也加油~
哟生日快乐哟,其实不是我生日我下个月才是
你想要约我吃饭？？？,我又不在广西，不过有机会我还是可以请你吃饭的
球迷好无理啊！呵呵，可怜的娃，你们又难过了,真心难过
鹿晗吴世勋黄子韬吴倩资源很6啊,是啊！！
今天很棒！话不多说看这长腿,帅爆了
世界末日快乐！,谢谢
飞机都还没坐过怎么办,飞机只是个交通工具，坐不坐也没关系~
祝龚老师生意兴隆,在每一个有你声相伴的夜，不再过于寂寥冷清
没事没事，生完就瘦了哈没胖还有锁骨呢,哈哈哈还有锁骨真会哄人开心
我只看到了路飞得鼻子，,大鼻子太吸引人了
棒呆,有人买才棒呆！我是棒哭
33的包包好看,喜欢这种简简单单的感觉
我觉得我的密集恐惧症犯了,我也是
你不胖,你没看到我的肚子
花又不能吃对你有甚用,浪漫。。你懂啥。。。
中药管用吗？那你要忌口了哦,等看我的疗效，如果好了你可以去试试
文科只用背书就可以应付考试是嘛,不还有你的才华
我还没有回家啊啊啊啊啊,领先11分。
素颜太美了哎希望有一个你这样的女朋友,哈哈，那你就只能默默地想想了
长什么样子，拍什么样子,内心不想接受
满大街穿短袖的,给个确切时间
姐，你真可怜姐，你什么时候结婚,哎，回头说吧，姐得去期中考试了，风萧萧兮。。。
抱抱,看来2018对我不太好
你们开学好晚啊！,是呀
回家的又嘚瑟了。,哎呀，没办法呀，
粤语歌要不要哈哈哈,都可以的
路上滑了哇，小心点,嗯挺滑的，安全到家了
爸妈都老了,是呀，想着就感觉好难过
谢谢小牛仔,不客气
团战能不能出个双人模式？,您的建议小编会为您记录转达的哦~
等我回家这首歌不用唤醒吧,我每天都听
感觉不买彩票还能每天存上个两块钱什么的,不我买的是十元份的。
我想跟喜欢的人住一起,我明年我们去印尼深潜吧，我就浮潜过，好期待深潜啊
慢走，过几天出来新亚广场夜宵吧,在哪里潇洒
我这种天天都打麻将的自愧不如,高手，我不会打麻将。。
裙子还有吗？,？我还有一条类似的
原来你不只会到处吃，还会做饭那你很就厉害了,做饭谁都会啊只不过好不好吃的问题
寒潮过去，应该很快会晴天吧,今天终于不下雨了阴天但还是很冷
你现在住景秀附近吗？,我搬啦
引鲨鱼~~~,你又不是去大海游
这侧颜简直了啊,美翻了！
有几句话送给你,你说
今晚零点看首映,学生狗没那么自由
玫瑰味的也很好用哈！,下次我试试
夜猫子,长得好看的都熬夜
我知道为什么,因为我见你笑就很幸福啊
瞧你这智商那个阿姨就是李的妈妈啊,并不是啊，你仔细看看，一看你就没认真看
带你三分钟看懂电影那个！！,我带你半分钟看完橘子果酱
学长你的双眼皮太像割的了哈哈哈哈,哈哈，睡眠不好，眼皮都层层叠叠了
等我回来吧,你去哪了
摸摸汪汪,小毅吼！（扑）
别喝太冷的，痛快了嘴，伤了肠胃,对你提醒得对
322315432点后留言，立回,已点50325312求回
阿猫阿狗哪时候回家,今天下午
红红火火恍恍惚惚你也中毒不深呀,你是不是想说不浅
炜珍每晚都数着数入睡啊,很快就可以不数了。睡眠质量恢复的差不多了。
哇塞，期待画册,做好了给你看
你怎么能那么快活呢~,出差
我转的方式肯定不对，我整个人都转起来了,直接滑屏幕就行了
我也要去吃饭了,去吧
午安！提前祝国庆快乐！,一起欢度佳节
要不上号店看看？喜之郎的,恩，回头找找。我爸好这口
7月加油胖呼呼,我不胖好不好！祝福你
停电,哈哈这绝对可以睡一天了
呀呀呀我家洁这么美,吼吼吼
哇可以来报名学吗？,5月底6月初应该还会有课程，到时候会通知哟
周末还要一盒,换个味道撒七星伴月也安逸
祝福一波,谢啦
柔弱的孩子出门可不能带这么多东西哦,还是和昨天一样就少了打鼓棒可却多了杯子和苹果
生日快乐呀！,有你在的第二个生日嘻嘻嘻嘻嘻
翔妹你在哪个区？,我在渝中啦啦啦啦啦
怎么让自己不去想前任,爱上另一个，要不就找个事做
爱你宝宝,我一直不知道小黄人高兴到底是啥表情
请问你是报了四金的内部班吗？,是的
你愧疚啥,只能意会，不能言传
我们宝贝是不会向你发展的,切。。。。。。姐姐来疼她姐姐来爱她
我没越狱,我是想跟你说越了跟没越没多大差别，一点也不整~
医生的手吗？为什么不戴手套？,是的刚揭开嘛还没开始
我这里早已经闷热,今天热的都不知道流了多少斤汗了，衣服都换了两套
神一般的小学时代,当时的小学生比较厉害
失眠,我睡得可香了
谢谢你们告诉我后悔药回来了回来了,别逃别逃
送出去了接着花你的钱养别人,送出去了就花别人的钱了
头像咋又改回来了,不是大表哥吗
简单的道理却用了最多的时间去悟,说的有道理
把骂你的人都赞了一遍,干的漂亮！
浩浩的牙齿亮了,恭喜你找到亮点。
今天怎么了，迷迷茫茫的,只懂对别人温柔
朦胧美！！！,朦胧是因为没打开看
排着队被你点名，什么时候才点到我,肯定是看不见你的了，都被淹没了
我还以为你会说做个又贤惠又美丽的妻子,+1
可惜喜欢一个人很累,如果不会累不去坚持那还是爱情吗？
科目二还没过么？！,是的呢，他说还是下学期来考了，不然会等好久的
同求香香,也叫上我可以吗不知道我能先蹲到哪个娃
可以做梦，可以拼搏，可以闪耀光芒~就等桑巴啦,捞一下自己
看了好多小论文,哈哈
一楼摔得也不轻啊！怎么就虚构了，不懂,地面就是一楼啊。。。
羡慕能回家的人,又在加班？
火锅盘里中间种着一个娃娃菜就很过分了,那是白菜
我突然想你了,我前天很想你现在也是
我也彻底无语了。。。怎么跟刘凯威一个欣赏水平,就是说啥！直接是颠复了啊！！根本都不是一类人嘛！
啊啊啊啊啊超爱里约杨,我也是
额额额，那怎么办好呢？？要不然请雯雯看下你？？？,没事哈
因为你是小仙女，所以爱你,最喜欢你这句了
张若昀是吗？,是的
不笑比较好看,Z3不是
其实我一直奇怪，主动的是你，放不下的为什么是我,因为你爱我比我爱你多
我明天早上七点要起床写论文,加油
今年的最后一天。,是的
说明你们用的系统用户体验很差，需要改进系统,是的，就需要你这样的人才。
你是想表达腿很长咯！,我可没有说我是真的腿短
亚亚姐演唱会会出光碟吗？,巡回演唱会结束后会出
请勿引起在外游子的馋虫,想想就好，我跟你一样吃不了
别再跟我提手机了,伤心了，很伤心
原来你是文传的,这么多原来
现身说法，多喝奶茶,一个人住连个奶茶外卖拼单的人都没有
这是泰禾吗！！！！,对呀
哈哈，你在念广告词吗？收了多少代言费啊？,喝初元啊~~
下下周两天,挨玛太突然了接受不了
剪发了么,对呀
对不起浪费了球迷对我们的热情了浪费你们的时间了,别这样啊
我想去美璇，报名,好啊
小白兔，白又白，两只眼睛竖起来！,两只耳朵红又红
论肤色：白人，黄人，黑人,混血呢？
眼镜红红的,它爱流眼泪
我看了战狼2嘻嘻,好看嘛
回广州看雪吗,不啦。
我也想要几号,9月12
恒温游泳池啊？,安逸。
这都开化了，啥时候下雪了？？,我们这里下好大
有时候女孩,意思是她需要倾诉的时候
你看吧，安利我了又不约我,你都有男朋友陪的
吐鲁番好啊,嗯嗯！！
作业要别人做自己跑去玩这还不贪玩？,那天我生病的嘛！然后我今天就自己做了提交了
内衣，好看，是每个女人的梦想。,同感！
有提高睡眠质量的方法嘛,白天让自己累一点
贾乃亮眼里没有光了,确实，以前不是这样的
敢不敢跟我逛一次街，并且买！,这段太忙，过段吧
女孩像夏天，是吗？是吗？是吗？,确定是夏天，在别的号下看到了
哈哈永远爱面包,永远爱面包嘻嘻
啊哈哈哈哈哈卡地亚你居然不随身带。。。。,还有很多名牌我放一起的嘛
我的还只是花苞，最近天气阴沉没有光照,不着急，花慢慢开
跟谁喝咖啡着,你觉得有人陪我喝咖啡吗？
我都没见过大海你好洋气啊,你又装。
说个笑话，安徽第二大城市和省会不通高铁,然儿为啥高铁一定要和省会连接逗
生日快乐大豹！,嗯嗯，快乐
你嘞好意思说我哦,我也想跟我媳妇玩这个游戏
八个菜是不是少点？,边吃边上，后面还有很多菜
谢谢把素颜的我们都P了起来，下次见,下次再见
你手机不来事呀,因为我点出来才看到没发出去经常这样阿
好可爱的独角兽,被你一夸今晚准备不洗澡了
美不过你,嘴甜
这个贴纸厉害了咋也走咋也走上了大非主流子的道路呢,这个是我画的啦
原来我在下雨前睡着了,睡那么早啊。。。
腿细就是随时可以秀着一股,不是腿细啊。。要不是鞋子高么我就是个小粗腿的命
有彩蛋吗我想去厕所,等了10分钟剧幕。彩蛋15秒
又下雨了,出门就会被冲走
遛蛙,都是别人的
不认识,米兔而且还听不懂
考研吗加油,国考啦么么哒
傲寒,傲寒我们结婚
2017送走了爷爷现在最大的愿望就是爸妈身体健康！！！,我也送走了我爷爷，连最后一面都没见着。
昂起头，挺胸抬头。,没胸
赶紧睡觉,你还不是这么晚不睡
哎呦去哪浪了,这里是乌镇
抱住，我是真心怕你冷啊，别在办公室脱袜子了,办公室有开空调了，一点不冷，今天就我自己
给你爱个,胃难受呀
好久没吃米饭咯,米饭本来就吃的少，哈哈哈哈
此帖要被和谐了。。！！,这周那天有空？出来一起商量一下这宏伟的计划
美丽可爱动人的谭小主哇公公怎么没认出来呢,嘿，好好说话，公公叫谁呢
我为啥还没被拉黑,说明你还不够优秀
前天晚上我也吃了炸鸡,大家一到晚上就
宝贝做人不可以那么自恋哈哈,真的嘛
仙女,嘎哈
为什么我会有特别提示,不知道啊
学霸啊,哈哈没有没有随便学学
有老公的就是矫情，不像我，天天地走回家无怨无悔,真的，糟心烦不是矫情
了解，难得周末，出去玩玩,在山里去得哪~一出去等就被拉去做山顶洞人先
胸以下全是腿,嘿嘿
宋是suv啊,那秦是轿车？最后你出险还是怎么解决的啊
我买了白灰，然而并没有情侣,缘分总会来的
坐等寒假啊！！！,赶紧吧哈哈
休年假？,太耐你了，不得不给你一个
戴隐形眼镜或者出门时候不带眼镜，我就是这么干的,戴了几天隐形，身边人都说丑，没好意思继续戴了
原来你昨天生日,我可是12月的宝宝扎心了友尽吧
漂亮阿，要按照你标准整形应该很美,她这个就是整的哎
你太可爱了哈哈哈超级喜欢你的风格,哈哈哈哈哈哈哈（就爱说大实话）
不知道去哪里找,多刷刷超话能找到
女生不能理解蛋疼,好吧意会意会就好
人工微距？（不好意思这张我忍不住要吐槽）,手机特效照的
我要,来撒
你的朋友们们不上班吗？,她们有年假
摩羯座多好，跟我最配了！,摩羯跟双鱼最配哦
发际线真高！,圆润！
小说无力吐槽,小说剧情太平凡普通了
生命可贵，愿平安！生命是平等的！,再顶
我有一堆苹果,我去买了
如果你不退票假期过后你过得更有意思,含着泪也要活着
刘昊然好帅又可爱,是呢
你TM在说啥，我一句看不懂,你看了就懂了，一个美剧
你写字太漂亮了,还在练字中
你是年少的欢喜,喜欢的少年是你
背过去的时候我就在吐槽为什么背点旅游特产,那哪里买米粉？
什么时候去学校！,大约8。1的前一天
日常黑，老王你的大脚板子再次出镜,可儿
亲爱滴你是徒步去哪里了嘛？,去藏区了
岁月神偷，好听到哭,确实
姑娘，你要坚强，一切都会过去的,该来的幸福总会来临
文科女生是不是都特别喜欢化妆？,哪有！
哇姐姐别笑我等等，不会是在说我后面的建筑吧,说你呀
按老一辈的说法，梦见蛇通常是好兆头。,但愿吧
逍遥的你是我世界的追求,更不能
诚心诚意为你捡肥皂喔亲,捡之前你有洗干净喔
你骑个自行车还嫌堵,自行车应该比公交车块
没到高原一天5L左右进了高原一天600ml吧,为什么区别这么大
我要出门了把钱包准备好,请飞奔！！！
胖死你，胖死你,怕什么，男生不是喜欢有肉的吗，哈哈
水印打的真不是地方,这样比较有神秘气息！
哈哈哈哈我的女朋友在高明的,那算异地恋吗哈哈哈哈哈
我尼的脸超级小！,我现在都懒得调色啥的了
我以前念书的时候也钓过龙虾,不知道钓龙虾是个什么感觉
相差八百里的异地恋同样担心,一起加油吧
刚刚喝完一瓶表白代言人,我看到了你书桌上哥哥的照片
你是什么专业啊？直接去新区报到嘛？,外语我在老区
到达战场~~~,这只小仙女貌似有点胖
姐姐你好，我是江小白。,牵手牵手
电脑比我聪明多了,电脑当然比人脑聪明了，但电脑是人脑发明的！
不不不，没吃药的塔塔才最可爱,不吃药感觉自己萌萌哒
这么冷去练车了,冻死我了
嘻嘻晚安,嘻嘻早安
我喜欢看毛驴县令很有意思亲爱的,别的也有，网盘观看，我全部看完了
呵呵，写写作业一下子就过去了,你不是写了一下午吗，是不是这不够我这也有的
大济南，大山东啊！,无感，已被蠢哭~
土豪姐，招聘司机吗？,招招招，上班一个，下班一个。
祝贺吧唧终于瘦到1开头的三位数了,要瘦一起瘦
去哪浪,南通周边一日游
好啊我在寝室等待你的归来祝福你,我已经去过了黄颖哥！
楚乔不容易,嗯呢
你去医院干什么,去医院还能干什么。。。
橄榄菜+稀饭+1,真是吃多少碗稀饭都不够啊
现在买什么帽子啊,好看的帽子~宽沿类似棒球帽那种~出门不洗头必备！
搓搓手来几个暖宝宝,忘了带扎心了
求推荐,看到给你说
去北京啦！！！,嗯是
这才是致爱的正确使用方法,对啊
做猪多快乐呀,我也是哈哈哈
我现在在看她的新书，女神女神,是看见么？
眼影粉质咋样呀,挺好我买的珠光的怕显得眼睛肿可以买哑光的
你五斤长在哪儿在,反正没长胸和脸
腊鸡我耳边都是你的笑声,这个回复充满了宠溺
你最棒,哈哈哈哈或或或或或或或或或或或
这个睫毛，都不用涂睫毛膏了,白色睫毛膏？
早睡早起，身体好。,我好想你
几件衣服怎么都是一地方拍的呢,因为都是今天下午一起拍的
给我留一口,还有好几瓶在，来吧，过些天我去批点来
不要生气气大伤身,嗯嗯睡一觉啥事都没了
中华神菇有一股特别的吸引力,哈哈哈哈，要吃就送你点。
我的脸有你的两个大。,宝宝你在逗我嘛，我在前面，脸才是大
亚晚安,晚安
为什么想x3f检测不出来更新,您好，请问您指的是手机系统更新吗？
那今天的外卖就叫饺子好了,什么馅儿好呢
立马想起了十年~,亲爱的，我走之后不要太想我
我不想长高我想喝奶,来喝
你爱我么,对你我不会忘记
辣府真的好辣啊,哈哈哈哈哈但是好吃啊！
很久不见头发长得这么长啦,哪有，还没有长发及腰
大叔风格,木头代表老吗~~~
注意安全,你脑袋里装的都是什么啊
我家有只小布丁,猫？
有段时间你的用户怎么不存在呢,好像被人举报了
你是在说我丑啦,你不是也醒了
坚决站星玥,哈哈哈哈哈来打我
有头屑,哈哈我笑了
正在赢钱钱,赢了想请客？
苏州有多少501啊,最多2个
我就说你要发照片哇,为了满足你的好奇心，她是在你们夹江结的婚~
你瘦的我都认不出了,啥时候能瘦到你那样我就知足了
吃饭速度快吧。。,那是光速啊
隆哥哥的脚踝抢镜,你眼中只有他是吗
能报名么，想给拥抱的太多了,来走一个！
待你长发及腰,还差点儿
啊，缘分把我们紧紧地绑在一起，真是超幸运呢,好害羞！
想知道你昵称后面那个图标是怎么弄得,已经没法弄了，系统不给弄了
奶球衣服什么时候上呢给男票看了挺喜欢的,今夜
女生住宿关系怎样处理,我喜欢互不打扰
坏阿姨！,阿姨我是小姑啦阿姨
你们这都是几点睡得呀。,早安
不想吃狗粮！！！！,你确定这是狗粮？
当你沉睡时,好看，韩剧
赶紧回国来感受一下！,说实在的我很不理解。。。
未来有你,为爱而来
还是比较喜欢鼎泰丰的小笼包~,省城太多吃了阿笠第一次进城啥都不懂
祝22的你生日嗨皮~越来越美腻~,哈哈哈。这个祝福我收下了
我，新学期800米班里倒一保持者3连冠,佩服佩服今天身体健康嘛
探索者系列！！我的究极本命！！！,看过
怎么还让蚂蚁咬了？,寝室楼里有红蚂蚁一道这个季节就泛滥床上都是
又到了睁眼打呼噜时间,你家的狗狗和我家的狗狗长得好像啊
来来来。。小可爱给姐姐亲亲。。,我也要
看到一个眼熟的人,你也很眼熟
快回来,快到啦
你确实好晚睡,昨晚失眠了，今天要崩溃了
我的酸奶啊,并不是你的
出去商场蹭免费空调,机智的我躲到了小网吧
电热毯，你很冷么？,没有啊
这定位有点远喔！,住在遥远的小山村啊
火车做起来舒服吧,累死了
顺便来阔做埋,你到乃呢~~
帅哥在哪里啊，帅哥在哪里,你觉得在哪就在哪
皮一下很开心吧,我还能说什么呢
做做更健康，且嗨且防范！,今天你怀上了没
车够脏的。,刚刚超大车压的泥坑溅的
为什么要放黑照友谊的小船说翻就翻,你是说第七张是黑照？
烧鸡腿算吗,还好不是炒肥肠
哪有哪有醉！！！酒量棒棒哒,晚上跑5公里补救了下下次争取5瓶
早安第二天,早安安
我可以几天不吃肉,我离开一天都不行。
等十年后的某一天在飞机偶遇，见面说一句好久不见？,多给你杯咖啡
早上好,快乐永相伴
看两遍国语！要脸吗？脸吗？要？,怎样？我第三遍看英文不行吗！
吃饺子去,很遗憾，没吃
前天立夏,想要P7
我明天回家,我要等到学期末才可以回家
谁告诉我本命是什么意思！！,就是你最喜欢的那个人哦
第一次觉得你这么帅想口,厉害死你咯~
尼坤的扇子啊！！,弱弱问一句尼坤是谁
终于出来了，等了一个冬天哪家有！,每家都有的
头发那么短不用剪拉,短么？没形状了，一个月没剪
还没有关注美拍的小仙女记得关注噢！！！,现在还在直播吗为什么我在美拍上看不到
为什么只跟女人打招呼？,有实力，就撩妹
发财生活令人羡慕,哪里看到我发财了。。。
猪呀猪！啦啦啦！,你就开心拉
元旦快乐小风筝,元旦快乐么么哒
如果女生说不爱你是真的不爱你了吗,有可能赌气而已
秘密，不告诉你哈哈！我其实是拍了照片慢慢发啦~,太神秘
？？？为啥头发不缕缕。,能显脸小
易烊千玺来晚咯！,那就啊
这房间太给力了！,是啊，挑了好几家呢
我晓特别有灵气。演什么人物都是独特的,对的，我觉得有灵气这个评价特别适合他~
不走非主流路线讨厌汪大东,别傻了没人叫你喜欢
有头屑,本来想说都学会磨皮了，结果看来是没有
秃毛狗子,不理你
要好好休息，早点满血复活,嗯谢谢我会的
一起减肥,一起
付钱随便摸,嗯呢
可以叫你女神吗,很荣幸！
姑娘，春节跟我走吧,为啥
随手发给朋友,哈哈哈哈哈哈哈哈哈哈哈哈哈哈哈哈哈哈哈哈哈哈优秀
来来来。姐姐怀抱里、、、,不要
吃西瓜了没,刚吃
第一排一加5高配前来报道,第一批
胖子，你真买了只猫啊,朋友圈发那么多你看不见啊。也是扎死胖子。
小朋友都比较诚实，不像某些成年人那么虚伪,对，某些人自己虚伪就算了，还要拖我们正直的人下水
我还是吃龙虾吧。大半夜搞这个是闹哪出，好饿,拉仇恨只有奶没有虾子了
回来了吗,回来啦
学车前？,不一定哈，随时可能叫去站，我都要路考了才去的
为什么香菜他不笑,希望你们能看懂
师兄真棒！,谢谢
女朋友要求我自己给自己口表演给她看,我也想看！！
最可气的是明明外观好好的却偶尔突然没音儿了好嘛,总之各种坏
啊啊啊，信阳的这么多，同信阳，北京工作，约起来啊,太好了，加关注了
你的呱可能是在上班,这么一说突然有点心疼我蛙
好可爱啊啊啊啊啊添辣奴,好可爱的对吧
去后花园了,羡慕中
忙坏了你,不是坏了，是挂了
又来小广告嘞！！！！！,打击打击
咱们打不到是因为那个机器坏了,明明是好的是你一直动
你的衣服是该换季啦，我们要到冬季了,我换到秋季哈哈哈
你就是我的小精灵,那我要抱抱你家的小小小精灵
我先来，天青色等烟雨而我在等你,去听不找了呀
怎么做告诉我好吗,好，你现在去买吗
大超市也没见到于是求助万能的某宝,应该也没有
家里伙食太好了是嘛？,主要是不运动
我这眼神儿还以为你举了个锅,我看了两遍还想说难道不是吗
护心镜,真心有多大镜子就有多大
甲板上喂鸽子？,嗯，是呀。
鞋脏的很有范儿,要的就是这个赶脚
你还减肥？你让我们这种怎么办,学长你不该有减肥的烦恼吧。。。。
北方的豆腐脑是不是都是咸的？,没有卤的豆腐脑是没有灵魂的
这么牛皮，你们年终多少,二月底发工资才给，就几千块吧。你们呢
下午好！谢谢好友的鼓励！,祝好友：开心快乐！
赞我教你怎么夹,怎么夹
毛老师我知道为什么那么喜欢你了！,哈哈哈你好皮哦
举报我什么！,不知道先举报了再说
娱乐圈，何必太认真,嗯嗯，茶馀饭后开个玩笑
有种诱惑起个名字叫芒果,打您
耍朋友咯,还是有那么久了
那个护手霜可好用,是吗？回头买个试试去
啊啊啊~~~姐姐我错过了什么？,没事，我已经淡定了。谢谢亲~~~
江疏影满分好吧,什么鬼歌词。。。
配字满分满分啊,哈哈哈骄傲一下
风景很美,我就是等着看风景才把全片看完的，吼吼
你排队呢？,有锁的你要吗
你们公司很会照顾人的情绪啊,照顾情绪就会发现金了
薇还在坚持啊,惭愧，有阵子没跑了。累了就懒了，小窝也这么晚
帅气,兄弟，遗憾收场。
运城原来有这么多吃喝玩乐的地方,这是西安奥
你是川航的？,对啊对啊
目测本月流量已爆喜闻乐见,流量已开加油包
浓妆有害请密尝试！,我没份。
这天气穿短袖，果然在南方可以很任性,一夜入冬，今天只剩12度了
还是吃烤肉有意思,吃吃吃就知道吃吃吃
我也在想要不要买一套你这样的运动服！,挺好的，很舒服的啊
哇塞~幸福~,我也看到你每天都好幸福呀
若狗子这个名字好可爱啊,被你发现了
专注赵丽颖,嗯呢
已经奔三了,今天去厕所的时候，看到镜子，一下子特别想死
我已经半个月没见仁俊了我怕是不能追星了,条梦已然人间蒸发了好长时间
跑得快发际线会被你越甩越后面,不跑了
地上居然没有坑,你不要惹我我存的有照片
派对,这都看出来了啊神人
脸颊一个吻,并没有电视剧情节
新年快乐,新年欢乐呀
旅行只要有钱就行,那是您我穷游
背心好好看，可以知道牌子吗,这个灰的？没牌子很便宜
好男人一枚她都不要你，，没眼光。,不怨别人，只怪自己！
看你五月什么时候回来，我五月底去杭州,我应该五月中吧
我一觉醒来腰酸背痛的,我没睡，也腰酸背疼
我只觉得妹子的嘴很好看呀,我给你根本不合适我的脸
有几张环境色有点失真,嗯嗯，我会下次注意的
嘿嘿，我也在留头发！,你应该比我长呀！准备结婚哇
闭眼夸,毕竟哥哥每天都是仙子
你会长成一个大胖子,胖点好
南方人真的不去澡堂子洗澡吗,不去
记得前两天封箱有人喊您唱过火，您三位打岔给岔过去了,前两天封箱？
好多人都在问绿色貂绒外套这次有吗回复一下吧,掉毛太严重，这次没啦做到满意的版本会带给大家
这东东怎么玩啊,下个试试就知道了
谁要是把我雕这么丑我跟谁急,你这是年休？
没有找到好工作,一毛一样
来苏州吗？,明天去上海了
城市待不下去，你会自愿回老家。,都挺牛的哈哈
聪明元，越来越你,愿意的话，哪天加入我吧，我近期打算天天都走呢
女生喜欢爱玩的男生吗,我可不喜欢
猴猴泥，散四担！顺顺泥！,知呐知呐
墙是谁？,请你闭嘴！
你有男朋友么,没有
你多少岁,你可以猜吧！：D
哈哈哈我手一抖？（巨乖）,哈哈哈哈哈哈周六见
骑士倒起来读什么啊兄弟们？,有才
早！,是不是又是晴朗的一天
哈哈哈哈哈梦里有觉宝呀,我梦里的荷尔蒙，说出来太可怕了
有钱记得花啊~~,我也最喜欢这句耶。不愧是两姐弟
微微的背影瘦了哎~~~,微微被论文折磨的憔悴不堪了
腿咋那长,这么不谦虚，拉仇恨啊
辛苦辛苦，我剪的手抖脚抖，冷的,我们有暖气
公鸡头发蜡如何又油又亮,别吧我就塑型而已
已经开始担心七大姑八大姨追问为什么还不找对象了,我二姑从我20岁开始就催我了，催到我今年24了
告诉你们个秘密东北冬天的铁栏杆很甜！,哈哈，跑得快
我的呱出去旅行好久了，还不回家！,+1
我以后会很累。。。。,心情突然沉重
吃个饭还宽衣泰可怕勒,为了吃得撑撑的
你带了多少回学校啊！？？,两包呀！一包自己吃！一包拿去送人了！
你，我执信,非常好
什么书，喜欢这句话哎,借山而居！！！节日快乐哇
鸡汤方便面吗？,对滴
在这之前，先学会看地图最重要,然而姐姐有百度地图
眼睛大了鼻子挺了，所以你也满意了！,都要长得跟你一样吗
一年的收获挺大的,成长很多越来越美啊哈哈哈哈
你怎么还没放假,还有三天考试
不知道在哪看到说这款香是男朋友的味道？？,不知道
考研被录取了激动的睡不着,恭喜恭喜
每逢出差胖三斤,不能够
回复我有惊喜,不要自欺欺人了
性格真好，好想去这个学校见一见这个姐姐,欢迎欢迎
这晚饭吃的有点早的啊。。,哎，从来都是错过饭点
今晚来找你,我今天早班5点就回去了也没课
呀一晃又是好久啦祝旅途愉快！,学妹毕业了是吧？
准备好，我要来撩了，哈哈,撩妇女嘛
不约我！哼,都不知道你灰哪里去了
百度百科哪里的早期照片不是有？,你还把我这句话当真了。。。
你这么帅气，肯定难忘,这是我的心声
快放假了好想去旅行啊,想就马上出发
你喜欢濮存昕吗？,哪跟哪！
人脸识别得三角梅都不见了,100%背景虚化
心疼你你很棒,加油
我以后回很想你,这是我听到最美的答案
瑶瑶出去潇洒啦,来相亲。
不说人话了现在？,汪汪汪！听懂了嘛！
收版权费！！！,我给你拍的，你给我收版权费？
几号开始进入考试周？,14开考
还记得舒航见老丈人吗,他欠收拾了
朋友一生一起走,对滴
今天要上班,其实我也在上。
最爱撒镁粉的动作,我就喜欢这个动作
12315北京消协都不接电话,外地的不接
为什么拍了《上海堡垒》，细思极恐,我好怕怕哦
你的腿有点过分了,不是我P的。。。。
叔叔，你什么时候变成齐天大圣呢,哥哥！哥哥！
有一个游戏你没玩过,喜欢玩游戏吗
说了晚安，直接点开下个聊天框：睡了没？,扎心
你猫不会去挠它吗,不会，它会坐在一旁看鼠跑圈看一天
他在等你说对不起，因为你咯到他了,赖我了
大过年的，吃泡面应该加个蛋的,那样太奢侈！！
紫霞那套衣服好看,对那衣服很不错的
你还需要减肥么噢你需要,你很瘦对了嘛
能帮要签名嘛,谁的签名？
好幸福,允许你哭一分钟
迟来的祝福,谢谢哟
何必讨你们男生关心,我也觉得自己一个人挺好的，何必为了别人委屈了自己
一斤不够你吃,我要留大半给你的嘛
早安,赞一下玩得如此勤奋的你我
最近更博怎么如此频繁,不能浪费这些照片。
晚上好周末快乐,晚上好
昨晚怎么睡这么晚,因为休息
旅游团现在都组团买车了吗,刚刚入手一辆挺划算，回去带你兜风呀？
楚乔传，夏至未至，谈判官,楚乔传夏至未至
我一天能睡24小时,我一天能睡25个小时
谁喜欢我唱歌,我超喜欢你唱歌太好听啦
祝我生日快乐,阴历5月13？
好好好！让妍姐坐到你来,我应该会很准时到的
我最爱焦糖布丁，核桃芝麻糊也赞啊,没吃核桃芝麻糊。我觉得布丁好好吃哦、
郑柏旭碾压谢晓飞天天笑让你们哈哈哈哈,很期待
你在此地不要走动，我去给你买橘子，,我要柚子
那我明天去剪个斜刘海去,没有问题咱俩斜刘海横行霸道
小茗同学挺萌的不枉我现在饮料都只喝小茗了,耐撕牌友，来杀一盘都斗地主吧~
注意安全！于老师,起床起床
我也想要薛之谦南京场门票,我能说我是卖门票的么会被群殴么
模特好美呀,嗯呢
又话要早训噶你,今晚吃宵夜，要消化一下。
还是要多读书！,没错！
宇多田光的感觉,啊咧？
早安，报道,你最近是不是晚上不睡觉的啊！
嗯你怎么还不睡,我起了
有头屑,干得好！
你急什么家里好吃好住,天天挨老妈讲。你以为那么好过的啊
介创意人员嗦的不就是我么,来耍
我没做过这么没有底的理综，得考虑复读了,不管怎么样先把下午好好考，加油。
没有带秤，害怕会胖回去,不会的
你是哪个学校的？,河大的
赞我瘦20斤,那我还是不赞了，我还想再胖20斤呢！
如何防对面的情侣？？？,所以我从来都坐单人座
赞的真快,主要你太闪亮
你们放假了吗,考完也没啥事儿了就出来玩儿了哈哈哈
从小培养心灵手巧技能,必须的！
我已经联系媒体谢谢,一起吧
裙子还有链的吗,我意识中是没有的
准备今天晚上吃月饼看中秋,好开心
每天跑步去吧,猴子每天跑步估计我的小身板要废掉了啊
一切顺利呀,嗯哪，你也是
两天了加油哦,就一天了
世界杯好看点法国，唉,你也看了？
压岁钱不要了。买买买,量力而行就好了
彤儿你的头像为何是老干妈,哈哈哈，我觉得挺酷的
我吃汤圆你喝汤,好嘛
想你啊好久不更博了,最近忙
最近是咋了,弟弟你小孩子不懂的
有脏东西,思想肮脏
瞎说屁是热的,不在北京冬天的室外是冷的
大饼？特别是酒的包装最好看,这是一种饭的包装。
我并没有每天吃吃吃我都是蹭吃蹭吃,羡慕你
你是哪个,猜猜
又不是活不到下一个2020。急的发什么,有这个可能
这个点你无敌了妞,长夜漫漫，无心睡眠啊~
黑S飞炫暖暖T换你包可以吗,这件难以驾驭
捂胸干嘛,你不是要撕我，你忘啦
一个月下了20嘻嘻,厉害，
不长头发净长胡子,不长个净长脑袋
你是吖又瘦,未生之前我都敢认自己瘦，如今，哎
灯光师，音响师准备，请开始你的故事,哈哈哈哈哈哈你快挨骂了
又去见对象了，羡慕,你有对象你难道不见？没啥羡慕啊
睡裤姐发际线,啥。怎么了
去健身吧。,也不是不行
静妃肿么了？,你皇上偏心，搞到我郁出病来了
《百年不孤独》,下次你来表演，呵呵
一般情况下不会想到哪一年，只能想到今天是不是礼拜天,这也有可能。
我都是听歌玩手机,听歌很伤耳朵
想听故事呢,你不会感兴趣的
我撩过你可你拒绝了我,看你带的头
浩明儿你姐卡被吞了，明天还得麻烦你,明天上班第一件事就给你办了
今天出去玩了好累啊,人老了
老婆中午好！,午好啊
有钱人的生活理解不了。。,同感
毕竟活着需要点盼头,也是
诶分明觉得伪娘来着,总之就是软到想抱到怀里的辣捂脸
脱缰不可怕，可怕的是找不到回家的路,不怕
你周末在干嘛,在学校
小朋友真帅,就是太皮
和我玩的男的打不过就骂我一顿骂一点不温柔,那这样玩不心累？
我一定要追到郑同学！郑同学你再等等我,加油！！
失眠，是枕头之上无尽的流浪。,天永远不凉
赞明天开始读书你太棒啦,好嘞等你
八零后老师默默飘过活着是种勇气,我代了快一学期的一年级，瞬间老了好几岁！！
你哪有那么健康。,咋了有呢
风姑娘，你好！,又要一起睡觉了
加油！哥是过来人，过了前面几个月过渡期就好了,过来哥快给我讲讲我现在灰常需要这种正能量
你不懂十个大吗围着我问水什么时候来是什么感觉,为啥健身房总没水
我晚上八点也到家哦,莆田么？
好叼哦~~,没有吧
做为彝族人一顿没有肉怎么行？,就是
天气好,我们天都黑了
这么心灵手巧的姑娘是谁家的,我们家的
我的心丢了，能帮我找一下吗？,哎呦呦呦呦呦
明天考试？忘记买橡皮？,恩今天考试不过此橡皮非彼橡皮
腿子真粗壮！,长就好！！！
你需要正能量的朋友了宝贝,有你还不够吗
正中宝座刘主任果然地位不凡,惭愧
我也要喝啤酒,哈哈就不带你
赶快睡吧,嗯嗯，好的，马上就
只想知道摇一摇，，，，还可以摇不。,八点开始整点都有
发福了我的姐,要减肥了
发了一万条的足球看你怎么删,足球的不影响我英勇的形象！
忘拍照了,你最后快睡了
穿的打底裤还是啥衣服啊下边,裙子和打底裤
傻傻！我看了近距离恋爱！萌的我一脸血！！,啊哈哈哈哈是不是讲台下的那幕
可惜了，美貌险中求的道理看来你不懂。,求解
你是有多想我。？,我只是表示你比较忙而已
啊！奈奈！！开心开心,柚子晚上好哇是两周份的手帐嘿嘿夸我吗~
何厅最近这呢是闲的可以啊,不不不，忙的不可开交
明天开始绝食,冷静减肥！
连我都找不到你了,是啊
戒指到手啦，不错不错可喜可贺,哈哈哈哈哈哈哈哈你可乐死我了
大神你在看哪个镜头,这张看镜头了呀
你去旅游？还是去干啥呀,啊？我留学啊
勇气可嘉！其实吧你不胖！,哈哈，我需要瘦回从前模样
下次回武汉聚！,好呀
小学生,帅不帅
我只发现电量飞掉,我以为只有我一个人的电量是这样的
来，我教你,哈哈哈~好呀好呀
哈哈，要不俺们两私奔吧,有通行证吗？
恭喜恭喜，好久吃糖各人说,大哥莫说二哥你好久撒
想去丽江旅游。,来啊快活啊反正大把时光
我有脱发困扰用什么,艾芙洛生姜系列推荐一头炸毛哈哈哈
秋裤想你了，快回来,回不去了。压寨了。
抱紧我,我手短，你腰粗
你每天都跑钟楼去吃饭呀。。。,别人请客不去白不去
新年快乐,新年快乐！嘻嘻
蝶哥在哪里,在宿舍，是不是有快递？
干嘛呢妹纸猜滴是不是钱吧,不对
想知道什么馅的送我上去,我饿了
感觉泡馍不好吃,好吧，我也觉得和想象中有落差
一把火烧了全村，最后抓了一个卖火柴的外村人,因为卖火柴的是低端人口啊
每周就周日有空。我留级了现在还在读高三。,嗯哼这样子噢你不在厦门吧？
日子过的滋润呀,哎都是生意上的事
误删的照片怎么找回？,您好，抱歉，如果您之前没有备份的话是无法找回的哈。
易烊千玺！,六烊千玺
没有小哥哥那有人带我上王者也行青铜渣渣不想说话啊,青铜来排队
陈信宏会伤心的,不会的我雨露均沾
你这是刚起床，还是还没睡啊？,刚起床的呢睡太多了
你咋一直在西安呢,马上就走啦
速哥脸疼不疼,没有脸
小王这是被派去哪里了？油田吗,去海上见习了。找不到了啊
我觉得匹配好玩呀大乱斗不好玩,是不好玩啊我想打胜率打证
采访一下，什么感觉,无聊无趣无奈
春节约饭啊后知后觉你们都走了,好好好哈哈哈哈哈哈后知后觉
祝你活着回来,回家了
最讨厌水瓶没有之一,我也讨厌水瓶，喜欢那么久还是朋友
你还会翻跟斗？,你这都不会！
老板问我刘海怎么剪，我说，爱你的形状。,无法反驳
如果早点认识你，我的数学也不至于高考30分,扎心了
精致男孩,但是劳资还是没穿秋裤。
你不是在说我吧,是你啊。。。
你没有花钱，钱以另一种方式在陪伴你。,对，钱花到了刀刃上，只不过我的刀刃有点多
我们和好吧,好了好了你别吵
跟对象都刚献过血,祝你们幸福
刘波什么梗,不知道
为什么那么勤？我这边连紧张的气氛都没。,目标吧
高光也好看！你也好看！,都好看咯
感觉樱桃好甜啊！！！运动啊！！加速新陈代谢！,噢，那我去跑圈
哇买车了？,对呀今儿开出去练了练
上海有一家越南餐厅芒果卷啧啧啧太美味了,你是在邀请我去上海吗！！
爱吃肉的王老师,都爱吃，青菜也爱。
我都不知道你有一个妹妹！天啊，我是狗吗,是我老叔家的啦
老王看到我们都笑死了,我该说这一次井冈山是我看见老高笑的最多的一次吗
拉仇恨的你,面试怎么样
头发顺滑,嗯呢
我去哪喝？,我给你寄粉过来吧，等开了年。
看长城，罗曼蒂克表示看不懂,为什么看不懂？
学霸的朋友也是学霸吗,化工大佬
天津外国语大学滨海外事学院名字真长,我居然听过
我狂无语。,得闲呼唤我去散步呢我就黎发髦咯
榴莲看着很好吃,现在的还不是很好吃六月的榴莲才是好吃
你怎么不上天,上了上了，在天上了
小腊鸡，到学校了么,下午到
早安,睡醒的我
又睡？,没有，只是起不来，最近总是失眠
网红拍照技术,给你拍哈哈
哈哈哈哈求赤赤看到后心里阴影面积,祈祷不要被看到
过来喝东西阿，我店铺就在对面,难道是王老吉
娜姐，不要拉黑我，哈哈哈哈哈哈哈哈,送你上去，不用谢
肚子上长别人看不见,你最胖胖
我。。我生气了。。,哈哈
又开始你的蛋黄酥了,哈哈怕停不下来不敢多买
下雪了,所以今天天气好啊
未闻花名,找到组织
如果我说多喝热水，会不会被打可是真的应该多喝热水,你是大夫？大夫也是这么说的
我也想做农民啊~~~~~,来丫哈哈。
想知道小明你本命是谁,本命是什么意思啊？
感谢你对我那么好,这有什么可谢的我乐意，哼
皮痒没办法,欠收拾
得到感悟了塞,嗯哼
我们一起努力,没见过你这种人
完美的影评我喜欢严歌苓的写作风格。,有人懂的感觉可真是好啊
本大人还在等有钥匙的人解救,你咋不带钥匙啊！
爱护环境人人有责,是的
发型又回来啦？,没有那是之前拍的~~~依旧短发
别惆怅孩子,你想吃意大利面了！
再不回来我就也跳楼了,再见，慢走，用不用我送你一脚？
1995我出生。,还没出生
喂，你掌盟头像是在犯规你知道不？,我的康纳酱啊，没毛病啊
加油可贵的少女心,OK
潘老师真的好可爱！！,可爱精
我都是要上峨眉山的人了TT,我们带小麻将去
我们都太简单啦,想要个抱抱，我这样已有1月之久，太痛苦了。
我高冷,再见
小帅熊酒量还不错哈，下次先把你灌醉,就怕你先醉了我不知道该怎么办！
明年明天什么鬼,太。。。激动了。。。。
还没睡呢，亲,夜猫子这个点怎么睡得着昨天通宵今天下午才起来
都11点了，你还不如在家工作呢,晚上11点才下班
敢脚好好吃唷。,回来请吃饭
开心,谢谢你
早安早餐愉快！,你也早呀
晚上约一下呗,呦？
撒花！！！恭喜！,忠实读者什么时候给你书~~~
我脚的竹最近已经不会说中文了,不会！
等着我来！,一定
给我千玺疯狂打电话,充话费
你得奖品充公了！,我的奖品是什么？
冰吧，我去拿火帮你烧一下,那，融化了
天天收学费的校长,嘻嘻多棒
英语一会降吗,同问英一
一六年没有,也没有我
游啊游到我怀里,来啦！
生蛋快乐,快乐
早睡早起不玩手机,值得采纳
生日快乐同桌,哈哈，谢谢我同
刚从天堂岛回来,哈哈哈哈哈哈哈哈哈哈真的
请你对好焦,朦胧才美
韩雪好漂亮而且很有演技,嗯嗯，确实呢
祝面试顺利,蛮顺利的
愿你情人节扑街,扑街是什么意思？
想念你好好照顾自己,爱死你啦，暑假一定要见到你
你姐的眼睛咋了,很正常啊！
长得丑就不发了,不丑！
你去长沙玩了？,对头
好的多谢十岁如果手术的话能吃的消吗？,应该可以的，为了接下来五年生活质量好
忽然紧张我还差了十万八千里,所以还有十几天可以加油
谁的茶喝的这么干净！,显然不是我的
你是不是看着看饿了。,偶遇大s
完美不只是控制，也是放手的问题。,完美不是控制也关于放手
胡萝卜黄瓜辣椒酱还加啥啦看起来颜色棒极了,孜然哦
你们要快速地融入工作中,融入了，继续发扬东区精神~
期末检查，每个人都得到我不懂,又是一个大写的心疼
只有我豆勉强打为平手,不容易啊
小丫头恋爱了？祝福,哈哈，谢谢
你居然1个人偷喝,没人陪我啊
刘炎你怎么认识的！,谁啊？不认识啊
空气刘海，越来越美了,没办法。天生自然卷
樱花啊好厉害,姐姐有空就教你呦
那个场馆门口来的一个校服妹是你吧哈哈哈哈,哈哈，是的是的
哇又去小资啦,饮牛奶而已
恭喜恭喜！,多谢！
明天睡懒觉,买买买，别忘记了
我去喜茶喝一杯算了，我的手和菠萝有它的思想,佩服
友善换前三个任意,有和谐换友善换吗
还在一起啊，真好，要幸福哦,你也是要幸福
加油哦！看好你们哦,谢谢你哦
圣诞节出去吃个饭,可以有
你终于给了这个问题一个答案,难道我说的没有道理呢
我都等不及要煎煎饼了呢~,快点哈
你眼睛真叼！,因为我饿了
先胖起来,偶不想和您一样的大圆脸啊啊啊啊
来找我,为什么我不是你找我
我来了！！！,哦对了啥
明明演唱会看得都睡着了！！,哈哈哈哈哈哈哈这么真实嘛
土豪,跟土豪有几毛钱关系
约拿情结说的就是我,你咋滴
我也在头疼，堵车，还愁买什么,表示深切同情
敬业福给我，我给你富强福,我也只有一个敬业你有多馀的富强？
电脑热到了，给它吹吹,我也热到了
人机区欢迎你,你带我
你眼好,所以，要是不这么糊，啥牌子我都给你八出来了
这肌肉羡慕不来吃什么长的吖？,全是肥肉
蘸芥末真的好吗？,我们这边都是粘芥末。。我超级喜欢哈哈
祝福,加油！
这种破房子早就该推平了,这破房子你还不一定买得起，装什么装。
爱昆虫的你,我不爱我只是觉得好看
背书有什么技巧？,大声读出来，注意力集中，重要是要理解
下个月更新段位从零开始了,不会吧那这么拼还有什么意义
还没回家啊，还能回家吗,明天就回。今晚打算去嗨一把
想你所想，做你所做，我们永远默默支持你！,说出了重点
也不去看我去，就知道和刚子唠嗑，这可咋整,早去看你过了，你不理我
看来梁静茹给了你很大的勇气hhh,嗯呢~就给了一首情歌的时间
一不小心在路上就碰见软肋~,心里一紧吧不知对方看到没
哇塞，是如何做到和他们近距离拍照的？你是志愿者吗,厉害厉害，我明天也准备去偶遇一下好了！
你弄成功了？我一直失败。。。,用吹风机吹一会儿就好了
看了一晚上的泰国游记口水都要流出来咯心痒痒,没有无线的日子，攻略都看不了
你是游戏掉分了吗？,我是这几天身体不舒服睡不好
哇，高大帅气英俊威猛,小美人儿，啥时回来呀
求问博主拿什么拍的啊，照片好美,啊佳能70D
洛阳是个很美的地方,还看不到。。。深夜
表白。,谢谢早点睡喔
期待小凯你演绎的保庆迫不及待想看啦,铽它
恭喜,好！
求床上锻炼,来吧
我的天，腰好细，我无地自容了,哈哈哈哈，你也可以拥有的
我想知道维尼这梗怎么来的,可能是长得像吧。
为什么只发GD图,最近的只有这套
回去上课了,快了
孙越：老子横躺竖躺都中枪,因为他横躺竖躺都一个样
晚安鱼鱼在诉苦,你要休息啦，这么早
瘦成这样还挑食，你看你弟弟胖的,都给我闭嘴就你们俩聒噪
小条：吓死个人了，今天周末让不让鼠睡懒觉了！,翻译如下：吱吱吱吱吱，吱吱吱吱吱吱吱吱吱吱吱吱！
木木老师新年快乐哦,新年快乐心想事成
饭都看不见，就看到大白菜了,饭在最下面啊啊啊啊啊啊啊。
成都最近查环保馆子基本都关了,我们这叫创建文明城市
你得先回答我，你最喜欢谁,我喜欢吴莫愁哦
怕毛线，高二肯定及格,万一没呢
又一个学热巴扎头发。模仿的,和你家热吧一样的都是模仿呗你怎么那么确定
时装款的鞋，根本不适合平时穿，磨脚磨死,是滴，太难穿了
250斤在向你招手哦,你在说你自己吗
大家知道我的杂货铺在哪里吗,求指教
明星也这么辛苦，自己开车啊,明星也是人啊，明星自己有车很正常啊
头发好茂密,要不是发量还可以，每次梳头洗头我都怀疑我要秃
早安，高洁美丽的白玉兰，构图层次感非常好,早安。谢谢
你们那边的云好奇怪噢,我们这边天空特别好看。。
脸大的有没有人要。,别怕，有我在，脸大谁比得过我
吖，又喝酒啦面哥,不喜欢
仍怜故乡水,不知道怎么形容
坐车五小时，面试三分钟，哈哈,悲伤
早午饭,虽然起的早，但是发的晚啦
用微笑面对每一天加油,嗯嗯好的
你最帅,真的么
决定下半身的生活,太内涵看不懂
越来越迫不及待想看小笙儿了。你唤我，我就在！,在这
爆勃何苦呢，再怎么弄罗马还是那样,别别别别别~
啊啊啊，大晚上放毒,没成想你这么晚还不睡
眉毛不错,第一次眉毛被夸
人很多么现在,恩恩
见你这件事，对我特别重要。,好好吃饭，想见你了
打败你的不是天真，是无邪,到底那家手机好？
小三,别造谣
鸳鸯藤,这名字比较有诗意
可以自己加灯吗。,可以自己加灯，但是不保证效果
浪浪现在一脚可以T死几个人,不知道
问下你的盆哪买的？,一家。
把自己憋绿先,不想绿
我是真的不开心了,姐子我也有点，你不要啊，咱俩不能都这样啊
期待舞蹈嘉嘉,期待节目
偶尔一次，还够不上xx狂的份,一只小强都被你折腾到这个份上了
和太阳肩并肩,好熟悉呀！
早安，你睡醒得很早,呵呵。。刚准备睡
又是这件衣服，这哥一件衣服要穿多久啊，太节约了,你错了。是因为我送的。所以他才一直穿
御馔津搭什么？,雨女花鸟
没有云服务，不用怕照片泄露了，很有安全感,从你这里开始一加就没有给赞了
周末怎么人这么少啊,话说我也觉得，怎么周末人还少些啊？~~
加油加油加油！,谢谢我会努力
反正有印象，下回带我吧,113现在有点火啊
最帅,恩恩
配沙拉与芒果，特别是芒果，真是超级好吃！超级好吃！,这个是好选择
又是一个只撩不娶的套路,哈哈哈哈就撩你
请叫我狼米,还有下次请你记得带我
哥哥我想你,好想念你
愉快的玩耍吧,等你回来
减肥啊,你猜
什么是不撸帝,淡蓝网知道吗？
我去，这个点不睡在干嘛,你3点多在干嘛
发财了等吃饭噜,也是会见竟
小庄同学睡得有点晚啊,睡不着儿啊！！
靓过未生哦,化左妆姐
卖萌。。你给我照的照片喃,别人生病了我会说？
窝囊废一个,东北怂包
你喜欢快手还是抖音？,喜欢谈不上。
哈哈哈，你要不学一下自己开锁,你给我老实点
你想表白，何必到愚人节呢。,被你的脸皮强大到无语
太子妃升职记2？,撒子鬼
我发现你工作好卖力，神回复的节奏，太及时了吧,正好闲着而已啦
魔芋丝热量超级低随便吃,为什么要告诉我
小庆庆，新年快乐！,早点休息阿得手机玩就紧到玩了
弹舌音好难啊,是啊，我完全发不出来，没关系，泰国人能够听得懂的
二师兄，师傅去哪了,必应是盗版的
你的暑假要结束了把。。。,是啊，人生最后一个暑假
华人的农历新年搞不好也会有一波,用压岁钱买
从王家河到千亩湖谁开的车你说你摸着良心说,你开的，你开的
必须支持一波,谢谢你的支持啦！愚人节快乐！
胸大大大大好身材,小到都挤不到中间
牛仔衣和裤子喜欢,裤子是之前的款
这家东西在哪里啊？,丰盛町地下阳光街B1-110铺毗邻艾薯
三场这么多，都是些什么啊,学院的，校的，别的学院的。
我喜欢你嘴角的痣,哈哈
同90后女生表示服气大佬,那你也可以试试看会不会蹲进去
很多年轻人都不想要孩子,都28了，光棍儿，你们看着办吧！
地铁口等你,REally？！！！九点到！哈哈哈哈哈哈
真有人叫过小卡片上的吗？,既然有人发就说明有人叫
月光族硬伤,坚持有多少用多少的原则
想认识你怎么办？,第一个第二个
去凤凰玩啦？,恩啊，就玩了一天，今天早上就走了
有个省钱的方法，你可以选择在胖回去！！,那吃饭也是要钱的呢--
你不要喝低糖的。正常的好喝到爆好吗,奶茶多不健康
百度最无耻了，输入法我只认讯飞,我也一直在用讯飞
哇。亮点在哪里为啥我没看到,口亨
说的你们女人都是好人一样，女表多读书,我们女人咋了以后你别找女的
我觉得这姑娘长的有点像白雪。。。,恩还真是！
喜欢一个有家庭的人多无奈,就算在孤独也不打扰别人的幸福这是原则。
一把吉他，有人要吗。买了就没怎么学，开学寄给你,换什么呢？一直很想学吉他
海鹏老师领衔的是阳春白雪，我们是下里巴人！,没有这么夸张，，想法多罢了
你们那蟑螂会飞？？？,有翅膀！！！
你是VIP吗，为什么觉得你一直在改名字,不能改吗貌似一年可以改一次？
进步的速度不同就会越差越多,很有道理呀你又又又又真理了
我。我，争取明天记得种,加油今天记得种哦
别被骗了，退押金不收1分钱，找我们工作人员！,真的？
裤子请问是哪家的？,裤子老款
自己画的林更新，喜欢的赞一个,赞！
你吗？,像吗
你还有暑假？这不科学~~~,我没暑假，我学弟有暑假~这不是坑爹么~
人家不愿意让你背,心烦哇你
哈哈满日七月半啊洁婷姐,不懂。。
917不要羡慕我,不羡慕，也就比我迟两天
我不要你走开,你走开
哥哥你才25岁吗？,看起来很老么
贵工作室真是好手段哇。。。。。,多亏你们省了一大笔宣传费。
头发又剪啦，,是滴
宝贝你真调皮,杭州好玩么，我都在长沙玩十天了，今儿回武汉
养只大动物把它吃掉好不好？,崇拜
保佑我找到五个以上的帅哥，嘻嘻,24K纯帅是吧
今天是吃排骨,也是我的爱
春娇与志明,嗯，喜欢
我吃醋了,心宽一点嘛，我还是很爱你的
听说你打什么都贼6，是真的么,没有什么我不会玩的
哎呀你真的好美好美啊,哎呀你不知道我是p图圣手吗
解放了！？！,党课考试
济南人真友善,哈哈哈哈哈对比如你
海之魂啊哈哈，我也去过,校友你好
我总感觉北方人的菜比南方人的菜硬，又下饭又好吃,北方除了鲁菜，还有叫菜的食品么
颜料护手霜哪个味道好闻啊,哈瓦那！
偶遇帅哥了,你猜
暴露狂我报警了,抓也先抓您啊！您都资深暴露狂了
你喜欢吃甜的啊,还好吧
等我们、我还有一天,么么妹子加油好好考
晚安咯,晚安晚安
我一早在那潜伏等着你,居然潜伏在那里，埋伏我，太可怕了
言承旭是丑,就是！！！！
来去终有时,嗯！
怎么破好喜欢那条裙子胯部大能不能穿,同胯大族
一竿子打死师生恋吗,是的。
橘子，你弄啥来，橘子吃多了,捞一把
s8降价了嘛,好像没降
别读书了吧,凭什么你说不读就不读
学姐咋了,恩，周一好
我去。穿婚纱啥感觉啊啊啊啊啊啊啊啊,感觉就是，我好像变了个人
我果断没到试婚年龄~~木有母爱~~,狗狗而已，要你多少母爱
再遇见个妹子，大学就完美了！,遇见了又如何？
不管怎么样我就喜欢梁静茹这种护犊子的性格,后并且并没有觉得不好，哈哈
推荐一楼兰芳园奶茶个人最爱金牌鸳鸯,改天试试
我男朋友怕是我跳上去的一瞬间他得跪在地上,啊哈哈哈哈哈
强迫症，好想把你眉毛掰直,睫毛弯弯眼睛眨眨
你怎么就回来了？？？？？,吃点好的
你好烦,哈，哈哈哈哈可爱，
早安。,早安
素颜更美,分情况，出来旅行拍照还是有点淡妆比较上镜
小米的3D玻璃比苹果玻璃的硬度高,小米手机一翘后盖就碎了我阿姨的就是这样
如果当初我们忍住做朋友是不是会更长久一些,是啊
我喜欢看你的大白腿,。。。。。。。。。腿照很多哦
导演还不让你们出去潇洒，真是的，让不让光棍活了,他不一定是光棍但导演一定是
我是会员,明明不是会员？？？？
逛超市有创意,就想想，可是懒得动
男朋友你好,女朋友你真美
念念不忘，必有回响,回个屁
今天，会是不一样的一天吗？,希望是
214看电影吗,你为什么要跟老处作对
不怕小萨掉毛？！,偶尔一次没事
男朋友吗？,不是！！！
老师，想跟您学画画，怎么报名,目前满了，不收了
车还在？姑娘生活在好地方啊,哎哟
叔叔没休息的时候,为何？钱是找不完的。
真想给个手刀劈一下,我自己来！
为毛不祝我啊,你还有啥好祝的了？做人要知足
还没起床,醒了还不赶紧起！
好好休息,又要开始忙啦
宝宝，别急着哭，以后还有几十年呢,哪里哭了
早安，花花！今天穿秋裤没？,这么热不用穿
济南竟然开了宜家啦,嗯嗯还挺大的
为你祈福,别想了哦
感觉泡总，有点寂寞了啊。,哪有套套哥寂寞哦出国的人肿么办
你这个发型看得我好冷哟,我觉得丸子头也好看哈哈哈哈哈哈
跑回去找前任了毕竟她们谈了2年付出的感情更多吧,那就让他走。
干嘛要一直这么可爱我天天都要化没有了,哈哈哈哈我的错
为什么大家都转发呢？,不知道呀
光着的你最美,不你最美
我是在睡觉的时候突然来电话接电话心突突突,我是铃声不暴躁我起不来暴躁了我还害怕。。。
还没放假啊？,20号才放
太多钱了才会忘,比谁都缺钱。只是脑子不好使老忘记东西
还和孙杨拥抱呢！,对我以为她已经知道了
我的肚子越来越,瘦啦哈哈
哇来我这里送外卖啊给小费,我也好喜欢的
一句话：不像好人,对啊，都不符合我阳光可爱的正太形象。
1795的女汉子飘过,174的我
饿了,去吃虾子呀，
点个赞,是不是亲弟弟！！！
小仙女这个不错诶！,可以买哟
摘掉眼镜试试看,那岂不是美呆了，就不放了
搓澡好舒服！,是呀
死泼妇！我在复习呢,哼哼不给复习了！！你会没精神的！！
早安！！！下夜班要睡觉了！！！,辛苦辛苦~
你的脸变肥了,你想得太简单了不仅仅是脸
帅气,嗯嗯
我想有个家,我在哪，你的家就在哪！
啊哈哈哈哈哈哈哈蚂蚁花的蚂蚁还,蚂蚁跑了
哥带你,玩几下就不玩
默默关注你，男神,你才是！几时回来打球咧？
抱抱我媳妇儿，明天来，相公带你溜达！,电影超级好看！
养狗了啊,嗯捡的
哪有！鱼都是你吃的~,是你们不吃而已啊！！！我牺牲小我为大家啊！！
看什么看得流口水,你还不懂吗！
冬瓜超级美,你也美！！
你是最棒的美,你也好看
真到深秋了,嗯嗯，都入冬了
是不是可以找你代购,买啥我给你看看
冷死了，只有小雪，没有积雪,新馀不是有吗
自己画的林更新，喜欢的赞一个,牛气
今晚星星可多了,不，沭阳天上没几个
你给我的章我还在珍藏,我给你刻过？我怎么不记得我给你的？
有啥明星阿,都是学生，其实重点是大家都好激动的表白~
老师，请你讲课声音大一点,在努力放大
萌新：我才三岁,哈哈哈哈哈这个很可以！
你很优秀，这个节目很无聊，下次不要参加了。,无聊吗？为啥？
在哪里在哪里,看头像看头像
居然说各种，还不睡觉？在外面啊？,在带军训呢，还没结束
你好，我们也要去额济纳，312省道可以走吗？,可以走，我们来的时候走的那里。
施老板一号才回来你不知道？,施老板去哪里了？
韩庚真是万年背锅,真的每期被黑
明天傍晚电影走起啊，还有琳琳。,好啊看啥天台？
你做清明梦才是奇人,清明梦只做过一次
我快饿死了，喂我,自己
手套满分,关注点那么怪的吗
香米茶味道真的很奇妙！,连点两杯
后脚跟如果磨脚拿吹风机吹一会就不磨了很有效的,好的等我要穿的时候试试是每次穿都要吹吗
贼好看,你是贼
生气！,？肿么了？
祝福一个,期待你的
你很像我们音乐老师诶~~,我？
剪刘海你不找我,我已经深刻的意识到了自己的错误并付出了沉痛的代价
再看看我家的猪,反手给我猪来一把杀猪刀
注意休息吧你,想你
每天都有西瓜,我最爱西瓜~
请问知道明天比什么吗？？,上午小团赛晚上全能
你们也一天6餐了啊,将吃货精神发扬光大
希望大家发表自己的看法！我先赞成一下,欢迎大家发表看法
你也在张槎,是茶坑
你穿格子衬衫确实是很迷人的,能得到你的称赞，喜悦。
你这么发型真的好爱,去剪去剪哈哈哈
你想谁留言看看你,你猜
最喜欢陶喆老师唱的流沙，满满的回忆啊,他的歌很好听，加油
这衣服圆满了,你懂得
猫头鹰，说的像:亚麻得,压猫子
就爱吃狗粮,可是我只有猫粮
要坚决,坚决不了心找不到答案
你到家了吗？新年快乐！,到家了！新年快乐！
祝身体健康哦,谢谢！我自己没有生病，去看人的。
带上漂亮衣服美美美就够啦,为自己的体重担心
这么漂亮有男朋友吗,男朋友暂时没有女朋友很多
你们城里人真会玩。我后天去南京看孟非,吃面还是看非诚啊
我晚你半小时而已,忙碌的人儿哟！！！
落寞啥别想他了，要玩就放开一切去玩,好的尽情玩了莪
拿到远洋过来的明信片那刻感觉最棒了,表示赞同！
校内网！,妥妥的现在都忘记密码了。。。
我喜欢大理宽阔的马路。。。,城里？
来蓬莱吧,来呢来呢
春心季动,老啦，哪还有春心、
有益健康,身体倍儿棒
以后睡觉要敲晕了,敲晕了你要负责敲醒啊
吴磊也脱单他还没结婚，哈哈哈,哈哈哈哈哈哈哈可怜
照顾好自己,嘤嘤嘤大宝你也是
我是将会孤独终老的158吗,孤独终老
法学论文有想法了吗？我连老师都还没联系呢。,哈哈我终于定题目了快联系老师啊都要开题了
4999？要我就上灵耀，小米散热,这款散热挺好
国考么。加油咯。,嗯嗯不过国考压力太大主要还是省考啦
胖哥，钱即使归你，你还是要拿出来请客吃掉滴,那倒也是啊！哈哈~~~
我都还没回去你们都去,你还在么？
没坐过330更没坐过冻航,以后有机会
我不是你的最爱了么,是啊不要怀疑我对你的爱
我的天你最近高产似那啥，每一幅都好看死了,美滋滋了！
我的男朋友在哪儿,我不是在这儿嘛
再过一段时间久无得理架啦~,你以为
我也爱你周六见,周六见
我为啥哪哪都跟你一样由内而外,然而你可以出去玩我却只能躺尸
这眉毛可爱,那我再刮两道去
这个好美墨墨姑娘棒,谢谢
妹子你的化妆品和护肤品这些一般在哪买,代购还有自己去玩时买
你赢了！小哥哥你一点都不阔耐了！！,我是帅气好吗
想和你一起，你打游戏我看剧，好不好？,好啊
本来我刚吃完小馄炖很满足的,妳就想我也有很多吃小馄吞的日子，不就可以啦
酒喝掉了嘛,喝啦喝啦
总胃疼,哈哈牙疼
是不是又失眠了,对那昨天两点多
消消火,额头上好多痘痘
懂事孝顺的女儿！,谢谢！
晚安宝宝,晚安！
这鸡汤我喝。,嗯。很到位
来啦,快乐
老公好帅！！,鄙视。
又瘦了小嘚瑟,被夸超开心
穿成这样上山就不拍有蛇吗,六七岁的时候就会抓蛇去吓同班同学了
易烊千玺,我们家易烊千玺
不要太担心，蓝光照照四五天就可以出院了！,昨天照了一天还是280，照还是没降，好担心
军装，不容亵渎！,你懂个屁
你弟好善良,所以我更加惭愧
游泳着凉了,在路上凉着了
哈哈哈哈哈要是有小红帽那么高的革命觉悟就好了,小红帽是个啥
考完了考完了小宝贝你要加油,我也考完啦
阿迪粑粑我又来啦,你好啊
K546怎么没了！！求大神帮忙！！,K546不属于这次调图的范围，只是还没放票而已，放心
年费还可以改,次数用完了
飞行员真太帅了,在我心里你最帅
哥这儿有旧衣服拿去撸,去拿衣服？
我在咸宁泡温泉叫梦蝶泉,哈哈咸宁温泉怎么样啊我现在在去机场的路上
每次看你拍的结婚照我都想我结婚的时候一定要约你,好呀
占座了还文明什么,去个图书馆还没坐下就回来了。
头发超好看啦人更好看啦嘻嘻嘻,这是卷的最满意的一次了
芦笋清炒少许盐好好吃女神的笋为什么扒皮呢,外皮很老的！
恭喜恭喜,谢谢哦！
一旦想通，真的觉得超级轻松,轻松加愉快
为啥没有想我,你一直在我的里啊因为
潇洒是你潇洒,肿着个脸来滑的
你好久回学校,明天
可以苦恼一下子,只能一下下
刚提起你的兴趣就戛然而止了,总是这样的
记得吃饺子,中午食堂做啦
你们都好早。我又没抢到,我也没怎么抢到
口红好看！,501呀
勤奋啊,劳动创造美好未来
约什么,饭。还能约什么
我会煮饺子,我也会
你现在多少斤了,110多斤吧
我觉得美宝莲挺好的我一直用那个蓝胖子,我不行我用了黄胖子结块
多吃多长肉,哈哈
太幸福了啦,还好啦
即将开往福州,来福州嗨了？
花甲这种好东西你都敢错过？,我不该以貌取甲的
你家才来啊，不会冻到小熙哥吧。,不都1号么
又校庆啦,是滴
为什么不叫我！,因为我今天要上班班
船正不正经不知道，人肯定不正经,人最正经！
牛奶一泡就是糊糊,明天用热牛奶泡试试，两个同时加热糊的厉害
小青拧欠我一顿好吃的,记着呢。哈哈
一起呀，晚安，搂着你睡,嘻嘻
刚到宿舍了？,就上午10点样子
明天我也到丽江,希望明天出太阳不要下雨了，
关注我就好,一直在关注呀~
北方人都喜欢吃什么菜,土豆茄子豆角因家而异吧
景色真美你敢跳起来不,我一般都是开得飞行模式
黑山老妖,幸好一会儿
你们老用剩的馅儿做，能好吃么。。,那东西馅儿大皮儿大，没有饺子精致
节日快乐,节日快乐！好久未见，还好吗？
杯子是在哪里买的？,在店里喝的，不知道市场上卖的有这种不
所以你到底什么时候来拿包,吕叔叔手里拎的那个吗？
女朋友。。几个意思。。不怕我吃醋,我有好多女朋友呢啊
自己打碎的不是应该自己去捡吗？？？,没问题，但问题是没有几个能做到
秦皇岛不错，多逛逛，欢迎，欢迎,谢谢有机会还会再去的
你家有工人好有钱啊,没有。
有男橙的，我有碰到过的,我也碰到过，我和他还聊过呢
光看霍思燕是完全看不出居然是孩子妈妈,保养很好
我自己还没有店铺,好的哟谢谢
手整体还是好看的！除了指甲,指甲可以变好看
我爱不真实的自己,蒙蔽了自己的双眼
你有我当年的风范,嗯，我想到了。
新的一天,暑期什么课程啊
谢谢亲爱的,知道是男宝还是女宝了吗
所以说认识我之后就不是好学生了，是么？,不算什么好学生。
为啥不带套,现在戴着呢
去上课了马上,心疼你
努力生活，会发光，晚安,你也是的！晚安吖
看见我们家a宝小时候了好亲,哈哈哈哈哈哈很可爱呀
与易烊千玺一起祈福平安,正能量
你今天还没谢谢我,谢谢你
噗道长我咋觉得我加了你以后就没见过你上线嘞,我叫青玄
美不盛收,午安愉快
在哪里,我也想知道
一起怀挺~,嗯嗯，咬牙坚持
任姐结局就是我雯上去了你的仇恨也拉到位啦,那我要低调一点
我只看到了拉手环节,避重就轻。
你还在想吃啥吗,想那个他
喜欢这一对周扬青性格真的蛮好,重点是默默低调行善多年！
求问什么节目！谢谢！！,一路上有你
越来越美，生日快乐！,谢谢！咱们一起变美！
多多喝热水努力培养睡意,嗯嗯，准备睡了
摘心再摘心，数次打顶。,一般从几片叶子开始摘啊？
易烊千玺,易烊千玺就是他
要不一起来，我正在取经,我天天忙学校的事都没空准备考试
歌萝路过一下,琴萝萝小葱
你想干嘛,我想配个溶液，我能干嘛，我超爱惜生命的
现在肚子还不舒服今天可以就吃这一顿了,同感
真好晚安,晚安
你可以开店了,没想过
你又爱上了谁？,你啊，一直爱你啊
我想吃醪糟,我们应该一人一拼的
过年了就别地域黑了（河南不算）,败类
沃尔沃xc90吧，又稳又安全,买不起90，60怎么样
撩妹被单身狗看到了,并没有
中过毒,水土不服就服你
哪个系的才是帅哥啊？,我咋知道呢。服设吧，学设计的多奇葩
弄个漂流瓶喊两句扔了,好主意~
想到豆先生。,对对，憨豆先生
郑恺最帅没人反对吧,没人反对绝对
你好好学习没？,我有好好学习的哈朱老师
买门送瓷砖！买瓷砖送毛衣！,买毛衣送我自己！
苦的令人发指！,品品，挺香的。忘了告诉你顺便买点方糖了
世间少有的美少女,你才是啦
包邮就要,哦了
有一种特别好喝香芋还是什么的也没有的卖了,还有香芋的呀，这么高级。
你太三俗，我从来没跟人聊天这么三俗,我没有说很俗的词儿啊
今天这个大赞,嘿嘿，有没有感觉好像年轻了
脑热做了什么,什么都没做
地都不舍得扫一下的,桌不擦地不扫碗不收
我实行盯二叔战法,那你要保证二叔亏的时候你不能比我亏的还要多就行
第十二年，我们同在,同在
骂秦文进。可破,骂也不解气要不动手吧
成家班火星！,这么冷门的角色你都知道！
怎么了单身,跑1500
因为有爱才会伤感,这个不是我写的！！
你知道拥抱过后又会有什么，不知道。,啊很难受了
恋爱了,一个和鱼得利有染的女人
第二张！！！！,哈哈哈怎么呢
不知道说什么，怕被骂,没错我也是
但是我觉得朴树是艺术家啊,我们的老艺术家
祝福,谢啦，
有时间来唐山玩暑假,谢谢哥哥！有机会一定去！
腿好美,你也美
吃太饱了中午不午休咯一会儿还有同事来,怎么就吃不胖你呢。
这种天气发烧感觉会很不好哇,吹空调吹的。
你是不是要考雅思了啊？,拖到现在还没报名
想知道熊一口能吃多少,大概这么大！
什么时候去新疆喊我！,9月啊，不过我不玩多久，就4，5天
我错过了什么！,快去看！
毛不易被你们宠得拍照技术一家比一家强都不用减肥了,没有推脸我发誓！
早啊，没睡够,永远睡不够
你想吃啥,啥都想吃
快跑，教练来啦,不要紧，教练那么菜
我怎么觉得茉莉长得跟你很像,震惊！
第二段彩蛋里出现的小孩么,不是啊
刚看见你本人照片了,然后
我要滑死你们这些小雪雪,失算了
卖书，毛概真的有人买吗,没有人买的
乖，不要哭，明晚再睡过,越想睡越精神
都在猜有什么大事发生,你信吗
一个大写的服！我去洗眼睛了！再见！,真的辣眼睛啊
现在这个季节的油菜花真漂亮,是呀太漂亮勒万物生长的季节
早上的空气好好,暴雨天的空气都很好！
想抓你的球昨晚为什么不戴！,昨晚那么热带个屁
生日快乐哦,谢谢啦么么
又地震了？,是啊，无语了
师兄是法融入心了，我们一起努力，感恩师兄鼓励。,法没融入心，是分别念融入心了
大理和丽江就特别适合你这种文艺青年,我是装的文艺青年哈哈
女朋友说啥都是对的,是的
系啊好开心噶开心死啦可以开心好耐,随风飘扬~
弄个帘子？睡觉时把布掖在褥子下？,有蚊帐
没看到冰,化了
割舍不了的情结,知道为什么？
这景好适合拍衣服,关键没有
你们想吃什么？,火锅冰淇淋
上帝欲让其灭亡，必先让其膨胀。,必先让其疯狂
情人节、有情人的节,我一个人过
恒大冰泉给你多少钱，我娃哈哈给你两倍,哇哈哈是人喝的吗
我也不想走！还让我去干活！我想在家呆着,心累
你也是时候考虑一下公布恋情了。,花花不让说
恋耐了,还没恋哪来的耐啊~
我每天过的很开心,开心就好，很羡慕你啊。我就没有你那么坦荡
我怎么找不到,没有就刷新，不是每次都有哦
沉迷于电影,所以彩虹尾拖怎么得
我很开心你有了新手套,哎嘛低调低调
能推荐几片好科幻片吗,你看了啊
肉了就没人抢了胸还大了，多好,胸哪大了？
学我笑的嘴型,学你学你啥都学你
我请你吃，哥专业吃羊腰子,你到底哪天请我歹大腰子
等飞机无聊，吃多了,肉少差评
小诺诺怎么了呀,大黄黄
表弟哈哈，来保定当兵了,哇哦。离你近不
你回来了？,恩周五我晚上回来的赶周六日训练
决定是否接受求婚,想得美噢
我就想知道分手多长时间能缓过来,如果是初恋感觉一辈子都忘不了
真是秒。我准备二战，换了专业之后跟你同专业。,我国贸。。。
不要伤心，我们有空回来看你，可惜他又要走了,他是谁？
都累出尖下巴了,一会儿有一会儿没有
你现在做什么工作啊,早教课程顾问
扑倒嘴巴上，脸上。烦死了,啧啧啧，走路话都不敢说
蛇肉很好吃啊。你们怎么吃？,汤我就吃了一块
你不是爱用狄仁杰吗,我这样的王者怎么可能只会一个英雄
秀恩爱,你羡慕嫉妒啊，哈哈哈
你手啥时候变这么纤细啦,蓝色才是我的。。。
到处逛,回厦门哇
别人家的老公从来不会让我失望,是这样没错的
小米手环不可以充电了？怎么办,不要乱弄，会影响保修的。赶紧给客服打电话。
没有高音没关系，希希，请来一段吟唱，我给你跪了,最爱他的吟唱了！！
听了一圈你的新专，还是最喜欢蓝色降落伞,每首都喜欢啦
我作证波波你的肚子真不是一般大！！！,好像你体会过似的！
右边这个妹子是谁,是老子
你不是都不挂科的吗？,今年好怕怕。
哈哈！酒喝完了么？,哪敢喝，怕有玻璃碎渣。留着做红酒牛腩吧
教育工作者和谁能搭伙？,哈哈哈哈哈笑死了
辛苦了姐姐,我们一样，加油加油
赞！,我也赞
犬类的傲娇者,你在说我吗？
你出汗好多呀，是不是感冒发烧了？多保重啊猪。,那是人家跑步的香汗好不
去澳门啦,是啊
求带，求带求带,我很坑的
幸福。把每天都当世界末日地过。,那还是达不到的境界
俺嫂子也在庆家现在？,没呢，还没去
不敢上厕所，哭,别怕啦现在还是冬天蛇还在冬眠~
天天讲方言，我表示听半天才听懂,还是不要听懂，不然会被同化滴
不错不错，德国今年穿绿色，晚上英法看不噢？,白色啊，我今天去还看到德国球衣了，看啊。
工作证是石头捡到的怎么在你手里了。,哈哈哈哈然后我遇到石头了
净化广场，又来听一遍我伦的歌,百听不厌
你长大了,都是虾的教导有方~！
我每次做梦醒来都要回想很长时间我梦里干了什么,那你睡眠质量好
我真不想她放弃我,失去一个人，最好的办法就是留住她
国外还真没看到杨梅,厉害了
让你出去乱逛,周黑鸭简直太美味了
我也想见老周,你咋看出来是老周的？？
福州没有神舟旗舰店,可以网上购买哟~
我记得你好像是大三才过6级的吧,是的，你明天加油啊！过了请吃饭
你一定会快乐的,嗯，希望
你太可爱了,哈哈哈热热热
你是光头？,秃头
黑白的你很好看,哈哈哈撒子对话多发点嘛
小静静有我的礼物吗？,哈哈你猜
夜太美今晚太危险,为什么
哇你要回来啦,嗯呆几天吃烤肉
你高三了,还静不下心哈哈哈
易烊千玺新一代小明,很棒的公益明星
撞警车要遭加星星通缉,就是
都二十老几了开学还是难过得像小学生,就这方面保养的这么好
年画宝宝长大啦,长大了长大了
用手机验证码登录啊好笨哦,你才笨，需要密码啦
邪恶的马,被你发现了
去稻城是跟团还是自由行啊,自由行
大衣大衣在哪买的乖乖,是件类似风衣那种哈，上次回杭州买的了。。
你们在七楼？？,四楼
来也匆匆去也匆匆,就让它随风消散吧
生日快乐啊大帅哥,谢谢
晚上吃那么多冻得，肚子啊。。。。,还真就。。:)
神马电影？不2神探？,嗯哼
拍图修图的精致程度体现了你爱的程度,我没有修图这一波直出
有车了而且在长沙也没见你带我去兜风？,一直不知道你在长沙啊
快到床上来,是让我做梦旅行吧
有人追你吗,哥哥你是在跟我大佬开玩笑吗
来约GTA5,你买了？我还没买
老婆,老公。好好保护眼睛。
你回家了？,主任，我怎么敢下午的车
周末快乐。。。今天天气太适合骑游了,是滴，风景很不错滴。
我在办公室哈哈你咋还不出来,我才写到第六篇，还有三篇
晚安,困困
活该看你累我特别高兴,您教导的好
今日流口水滴！！,今日骂你，滴！
谁给你的自信？,凉了两天了，总得有点儿自信鼓舞一下自己吧。
喜欢肥肥的猫，你的猫要加点伙食,我喜欢匀称的
整点紫菜虾米泡包海鲜味儿的，奢侈一把,对哦，我还可以买得起海带和紫菜。
新年快乐,新年快乐身体健康万事如意越来越帅
开个车当开飞机样冲上云霄,网上说我们雾霾才149你们信？
芈月传拿了6000多万酬劳吧,比我们几辈子挣的都多
工作顺心也可以吐槽,吐槽啥工作顺心，两天了一工作就心塞
病友,起码持续有一个月了。。
这就是世界的奇妙之处,这也太奇妙
花木兰要毁了毁了,怕不是人家要转型咯？
谁又要被踢！？,杂志公然排挤我家那位
晓得我们好不容易了吧？休息了那么久你就知足吧！,昨天查的如何？
走远,哈？
怎么攀啊？我的孩子还有2年，你等我哈,没问题
山东还有糁也特别好喝，有机会了解一下,去过一家挺火的店，我觉得味道不错
哈哈哈哈哈哈哈昏达混达太可爱啦,嘿嘿
多愁善感之人，必有故事,也可能是事故
我家迷妹最萌啦,我的小胖手
欢迎回国！,谢谢哥
有关必回，有故事的来,关注了
随便揪揪,事实上我真的是这么做的
我们乡下，还可以体验打谷子噢！送粪桶噢！,再送个粪瓢凑一套撒
志国比我大四岁，今年二十二,应该是志国比我达四岁
早安七夕快乐,午安
反恐特战队警察锅哥,我也是
学地理的你都看不懂吗,不懂啊，是个啥
柒柒同款材刀,你的吗？
开学请吃喜糖,结婚请吃喜糖哈哈哈
喜欢大冰,嗯嗯，我也喜欢
你好美来晚了,恩，来晚了哈，你们穿的好好看！！
归心似箭了~！,什么时候放假
这种风气什么时候能改变，又不是封建社会,抓住版版。
宝贝晚安呦,晚安么么
雪太大憋家里了,走，出去打雪仗去吧
困死了你咋还不睡？,这就睡的，你困了就快睡吧
来潍坊了,嗯呢，昨天去泰华玩了一圈
卖假货都这么有底气了？,我不说话谁卖假货谁心里清楚就好啦
要要要，宝贝是个贪心鬼，明天后天故事取消哇哈哈哈,你敢？？？？？
雪碧喝多了,我喝的是西北风
喜欢那只大嵩鼠,是我啊
我请你吃,好的呀！等你考完
再不回来我要走了！,二号回周末回来相见好吗
狗狗眼睛好呆萌~,天然呆的
晚上吃什么好的？,减肥啦，随便吃点，留着肚子给明天
一个烤箱也是一只烤鸡失败的另一半。,哈哈哈哈哈哈，是的！
哥在曼谷祝你早日康复，早日能够麻起来,好动力。
兴奋第一次看真的杨桃树,爱我吗？
今天准备怎么过呀,宿舍
快到碗里来,你要吃吗
白色佳能是EOS100D吗？好用吗？,好用，拍的照片成像不错
麻烦你快递二两韩国海水给我，我要洗头,再给你寄一瓶鱼子酱洗发液吧不用谢
烧猪,上次回学校过了，你不在！
回你贫民窟的宿舍去,就不回，回家才能舒坦一段，过两天又要去搬砖了。
为减肥也拼了,哈哈，是啊，这两天腿都是疼的，走路都走不快，
蓝到素两个屡人和一根黄瓜的故事？,你讲话跟你老婆越来越像了啊。。。
有蟑螂可以叫花花打,花花会很乐意的
你个文艺青年应该可接受范围很广才对的啊！,干那有说文艺就是重口味哒~~
变猴子过猴年了,其实并没有
你去哪？,去绵阳领建军币
我最喜欢的小龙虾,来吧，这家小店20号关门。。。龙虾季节要过去了
你请客我都来,那你来卅
同款理肤泉，一看到照片都立马想起搓泥的痛,是的了也用过这款搓泥到怀疑人生
每次发照骗，敢不敢骗出级别来,啥子级别
串串测评小达人书院巷好像还有一家宽窄巷子呢,乐购也有这家！！！
熊孩子居然种花，这花能活多少天啊,会有果子
我也睡不着,今晚你们都打鸡血了吗！！！！
666膝盖给大佬！,怎么就大佬了
你们的椅子不错啊,临时的旋转椅
有些人不是不喜欢我的图？,反面教材
说好减肥晚上又吃了好多,一样一样的
你接到了！！！！果然在机场工作好赞啊啊啊,上班累死了好吗
人不如猪,猪不如你
问好！,好久没看见你的毛腿了。
嗯！好久不见,明明前段时间还回了我朋友圈，嘿嘿
鹿晗我跟你说哈，我。喜。欢。你,开心
我们已经下了一个春天兼夏天了。。,诶，悲剧的江浙沪
二哥我想戴裕哥了,我也想Y了，改天你去长春咱聚聚啊
闫总，我们不跟基佬玩,不玩
大姨妈被掐人中你人真好,妹子晕过去了，我们束手无策，那位大姐就把她掐醒了
你现在还喜欢我吗？,喜欢吧，但我会爱上别人
真的好奇北方的蟑螂一般多大,北方的表示根本没见过蟑螂
啊，不喜欢女孩子跟人说话的时候一直在弄头发,对觉得这个动作很做作
好长。。。。师姐辛苦了,做完以后你们能用
来重庆嗨起,你收留我
我会选择做一只狗、哪怕是去流浪,好么。不至于的吧
地址在哪里在哪里可以买到,购物中心里的店
新年快乐宝贝儿！,鸡年大吉宝贝儿等你暑假回来
我可以给你捐几把刀片,要是你没关注我然后手机振动，我现在已经睡着了
知道你对我的爱,明明是你爱我。三八节出来耍
关注点了，赞点了，就等着开奖吧。,等着
妹的！早知就等埋个雪糕然后先去上课！,我不会告诉你你还错过了棉花糖。
食物,楼上是正解，你很皮
这么多年完结了吗？！求回复一下,恩已经完结好久了，不久肯定就预售了
你咋又剪头发,短发贼好打理
熊神，我想听小幸运,我也要听
也不知道小老鼠怎么样了,人各有命富贵在天
下回喊你一起嘛！！！今天又赢了,享受了哈垃圾时间。。。
食欲无时无刻不凶残,馋鬼
最讨厌一大堆句号,挂在高数上
已经秋天了宝宝,台北36度今天
水灵水灵的大眼睛，要骨头声音嘎嘣脆。,你那是看得有多熟悉了
不要拿钱试女人不要拿女人试男人,眼熟
你最近很活跃啊,哈哈，放假了就出来逛逛
四年逛一次海澜之家男人的衣柜,谁？？
三个人都给我打打了我该选谁,要和我抢人么
秀一脸,真的是
林之汉传奇--,林之汉是什么
校长，你真是太棒了,话粗理不粗
去哪里玩？,厦门
像我这么会做菜的女人都没人要，天理何在啊,跟我吧
晚安,晚安，希望我们熬夜修仙皮肤还是很好
不敢夸你可爱怕被赞到明年,那怕啥
牛牛登了奶教练的好，他心态炸了,不小心不小心
看不到你更新我总感觉缺了点什么,现在更，更年期
但是喜欢一个不喜欢自己的人太难受了,难受
花花买什么啦,买了一大堆吃的
熊猫眼,哈哈，你吗？
不要问为什么！有钱任性！,点在辣里呢
垃圾人就是垃圾人别在意说明演技到位。,一群垃圾人要出来反驳你了
还是喜欢在学校每次面对无知的未来总是彷徨,但跨进社会是必然的，在学校的时光真的应该好好珍惜
不不不是缺一个蓝盆友,请问这张是哪部戏里的？
睡着了就不饿了,最后眼困过头睡着了
油油怎么减肥啊,管住嘴迈开腿哈哈
社会一哥,社会乱不乱
您经常干这事儿，习惯习惯,一年总得有好几次！
挺大个男的叭叭发这么多矫情个鬼啊你快来带我打游戏,你太笨了
保持好休息,躺着鼻子堵着还冒汗我都睡不着
最后一次失眠还是其他？？？？,最后一次这晚睡
我想要凶猛的食欲,如果可以我打包送你
看心情,因为她说的我们班的一群人
去喜欢别人,哪有那么容易喜欢一个人
。哟师傅好人气~,好福气吧你想说--
我觉得我可以开一下车,啥？？？这也能开车？！？
长肉了？,完全停止不了的长
我们这边连续下雨,哎注意保暖！
看饿了！,你还是赶紧睡吧，多休息，睡着了就不饿了
打个招呼,木有。。
你心情不好了？,没有没有
天仙真不是白叫的,啊哈哈哈哈
按时吃饭,你真觉得我还不够重嘛
总有大雨也不能抹去的泪痕,好听死了
我也想睡觉,晚上睡
晚上好,有机会一起吃饭
胡萝卜丝太粗啦！,不粗会成泥的
睡觉,天天都是睡
校长，为什么不在京东买，我也想被打广告,我看你是想被打
你坐哪呢？咋不见了？,我在二人世界那
死啦死啦：令尊有意思，令尊太有意思了,郝兽医:我是伤心死的
我有一个ddr3的金士顿的需要么,4的一条因为我卡槽坏了一个我得买个8的
大神、给我玩玩你的号~。,不借
你是猪妖,小破孩，气死我啊要
瞬间都不敢上前搭讪了,你已经搭讪了
仰望,五年前就是128不过那时候左脑发达
随便随便随便随便,聪明
不戴眼镜咋脸还瘦一圈,何止是瘦了一圈！
星光熠熠,群星璀璨
下次跟我去吧带个相机,一起去旅行
生日快乐,不是我
啊啊啊啊啊我也想去重庆的,下次你去了就能问我了！
我都还关着灯的,没转过来，说得让我能理解点儿
什么时候找我玩啊,我在家考驾照呢
你是医生？,还是整形的哦，亲。惊讶吗
想看全身！！美叮是连衣裙吗,半身裙下面
我以为流量满满的,流量是挺满
所以还是给你点个赞吧,你这样是找事啊
这么热的天出去浪啊,再热也阻挡不了去浪的脚步
你越来越年轻啊,这话说的
给你抱抱,嗯呢
乖乖去上班,不情愿的来了
什么频道在放巴啦啦小魔仙，我要去看,找到了家人，你好
一句话暴露年龄系列,泥垢了
在理工科学校的我也没给我送伞的,有男朋友的不准说话
我吃了包谷和鸡腿啊,包谷和鸡腿毕竟不是米不信你就等着看吧
莫气莫气，他想作也得有机会呀你就当他是嫉妒好了,哈哈哈好滴
情侣t啊,哪有，胡说
尘都霾，正宗霾,哎~今天很严重哦！
我还办了读者卡呢，冬天一杯热咖一本书我能待一天,没游戏我真不行，是在下输了
你骑着曾经带着我的车带着别的男人,但我心永远属于你
我怎么办,你还在我的心里
在哪里,青石街
啊哈哈哈晓伟真的老了,这么紧绷了哪老了
都好久没见过钱了,满足你的愿望
哈哈哈，来女生宿舍洗吧,进不去
你先解决签证吧,解决不了了
我明天去看天台,好看
身为星巴克的人，你竟然去咖啡陪你,怎么了？你还不乐意？
我满眼只有蛋糕,我也是
好，晚安。,午安
地铁里打王者,信号特好
有对象了？,木有
六点就起床了,这么早哇
不哭不哭，来抱一个,要那种超温暖的大抱抱
不听你说什么,无耻
你的高跟鞋没陷到泥里去吗,哈哈，这个就是粗跟的优势了
这样开车很危险,我明明是在坐车嘛
我还在上课,不是吧，可怜的孩子，都什么时候了啊
要和小螃蟹一起好好做朋友喔,可以发我吗！
你等着，我今晚就到学校了，给我派个专车接我,来吧，高铁20分钟，不耽误吃晚饭
我不是闰土，我是那个,西瓜~好吧~小心遭猹
你需要爱情,别和我说话
喂你好，长得那么美，是不是你拐走了我的蛙儿子？,哈哈哈哈用四个野男人换你的儿子
淄博打卡,来了
时间会冲淡一切，这是真理,是啊，这么多年了，该淡化了
你也新年快乐,嘿嘿！哥哥那边热闹否？
我可以告诉你这不是我的近照么,你欺骗观众
凯爱您,周周日继续加油哟
绿茶有啥不好刻的，今天就刻一个,厉害了我的师父
嘻嘻~~~你猜到的，你身边的！,班长，他没事吧
嘻嘻~下次带个男生去~,这个可以有
别怂！我清超可爱的！,好的我与榴莲共同组成可爱势力
没人喜没人爱我就是一颗小白菜,我是隔壁菜园里的土豆
人墙刚才还在傻傻等！啊啊啊救救孩子吧,真的辛苦了早点回家休息，以后还有机会的
早都工作了！,啥子都没学到
你还是没感受过绝望,搬砖也要开会啊
就想问问你是全明星吗！！是三分之一吗！,是吧！我分不清13和三分之一
道德品质那么差，怪不得李易峰不喜欢你,讲得好
小黑六号晚上约撸串啊,哈哈，提前也可以啊，这几天都在
哇，树原来你系高人，有无机会试到你手势呢,肯定有啦！
大豆那种植物蛋白对我没有用啊,难道你是植物。。？
再问你借你叫他来找我,你要帮我那他蛮
染发不带我,没染，这是之前的呀
秤盘哪来得啊,我也不知道！！
烟火里的尘埃华晨宇,好听烟火里的尘埃
中秋节快乐,同乐哦宝贝
我怎么记得你的是绿尾，这双是红色呀,我的就是红色的！樱花色我没有买绿色的
全世界都知道你86,我之前92，发朋友圈，有记住吗
哎呀呀，我没赶来，她们可以先和我通个气呢,呵呵，真心开心，谢谢啦
看到这狗的样子好像上去一顿蹂躏哈哈,来吧！欢迎蹂躏！
你们学校放假了？,没有请假出来玩的哈哈哈
今天27度,暖和暖和
我有全集之源，不过画质只是流畅,你有全集，可以发给我吗？
阳光刚好睡意浓~惬意,好久以前的
明天上班了,是的继续加油喽
这外套不是夏夏家的吗,对呀
请问牛排不是只有单成熟的么，哪里来的八成,怎么会没有八成熟？
我也想打一架不十架！！！,我俩打一架
虐狗，天天虐狗,每天四五虐~
为什么我觉得有可能乞丐比你都有钱,这就有点扎到我心了
世界真小！,东莞好细
你看我就是在次元边上纠结的人，生活还是一样过。,嗯嗯
下次周末来呗,我也想去玩
我三岁,你好意思吗
韵。我好心疼你。好想给你好多钱。。,为什么呢
为什么突然对我那么冷淡,快对我说分手
男朋友真好,所以你快点去找一个吧
奢华，在哪里,在家
送我一个男朋友吧,给你分配一个
我只看见过一个房间的卖有一件屋的卖,系阿，仲要三层噶
下午看完给我笑死了,你要看那个凌潇肃的，超级好看的
厦门不热吧，我家里是火炉,哈来厦门吧
早上好友！,谢谢好友，早上好！
蛙人特种女兵？,绿泥。。。
啥考试被抓,自学考
腿坏了,受伤了呗
馄饨好吗,同意馄饨的说
这是要买菜回家过情人节,哈哈
为啥我老是关注失败,找到共鸣
学姐好女神啊,你也美啊
喂兄弟你结婚了吗,结婚了，很幸福
你别把毛茸茸的腿露出来,多么痛的领悟
桐妹！生日快乐,哈哈，谢谢！
你丫是不回来了么,毛线，我在黄山！这个周末考完下周一回去~
我今晚任务一本历史一本地理,好痛苦我困了TAT
感恩节快乐,快乐快乐
来~~求一个~~哈哈,要不要全身来一发？头上，手上，脖子上。。
坐标苏州。。有没有合适的,认识一下吗
绵阳的,我也不知道是不是通用啊就是办交通卡
跑步是你的特长。,别说特长这种话好吗。。。很反感
今天又重温一遍极夜物语，凌弃对楚离得感情，我都哭了,我都看了n遍了
生一个！生一个！,你生先哈哈哈
羡慕嫉妒恨,吃别人的
眉目如画,啊咧？被夸到不好意思明明很呆的长相
宝贝不胖,真爱
从来不带我,--有机会的
痛吗？天天都休息，教官嗓子才痛,除了训练还有其他事要在五千亩的学校跑来跑去
关机键加f8不能重启吗,重启没有用重启了还是原来的样子f8一直按没有反应
注意到了！哎呦喂受不了了小伙减肥吧！,再一次减肥失败，没人监督真不行啊。。。
你爱人,我可能不会打给他让他给我唱歌而我开着免提直接睡觉
新鲜事流挂了,没有啊？刚刚还和玮殷看来的
这个也要版权吧没授权凭什么用在节目里,就是啊
大姨妈才来,那就是PMS
那英你在说别人的时候看一下自己几斤几两,你也是
你要会员干嘛,尊贵起来
你玩男号？！！,这个小号我小号千千万万个
你家门口那个网吧叫啥来着？,哪个？好几个啦，新世纪吧楼上那个，还有个猪圈
毫无防备被你秀一脸！,真的，我都愣住了
这位同学你不能这么欺负老师,上天作证，大家都笑了以后我才反应过来我说的是什么
小食街不是不开了吗,今天去看都没拆应该会开吧
眉毛画得超好看！,我以前很手残的，多画就好一点了
迷面你放假了：,看着你很羡慕我的样子？可是我并没有放假呀！
越吃越胖噢,逗我玩呢
脖子好细,假的
那提前恭喜你,好的
劳碌命啊你,我已经在西溪湿玩了好久了，累啊
总觉得你的鼻子好搞笑,+1
要不要把车借你练练手？,师兄，你买车啦？
地主家也没有馀粮啦~女人何苦为难男人,后宫佳丽三千，您就别哭穷了
我也想看雪,想看就看啊，看不到吗？
四月很漂亮，你怎么换了个这么年轻的头像？？？,哈哈哈笑死了确实好年轻
《周一到了》,没什么感觉
最近有啥新闻不？,都是不能说的新闻。
我想问肉皮冻是自己做的还是买的,自己做的你喜欢吃这个？
多喝点水睡睡觉就好了,知道啦
这就是我180还单身的原因？,不是你单身的原因是因为你丑
失眠了还玩手机，你也是蛮厉害的,睡不着了才拿出来手机。。。
有多馀的可以私聊我，我也想要,有一张常州的需要吗真心出
你来陪床？,陪你可好床S一边去
打麻将不我拉你进群,别别，他是游戏黑洞，他要输栋房子进去
3月有吗,3月还没出来不一定有我明天问问哦
喜欢我啊,是你
可爱,我的脸长好胖了啊
爪机没有握手表情,亲睡觉了明天上早班晚安
你不干人事,怎么说话的呢
晚上有没有去啊还没给你签啊,我去火车站找你把老大
你以后不要叫甄大脸了，叫甄花痴吧,可以可以都差不多
喜欢关晓彤的00后有吗！！！,没有，下一个。
我各种邋遢,咋了妞？
嘿，早上好！（PS：感受到我对你的关怀了吗？）,哈喽~~~满满的关怀啊
能一场都不赢也是运气好的体现。,哈哈哈哈哈哈哈哈强行运气好
换工作？,对呢蘑菇师姐有活介绍吗
孙老师受惊了,你才知道啊~~~折寿啊有木有。。。。。
我也是今天有点点愤怒的情绪还给忍住了,我们终于长大了学会忍耐了
我也要结婚啦你先攒礼钱吧不要太多五位数就好,当然用啦
我妈说你可以去作家文采太好了,哈哈哈不会写文章的歌手不是好医生
新发型真好看,搭理很麻烦
再不微购,那你成熟了
饿不,我去给你做吃的
爱心是为了挡住腋毛吗,你腋毛可以长到那里？？
个个来深圳是想坐高铁回去吗？,高铁通到我们大陆河
希望贾总挺过难关,你是水军吧！！
可以给我发没有水印的吗,可以的
狗是人类的好朋友！崔是吗,你肯定不是
好乖的猫咪,一点都不听话
无障碍电梯拿来摆设哦？,了解情况再讲话，所有东西不是天上掉下来现成的
姐，生活过得可以哦。,还行嘛。放假没得
你怎么把大圣的紧箍咒给拆了,真不是我拆的。我路边捡的。
哈哈哈哈让你买！榨汁机不错噢,榨一杯给我喝下我想喝杨桃汁
我真穷,你是谁。。。
美食的诱惑,就要诱惑你
看到这个药罐子就很绝望,这个还行其实
感恩遇见你们，期待下一次，再一次表白糖霜饼干！,嘿嘿，约起来约起来
充值活动还有吗,还有的
9月份去理想的大学,一定可以的
二哥都要恋爱了,你这么说感觉我好像16，对我就是永远16岁
额你好好喝一阵子就好啦,喝四贴。天天喝太要命了
帮主结婚了吗,同问。
你怎么老是吃大餐,高贵的麻辣烫？
喝点热水气就消了,是不是主让你提醒我每天都要喝热水
求抖音ID,哈哈看突然的自我吗
头是不是有点大,其实还好
我觉得2恨不得把眼睛玩瞎,是啊我快瞎了
佟丽娅的演技是投入了真感情啊！！！！,就是的
陈氏卧谈会你有这个传统,并不是啊哈哈哈，唱完歌回来莫名就夜聊了
博主，现在圈你你都不理我了！哼，桑心了，,蛋蛋的忧桑
伫立不动，有一种蜡像的赶脚,就是蜡像吧这个
听地颠散四担，拖出来打胶村二十杖,师姐好谦虚
上班还是休息,明天上班了，今天休息
不回我我就睡了,快睡
开完就回家？要住院发？,住家里~你来讲故事给我听？
在大学纷飞的季节玩的这么欢乐，好羡慕嫉妒,被逗死了
爱你很晚了，早些睡mua~,早~
泉州的麦当劳是吗，去过好多次,动车站那家
摸摸头,送你自由
我的男朋友你在哪，快来找我好不好,来了
假期倒计时,结束了结束了
我在隔壁看星球大战难受,心疼
我在那里乱逛,后来什么时候走的啊看你在超市里乱走
回头我好好看看那本书！,我也刚开始看！
喜欢那个布哪里买的,那里有布
《论你家宠物能有多难看》,我给他带的
一直都想对你说：想你换个发型！,嗯，还有发色。
公仔的老爸就是前卫。,胖妞
今天晚上是时候清理一下你的云相册了,已备份
靳东好像是山影的，王凯是正午阳光的,正午阳光是从山影脱离出来的。
我肚子好痛！！,有点像那偶像剧里的病房吧
姐密旦减肥？,减肥？这辈子不可能减肥，这种美食不吃多浪费
新年快乐！平安健康,新年快乐
车骑太快吹风了吧,可是值得了
知道了过年给你化,你回来了没
瓶子也去了，见到拖小夫了吗,还没
我可好？,你是
欢迎你来四川自贡一个保证你来吃了就不想走的城市,哈哈哈哈我去过
今天好想跟你混啊,要有人一起更好呢~
老公这是冰水么？还是你热天顺便冲个凉,注意看，地上有冰
夜好！,好夜
女人就爱互相吹捧,我说的是真的，一般我不表扬的
偷窥是病,哪里都有你
为什么果冻放冰箱,观察这么仔细
小伟叔叔，加油,哇，好久不见，一直记得你，最近工作怎么样啦
你知道我好，你是说你这么久一直在默默关注我吗？,哈，关注你还默默的，为什么
我觉得看你人脾气肯定好，对不对！,就是太好了所以不想再好了
第二期的啥时候上架呀？,7月份会上喔，还没确定。
这糖超Q超好吃,对啊，太好吃了
可爱,啊哈哈哈
幸福的孩子啊，可以去旅游，尤其是去凤凰古城,你也可以的啦。我是穷游啊
不走亲戚了,现在都很少走亲戚了！
啦啦啦啦陪总威武,要想征服一个女人的心，就要先征服一个女人的胃
你会遇到更值得你对他说的话的人,借吉言。
文艺女青年,哈哈
好文欣赏晚安好友！平安快乐！幸福吉祥！,人生苦短如梦，开心每一天
在校园里谈谈蛮好的，解解闷~,。。。。不想解闷，所以觉得更加困难
活在广告和PPT里的手机,华为水军终于来一加了么
你过来，我告诉你,太远过不去地球人
失敬失敬！老朱,呵！快请安
分我一点腿腿,拿去
大熊想你的很,咦我没发现哈哈哈
还没睡？我是才下班，今天加班了,我天天晚上十点多回来比你早一点
我教你貂蝉啊哈哈哈哈哈,教我教我教我
小媛不在真可怜！,是不是啊，是你男朋友不在才可怜吧
我想想我脑壳都是疼的9月份开题啦,买一篇去
晚上好。,晚上愉快
我能小得瑟的说。其实文字游戏我还有一点会控制么？。,我知道
爬墙腿打折,没爬墙，就隔壁
想要吃货猫啊！只剩抱枕了,只能预定咯~补货中
昨天的收视率不知道好不好,昨晚的野榜不错
穿个棉马甲下去也没有很暖和,今天风太大被窝太舒服
为什么周末还要上班,周末要值班呀
人长太丑，发了照片无安全感，所以就删。,哪有啊美妞。
你应该不需要减肥吧,现在真的比以前胖了，肉很多
晚安是假的,被你发现了
哇生日快乐！多在年轻的时候做想做的事！,谢谢啦好的
其实回家还不如上班呢，上班猝死最起码有人发现。,而且上班期间死了还算工伤
奇葩说结束导演好好休息，希望下一期更棒,好的，谢谢支持
双元转？,是啊
我只想问，露个脚脖子，你不冷嘛？！,都问我这个不冷昨天真不冷
人家是035112319,看好喽！是太原的区号
看不见长谷部，没劲,长谷部什么意思
看来要攒钱了你都都要结婚了好羡慕,你也抓紧了啊！
小学姐在干嘛呢,放空自己
找道道一齐浪漫看星星,就系其喊买古迟个票，有三点半个又嫌早
明年你就过情人节,过不了过不了。
你好，旧时光，哈哈哈哈,对哒
你对生物是不是有什么误解？？？,他只是没看到双引号，为啥都骂他没素质
少女,想啥呢你是纯爷们
演奏者不回头差评,求回头
男生女生一直以为狼大是个正直的人,我一直很正直！
您介是失眠阿，还是早起阿,起早了
宿舍这么干净的,用水冲的喂从没见过那么神圣的宿舍
裤子像自己剪的,其实是买的
为啥我每次都沮丧而归？,那是你还没看破红尘
掌勺的是你？,我爸
哦你好帅哦,这是真爱！！
路人甲路过,路人甲慢走
肿寞回事？还那么多自行车,哈哈当时路过的，你咋还改名了哈哈，多亏没换头像
你堕落了有木有！！！！,干嘛啊~盖饭可好吃啦~你也是吧？~吃的嘛啊~
你应该把网友名字马赛克,不公开又要说人家捏造。。。
恭喜你。亲。查四级成绩没,还木有查！肯定没戏！
回国我都不知道做什么,。。。你为什么要这样，国内这么多岗位你可以慢慢挑选
第一次看你露齿笑哈哈可爱哇,哈哈
哈哈，不读书就是得愁着终身大事吖~,还是先愁工作吧。。
背包里面是什么？？？？单反？？？,单反当然有啦，不只有单反！
头像很帅。给我拍一个,头像是花絮一张啦
好久没见你了,我也好久没见你。你哪里去啦
看这卖相给九十五分留五分怕你骄傲,在家干啥呢
傻女的新衣我夕,嗯嗯
阵容不能直视还是不看了,等等我是歌手吧
没车怎么放,假装你有
这次陈思诚来了,那我本来就没算他
身体重要哦，循序渐进慢慢练，成绩一定会好的,嗯嗯
我们新生是来了可是还是得值班就是这样一个凌乱的状态,很累了么？我们也快了了！
我的旺仔两天多了还没有回家,你肯定没给人家在家里放吃的
活的高调些，这是一种姿态。,比如？
讨厌古力娜扎,我也是
明年我在雷峰塔等你,好的哦
我在朋友圈看完了一整场,哈哈哈哈，我也是，我都没发现下雪，看朋友圈才知道
恭喜,谢谢祝福
再发个太阳我就走，发了一上午了，考研的人儿伤不起啊,考研必胜！
寒假聚,嗯！
爱你爱你,喜欢你
深交才知有趣！,独特的魅力
发好人卡哈哈哈哈哈,及时让他住嘴不要说下去
早茶我的最爱，生活很美好,一切如初时美好
制服在哪熨的真板正,制服自己熨的我给你熨啊
仙女溪你好,想s
你们不是考试？,我们就是考试啊。明天一二节考
秀恩爱死得快,给自己积点德吧你
运动过量，缺铁。。。。,没有啦
我都是自称姐姐的！你怎么能称阿姨！！,小偶像们都太小啦！
摸脸杀可以的,哈哈哈是滴还可以更进一步滴
感谢恭喜祝福,注意休息哇
早，小淮淮,不早啦
宝贝，又遭妈妈说了哈，下盘走路还是尽量不耍！！,没事今天是例外，难得天气好，这么蓝
周迅跟窦靖童想怎样,我也想知道
这个冰箱真棒！,哪里还会有出门的动力咯
都搞住院了好可怕！我马上就回来了！你还没有好,你回来之前好不了了
您好厉害啊！66666，我给你在一个。,谢谢哦
逆龄生长的少年啊你每一场都会比上一场更精彩嗷,期待
明天打，我不回去,明天陪老公
真希望自己整容还有救，化妆还有救,你看看，问题出在你不是男孩子
咚咚咚查违章电器,有内涵。。。
星期一先把食堂给我买下来先,撑死你
手机直播看,不行手机直播不计入任何数据
亲爱的起床啦,妹子的一进家门我妈果然在地上铺了个垫子
你竟然在虞山？这是古琴虞山派的祖庭啊,不是都跟你说过了吗？
你中意街拍,我喜欢拍啥就拍啥。。
可以拿你朋友画的照片去征婚,征不到！
我的暑假还没开始李这样结束了,我也接受无能不想面对这个现实
我明天去告状,明显是被他养胖了好不。。
你到底在乐山还是犍为,一直都在乐山！
下个交警在线APP办进京证很快,一样不行
你最美腻,思念我了不？
回来夺台球,可以
自欺欺人好吗,不，信心还是要有的
我要看新发型,只剪了发尾。
你啊？,是啊
又酷又甜！我汤姆吹爆新鲜大美丽,阿哈哈哈
吃饺子,好的
为什么都在玩弄我的小公仔？,就玩就玩就玩咋的啊
怕自己会哪天猝死了都不知道这么拼是为了什么,为了以后不这么累总要还的现在不苦以后苦
一百块钱可以送我,心疼
我到家啦一离开你就开始想你,我们的心总在一起
是的，每次台风过后，云彩都异常美丽！,而且天气也变得好舒服啊
搜不到拉,再试试
活到26岁然后死掉,说什么鬼话世界那么大死了怎么看心也不能死
灵魂画手！,毕竟我是个艺术家，得有艺术家的样子。低调别说出去
长发飘飘,是我心灵手巧的小伙伴给我编的头发。
震惊，网吧内一女子当众人面做出此种事情！,到底是。。。还是。。。
博主是厦门人吗？,是啊。
哥一向很疼你的,其实我也觉得
喔可怜的小娇兰,你咋知道是娇兰
双眼皮那么明显？,新割的，你喜欢么？
举手！真的不喜欢榴莲的味道和口感,有一次吃一口吐了
没狗可以养猫啊！,我总是怕猫抓人
月饼！好久木有吃了,我还挺喜欢月饼的！
挑点刺，我会把二十改成廿二,我也是这么想的
小呗新年快乐！,年乐
你在杭州工作吗,是滴
我喜欢你的项链,哈哈！我的七夕礼物！
鞋很漂亮啊,真舍不得离开不上班多好
起的好早啊。,对，而且还有阳光
加油,恩恩一定加油啊呵呵
池州是谁？,你猜
你不是回家来吗,悄悄的
你去古镇了？,灯会里面的。
你睡醒了？,我现在睡了
单身狗受到了成吨的伤害。,别这样
你要来泉州啊,你在
露了脚脖子不灌风么,东北丫头都抗冻！没事
生日是明天1222，提早庆祝了！,嗯嗯，棒棒哒
哈哈哈蛮拼的沈阳下雨没,没啊，北京是不老大了
机智的我告诉你不要随便定位国外,好的吧
喜欢你听这首歌打出来的一手好牌,哈哈哈哈，你怎么有这一手牌！
比亚迪的车身为什么非得是一块一块的,好像是后期的K9才开始这样~~~
手手给我牵,给你
16g用户日常,多坚强
亲注意身体啊，我都病了快一个月了,去看没
我尚美人的手,一只沧桑的手
你抛弃了我,还是爱你啦
小羊越来越黑了,召唤小羊
自己安慰自己的本事要练好我现在这个本事已经炉火纯青了,快教教我
正打算开工的一本书,我觉得好好看推荐推荐
对剁椒鱼头很垂涎,有机会让你尝下哈，我决定下次推出升级版本！
年轻真好本阿姨2018就要23岁了,本命年也快了
我刚刚吃了大半斤炒板栗，现在好胀,又吃板栗！！！！！
淮南吧本田新思域你知道吗？,我不知道耶
加班那么晚？,嗯哪
小星可以送我MAC的C位气垫吗？,可以可以地址给我
哼不管吃的时候心里美,就是就是哼
认证取消了,单位不准随意认证了
每次蹭热搜都蹭的恰到好处！,我就蹭蹭，谁知道进去了
这么漂亮怎么办,特大方送你啦
美人只在梦相遇，俗世没有此美人。,你天天都在扯文章
你是想说护吗？,护城河
亲我过完这几天就不在南京了呜呜呜呜呜呜,要欢送会么？可以聚一聚大家
你来成都啦？,嗯今天刚回来。
为什么林更新腿这么长？踩了高跷么？,不是因为鞋里有增高鞋垫
我们在军营都听到了差点砸了摄影机！！,为啥呀
要讲文明懂礼貌,嫂子好
知足什么,你懂的
广州年底可怕了。去几天,不知道，
优秀没压力,地你波波厉害哦
在家不排队在外也是要排队哒,第一次没经验，下次就知道该怎么吃了
美图强大,主要角度好
旧情人来找。,重点是这个吗！是这种天气我没有空调用
最近剑三改画质！真的等改了去玩呀！,你这个子兮兮的手机怎么设置的？？
最近减肥重不下去，气温42度想跑步都不敢出门,气温太高了，租的房子没有空调，都有点想家了
知心姐姐你好呀,你好
来看看你好困啊,早点休息。
诶非会员凭什么,为啥，不知道
恭喜回到麦当劳,哈哈
期待,期待了
干嘛挡住自己的脸,那是我舅妈你什么时候瞎的是
所爱隔山海山海不可平,宁在一思尽莫在一思停
我女神,我也是
快回来取衣服咯。。。,好啊！
去读研吗,报考的院校
难道你思春了,春天已过去、、、、
穿了这身衣服真好看,终于见到了我买给晨宝的衣服真人秀
让我做电灯泡吗,哈哈你来缓冲尴尬的气氛
今天没有星星风还很大,但有我
夏天夏天悄悄过去,唱！
坐等放假,嗯咯，心已经飘远了~
猥琐大叔,哪里猥琐了
5号有没有房子啊？3女孩,4月？
甜蜜死了你,不甜蜜，就是因为这么简单都没实现，所以我来哀怨的。
这么漂亮的小哥哥是谁家的哦,我家的
你才高冷！！！上次问你那个你好久才回的,呵呵
开学蹭眼熟,不熟
画个大浓妆,刚剪完使劲画了好几天妆现在又懒得画了
毕业快乐,哈哈快乐还有圣诞也快乐龙龙
坚持初心,好的
赞赞赞，这样的长文好过瘾！,扔起瓶子来也是很过瘾呢~
姐姐，有夏吗？？阴冷阴冷的,出门，呼吸，有春的绿意，夏的欢愉。
刚刚考完试的我,人家这几天都失眠
永强刘诗诗,那不是我吗
都考完粗来了么,憋说了
找对象不要只看对方的长相，也要看看自己的长相！,怎么哪都能看到你
今天看到桐乡卤人甲对面貌似要开一点点了,似的呀
不要嚼毛了,闭嘴
你不是我妹吗,我是你老大
老哥又黑了,还特意美白了呢
不联系我是因为手机丢了吗？？,最近好难过啊
摄影师在这里,摄影师你好，摄影师再见
吃饭辣，没有家乡话，家乡话就是吃饭辣,信阳？
想听歌私我啊啊啊啊啊！,有没有特别想听的哇
老哥稳住啊加把劲就上岸了,嗯呢
恍恍惚惚红红火火哈哈哈哈，小说还是好看滴！,我听书听过一些
有生菜，为啥？,那个不是生菜啦是绿色康乃馨
夏天还用遮阳吗？,我这不遮，没法遮
看朕为你打下的江山,你可以
我今天出去了好不好,好啊和湖大的朋友对把我都记得呢
你的歌真的很好听,还有消愁呢
什么都不想，我只要白敬亭做我男朋友哈哈哈哈哈哈哈哈哈,和我有同一个梦想啊呜了哇啦
新年快乐我的酒酒,新年快乐
南方人不吃辣会怎样？,南方很多地方是不吃辣椒的
一把年纪，还是会坐旋转木马吗,想你的时候，可能回去坐一次吧
到口酥,到口酥这名字好听
这一天都不忍直视,大家又春困了吗
嘿嘿见到了就要在一起的关系。难得有人艾特我,亢奋吗女人
给我吃胖点回来,已经很胖了希望不用喝酒就好了
好困,我也好困
每天不出门围到电炉坐,在屋里坐起也没劲哎
眼馋啦，快回来内地开唱吧杰哥,我也好期待啊，望眼欲穿
跳舞击鼓那段和第一个镜头是什么片,跳舞那段是十面埋伏
从心。,今天第一次坐学校观光车，竟然坐了4趟有木有！
打劫,你不是也有
洗了头不出门简直浪费,点头赞同啊
你在学校？还是家？,家，马上回校特训
这家用的桌子和我们家桌子一样,凳子是不是也一样
只要够坚强，就没有什么能把自己打垮！祝福你！,感恩鼓励！
小盆友早安,好忙啊，刚腾出时间，早啊
居然粗口,这也算？
我们化学老师结婚喇都有儿子喇,对喔忘了
谢谢你,客气啦，很受益，长学问
我们也10年没有离开小牛。,恩~~一直都在~~
我们轩轩在意的人。我们也在意,一家三口
你什么时候和鹿晗分手啊？,我也特希望他俩分手。一点儿都不合适
明天你肯定能走，这马上就晴天了,刚终于刷出个一等座
我不想和你的腋毛打招呼,腋毛已剃
来我屋哥赏你香蕉吃,跟着狼吃肉。跟你吃香蕉
你是小仙女吗,是吧
剪头发了？,嗯嗯了
小雏菊呀，你们老板不错,还发了两百块钱过节
你回来了，牙留在了大连,带去送给你？？
我们已经到了喜欢弟弟们的年纪了,鲜嫩
太美丽了，受不了啦,嫉妒啦
大楠这滤镜用的太狠，我都看不清你啦,朦胧美
午睡去了！！！8,高一喽，加油哦
美奔晚安,晚安
我知道你说话直那就直说吧,不我喜欢拐弯。
手机出都出来还能怎么办,恨铁不成钢
服模考的怎么样,还可以
2017年第一天我就通了个宵,毕竟不是出去玩的，是干正事，也是棒棒哒
跟她说新年快乐，她不配。,你跟不配说她
找不到新欢怎么办,会有的
锦溪现在要门票吗,不需要，逃票
你要是看到我的你才知道什么叫乱！,是好还是坏呢
要回来了么,对，周六晚上
还有暑假，真好,最后一个暑假了，我要好好珍惜
我雪姐是不是胖了,那估计就是吧哈哈哈
只吃午饭,早饭午饭
无意间走进去过，确实很认真，然而我没有买,对挺认真的
救屁啊我唯一的50都给你了,回不来了
见到旧友不足以弥补吗,你说呢
你强悍啊。。健将,你还没睡啊！
这种天气不开空调也OK啦，挺凉快的,屋里厢热的
跳河？你倒是跳啊,水太冷
啦啦啦。挺美的地方！准XX求同游,太远了。人也多。你有时间去唆？
说话很走心啊，没毛病,你这话说的也很走心啊没瑕疵
新年快乐,姐姐新年快乐！
走别人的路让别人无路可走,好~！
把你那二郎腿翘起来,哈哈哈哈哈哈，可以可以
说实话我真的连快手这个app都没有下载过,以前的快手很好的现在。。。唉
我也想知道遇到这种邻居怎么办物业报警都没啥效果,唉，是呀真不知道怎么办了
平安夜快乐！宝贝要吃苹果哦,好的！
饿死我了馋死我了,昨晚没吃饱啊
登博不去？只有登博有干货。,我必须去啊
北京会想你的~要常回来看看哦,好哇好哇！
哪个床是你的？,是一张床，条纹的是盖的被子明天考了科目四快回来
地球要没了还有晴天嘛快点跑吧,宇宙飞船走
以后要为节目发声了么？,发什么声？
我觉得这零食，太符合你们气质了,不是凤梨酥
周末不该休息,我们哪有休息啊
为什么要把水印放中间盗图不成,那进群给你没水印的
网络姻缘一线牵珍惜这段缘好浪漫,哈哈哈。你不应该是甜菜味。我可闻到了醋酸味
等什么,等人
用脑过度,好怕脑子又炸了
人生啊,真美好
嗯，坐等假期，胡吃海喝去,跟没假期的我谈假期这样不好
我想旅游,我也想旅游，好久没有旅游了哎
去哪里？我周四开始休假,就是不晓得
快喝藿香正气水,都晕过了，刚回寝室。
今天坐个女司机的车出车祸了,哈哈哈你人没事就好
下班了,然后准备吃面条嘛
不得不说贵州的战术真的是好,不说别的针对鲁能他是真厉害
西泡泡永远陪着你,淡淡呀
我们刚才路灯都关了,啊，我感觉没打好大的雷，路灯都关了啊
求个详细首页莫名其妙就刷起了话题,大概是这样
我急需减肥,黑幕你了！！！替我减肥！！！
羡慕已经下班的,不能一直压榨啊
任性,就问美不美
昂~~花生真活泼~,然后就咚呛咚咚呛
充电快吗？会发烫吗？我网上买的充电超慢的,我也很慢而且用到后期开始发烫了
人家有情怀啊,哦，不讲究
爱有时就是求一个记得,享受大声争吵的磨合
加油，为了自己的梦想坚持下去,嗯、坚持。
WOW祝福你成功试听。。,他会把我赶走的那你不去了？
饿了,赶紧吃吧都很晚啦
你为啥。。定位到了北京新街口,哈哈哈哈我定的时候只看到了新街口
喜欢老房子老街道有味道,我也喜欢
啥？你去相亲？,相亲怎么样
你可以帮助下人家，这是志愿者的爱心~,我有帮快递的人卸货
我准备做的都让我觉得骄傲（不要相信我这个骗子）,减肥吗
求花嫁返场520幸福一下下,喜欢，嗯，就是想做你新娘子的那种喜欢
居然有人想婆婆,我也奇怪我婆婆是真的对我没得说
哇，没想到您也骑车，而且也想过环岛,我姐这必须滴
敢不敢拿掉你的帽子,拿掉了就暴露了大头
今天签售会人好多，差点以为排不到我了,今天人真的超多的
神话是真好看,特别好看
划拉是扫地的意思？,东北话划拉是一个动作，收拢的感觉
你们郭老师晚安,早啊您
你要飞了,凑热闹哈哈
享受生活啊~,反正也没事。
加油,你上课没
写的好棒！！点一万个赞！,谢谢铠甲真有爱
我会说认识秘岛老板吗,也是帅哥吗
师姐，肠粉不是不能吃吗？我也想吃,没肉的
K开学可带葡萄酒喝,必须的~你又不喝
我已经偷懒很久了,来就找我玩哎打我电话15051876583
想吃肉想吃炒酸奶,吃吃吃！哈哈哈，今天吃撑了
孩子，放弃挣扎吧,死之前我还是要挣扎挣扎的！
这种挑战还真是有意思呢。棒棒滴,是啊
像！早安啊！,呵呵很像喔！
生快~我也快了哈哈,天呐才看到还好来得及生日快乐
补个牙多少钱。,现在普通是200多，我那得600多
面试完啦？,完了完了~~好累呐。
你之前健身晚上没吃原来是放假屯了粮啊,别提健身这两个字了
猪的智商只有这么高。。,喂你最近肿么了空虚寂寞冷还撩拨上我了
你这个时间点，到底是醒了呢？还是没睡呢？,醒了
女儿国真心不好看呀,女儿国真心觉得难看，不是一点点
星期天快乐,哥啊，你回博啦，看到你开心。
你是在做人力资源吗？,是啊，培训与开发模块
手臂细了细了,这你都能发现
生了孩子的人就是容易傻,有比你傻得人么？
想假如，是最空虚的痛,你看过这个电影吗，我觉得这歌好合适
穿上秋裤是对秋天最起码的尊重！,有道理
下雪了啊,真是难得
哈哈我是下班回来呼紫薯,不好熟，加油
你们都在发吃的！！！,是的，吃货一族
考验你p图能力的时候到了,哈哈哈哈哈，你才是专业的，我只是业馀的，，
太干燥了！前几天我也是睡到睡到就流鼻血咯,就是~~太干了
小芳作为离别礼物，送我个肾五吧,什么是肾五？
你真丑,哈哈，
你是风儿我是沙体,风沙体
你在一天诱惑我，回来就挨打呀,哈哈我不怕哦。。。
你最近谁不喜欢？,除了你
北京都这么冷了,可冷了，冻死人
私我一张，想跟你一起换壁纸,好的
怎么没无遇见你,你想要我说我太黑你见不到吗！
我也要画圈圈诅咒好多人,哈哈，全部把她们圈进来！！
老太婆，注意到嘛,要注意要注意。
饿死宝宝啦,老好吃了
你再以不容忽视的速度老去、,嗯嗯，改天给你看看我小时候的照片
你什么意思,我闹着玩呗
晚安队长,晚安
哭什么太想我了？,太久没有和你一起走非的路线了
怎么不开车了,已经在路上了
你都住在合肥了呀,是啊。
我觉得第一年已经很棒了啊,是啊是啊，我也这么觉得
高中的爱情你可能无法想象,不我高中还是谈过恋爱的就是一点儿都不甜
加油、小朋友棒棒哒,谢谢你，你恢复的如何
超哥生日快乐,生日快乐
快说，，是不是出去买烤冷面遇见的佳佳,是的没错
饿了来一口，肥肉全身有,反正我是典型吃不胖，没关系
起床4个小时了,起来的好早，勤快的小汤圆
请告诉我什么是25次元？求科普,我也不知道
糖容易糊怎么办啊,开小火
早安天气寒冷，照顾好自己,你也是，照顾好自己，保重身体
一张sr，没有ssr，很惨了,跟我一样
你22岁！,你以为我18岁卜卜脆呀~
为毛，自己照片为毛不能用,好吧你继续
又没有我，这个月一定要好好的互动了,大家一起加油吧，说不一定就是我们了
我要把你宰了！下次也要吃脑花,好吃的飞起来
哈哈哈哈哈哈晚安,晚安呀！
哇出生这么久了吗宝宝都一个月了,对呀一个月多了
难忘的旅程，有机会还会去,长岛真的太美了随手拍拍都是风景
觉得陈妍希挺好看的啊,确实好看。
无花果好甜的！有好邻居真安逸！,是，无花果超级甜，一包蜜啊
来啦,笔芯
我在厦门等你,好的，感动啊，真开心
你有大家不孤单,嗯嗯
拼命看书为的就是以后有个好工作,还在读书？大学？
还没想明白,啊哈哈哈没想明白挺多事的
好久没看围脖了。好惬意的生活，你每个月都休假吧？,休息挺多的
纯纯可爱的你,美美甜甜的你
我的犬神，真是厉害了，棒棒的,特别搞笑。呢
除了送祝福就没人安慰我吗,永远爱你
好表情不过时,哈哈哈哈你也值得拥有
不给我看字,太丑了看不下去
年会呀，好棒，加油加油龚老师,加油加油加油~
祝早日康复,谢谢您的爱心和祝福-
呆呆不要熬夜啊,嗯~
我这个月20万的生活费还有2000所以网恋吗,心中有人不配！
孙少改名了,被发现啦哈哈哈哈哈
明天一路顺风,嗯，谢谢
提前了下礼拜就来,那么快你来的时候不用带冬衣你带一把风扇吧
背孩子的小哥！训孩子的大邪！这是什么！慈父严母啊！,是的就是这样
亲爱的，叫小冰干什么呢,冰儿，你在不？
你不是跟东阿姨学过料理的吗？,没错在家的我不是这样的
我很饿！,饿。。就对了
明天聊，晚安小冰,只能跟你说早安了
土豪，我们做朋友吧！,哈哈哈走戴你到铁岭去玩
每天早9晚6的上班好吗,北鼻你在哪里上班，，，
我还能陪你几个月,珍惜
真真的，有一点很不同，甄嬛讨喜，芈月讨厌,啊？
12月来了,人哟
有品位,您也有品位
淡定淡定向考研势力低头,不是考研的事情，是别的事情，真的很生气
看到这个名字就想进来看看，顺便压压大王的棺材板,其实朕并没有在皇陵里哦
做梦啊,只有这样了
我也骄傲！谢谢我凌！,我们都很骄傲的
留给你的只有背影,不要，想起曾经你也拉过我的手，让我不要走
有没发现下巴越来越尖,天天看就没觉得了，应该是角度多一点。过年肥来看究竟
昨晚又是夜戏，妹纸估计还在补觉吧,你身边人啊，不是已经杀青了吗？
更看重女孩子的颜值还是身材？,一般情况下有胸就行哈哈哈哈就像我
好痛我最近也没吃错东西啊为什么会这样无语,在学校久了缺少维生素C多吃生菜
到底是先洗头，还是先洗脚呢,先泡澡吧
开车不能玩手机。尤其还是拐弯的时候。下次别玩了。,没玩就是拍了个照
还知道送花，已经不容易了,从认识到现在收到的第四回很会过日子
很开熏可以见到队花啦,哈哈见到要个大拥抱
王者荣耀三日游,羡慕我是农场三日游
我也把头发剪了,发图
哇我的小张曼玉，真好看！,哈哈哈哈哈不敢当不敢当爱你！
亮亮:天下如棋，一步三算,星星：天下如棋，寸步难行
现在球打的怎么样啊。你那身高能扣了吧,扣个毛线。。好吧现在用这个做目标~！
花了多少钱？北京理发好像到处都宰人。,我都找便宜的贵的去不起
人与年华,你与我
前任你莫时候陪我看前任三的,哈哈哈哈哈哈哈哎呀
你们回来了,嗯哼
谢谢你们允许加入骑行环节,那，我们自己都要骑的！
旁边的扑克牌是什么意思,看着开心
会画画的人做的手帐就是好看呢,画的很一般啦但是我用心呢
城市早归人,早出
一秒变女王。,猴王今天这么早，
看着满灵的，中美快递7天到。那是神的速度喔,是呀，这次运气好
最简洁的线条，对大气的汉衣冠！,打错字了，最大气的汉衣冠
希望那个男孩子能和我讲话,我也希望
某人也开始自秀起来了？,什么叫自秀？
祝你感冒爆瘦十斤,这太困难了！！！
多富强和谐少敬业,和谐可以给我么
帅哥爱你,我俩之间没可能的
叫我打游戏的呢,对啊上分差一个五黑
挺喜欢美食的吗！,绝对的吃货。。哈哈。。
你真伟大，很成功！哈哈,这小伙还行了吧。。。
大长腿美腻,超爱你
我就说你又高了！,角度！
皓皓在爪子,感冒了卧床养病
你去哪里！！！,真是撩完就跑啊哈哈哈哈
妈妈又要去汉中了，你又见不到我了你个狗子,哇你又去汉中抓
脖子带的啥,带的铁链子
猫台来检查下，你车子是不是该洗了哇？哈哈哈,猫台明察秋毫，明天洗车去！
你有钱不一定有时间,关键现在没钱没时间。
所以我们都只骂了素锦，并没有骂本人啊,嗯嗯
过俩月再去，约三五好友，准备些小食，一起野餐。美,你的生活太滋味了求带走
眼睛好了，又可以上娱乐节目了！,见不得人好你眼睛才是真瞎了
说明小说不够精彩,十分有道理，给你比心
你应该给我配个猫。喵,还是狗适合你真的
这眉毛，厉害。,被我薅光了
你啥时候拍得，我还在想怎么都没拍照,趁你去拿东西时
见怪不怪了我，记得我读高一的时候，我的同学就结婚了,嗯嗯确实
有我这个天秤相伴！,一路上有你苦一点也愿意~唱！
信息被盗？天啊,看我朋友圈兔姨姨
你的头一点也不大，是帽子太小了,哈哈哈哈哈什么鬼啦
你好土豪,我才不是土豪呢，机场应该偶遇你
前总工作找好没,没呢，准备去外省看看，你呢？
叔要诸事顺遂呀,感谢
双蛋快乐，一直喜乐平安,谢谢与你同在
琅东那个？什么时候开始上班,诶呀周一
从来没有正点下班的表示真的是半天假！,超开心的啊
你的手叫手，我的手叫爪,不，是蹄子
原来你已经开始过今天的节日了,我过的是昨天的好吗
办卡熬,充值。。。
头发卷的好看！,哈哈哈，其实被烫了好几次
饼有你脸大吗,大一倍多
抄佛经会引阿飘，我不是跟你开玩笑,从来没见过
我好开心！！,我这么多年追星都哔了狗
女神，都上过什么综艺节目啊,非常静距离鲁豫有约快乐大本营天天向上、、、
来，喝酒,别又把笑笑姐灌误了
举个爪,爪呢
宝宝，就问你最近吃饱了没！,看到你这样吃我们就放心了
哈哈原来你是男生啊我以为你是妹子,是软妹子
做一个只对自己说谎的哑巴,对自己咱就不说谎了
看看小给再看看你！,看看隔壁大老李？
我想知道那些表情再哪里找的啊,就在苹果自带的表情里面呀
忍住眼泪掉下来,哭出来舒服点
你好,蒽蒽你好嘿嘿你也在玩呢啊
学姐这照片你自己拍的吗,是啊
换宿舍呢,恩，三年三换
为你高兴！,够了！有机会一起唱k让你听个够！
够了（我叫了外卖要不要一起吃）,不用（我在压腿）
这就是你进步的英语吗！！！,少了s懒得重新打
我的心丢了，能帮我找一下吗？,因为我怎么知道你得心在哪里？
晚上学生会聚餐对不住了,对你。。哎我只是桑心！
我直接都问你结婚没。。,这个还真没有
每日感叹你为啥能这么好看,哈哈哈哈！很开心
柠檬茶好喝吗,好酸哟
手机拍还是相机呀？,小相机拍的你见过的那个
胖八斤也是小仙女,变成胖仙女哈哈哈
朦胧一片黑。,在酒吧呀
太阳女神这么美，难道是因为喜欢看漫画的缘故吗？,对呀，你看你也美
今早大儿子在地上吧。,手一捞就抱住了
我想知道看的啥书,红楼梦
知足常乐是我一贯的信奉！,哈哈，艰难总会过去的，我愿意让别人感到开心富足
喝你的米稀去,今天不撩妹明天变垃圾
啊啊啊啊啊啊啊啊，好可爱，冬天也暖暖的,嘿嘿
背景音乐求求求求求求求求求求求求求求求求求,背景音乐
见过先知,仲好讲你又话得闲聚下
下学期还有课吗准备在哪工作啊,基本没有，还不知道呀
看着梅子流口水,让口水再飞会儿
生日？快乐！,谢谢！！
卷发很好看！！,嘻嘻！自己卷的！
要跟美少女做朋友吗,你？？？
今天立秋了？,不敢相信
紫色好梦幻哦,黑枸杞泡出来真是美么。
回来吧二十六号,看时间允许不
你们猜有个教官室友是什么感觉,猜不到
周末了，回安徽？,没呢，今年准备去广西过年。
同事穿无袖没有觉得冷，我穿着长卫衣没有觉得热,我也是还穿的很开心
我还没有勇气买手工画，感觉没耐心,就是用来消磨时光的。有兴趣就玩。
感恩有你,为什么你回复，我会有提示
晓谨的狂乱的笑声,哈哈哈哈哈哈隔了三个宿舍都听到了我真的好可怕啊
早知道叫上我嘛我也在那儿,啊？那么巧啊？我们在二楼诶木有看到你么
妖气重！！,你睡得才晚呢！
我也想吃海底捞,这几天适合吃
夏门好有心,超级有心
清凉的夏，干净,给夏日降降温
喜欢刘昊然的女生都很好看对吧,这都被你发现了
今天分手了,合回去的几率很大
贼可爱,我不是贼
小木木姐姐好想您哦,姐我也好想您哦
你这个香肩很诱惑啊,鹏鹏捏的力道真好
做公益不管真的假的，坚持一辈子就是真公益,借着公益的幌子圈钱
生日快乐，越来越莎，秒杀我们村里的所有女的,哈哈哈，好的呢。
还有整天群发叫帮忙什么什么的,人类的心理真难
你要值班？。,假期缩水
打一针保险,下周复试不想出去针眼都看不见了，内心隐隐作痛
求写902我们在一起谢谢谢谢,好的
麦奶帅死了,你果然只知其一，不知其二
我不过也才发了800多条没被看而已我有什么羡慕的,你也是很能坚持啊~
宝宝还不睡？,哈哈哈哈哈马上睡了
啊啊啊啊啊我胖伦怎么出现在这么宽的广告牌上,可能是想赚点奶茶钱吧
快点买红牛给我补充能量,你烦，关红牛什么事啊？
杰伦帅不帅,特别帅
期待M8吧,晚上必须熬夜啊但是机器啥时候能拿到呢
凡小凡是什么鬼？突然发现这次回来还没见过你爸！,我也没见过你爸你这是要见一下父母么
吃你杰哥醋了,你明明在吃瓜
吃饱了再减,我要减完再吃
亲，注意身体哦，，天气转凉，，多穿衣裳~~,谢谢啦，亲。
管你，哥明天终于去上班了,恭喜你啊，这样没的休息了。
鹿晗在最红的时候公开恋情有担当很man。,也不符合实际
炒鸡可爱,膨胀了膨胀了
我看到了7Plus大写的！,哈哈也就想想
看我有爱心吧,特别勤劳~哈哈哈~~再接再厉！
富强换爱国,咱俩换
那条裤子是你川哥的吗,被你发现了！
你做好了邮箱给我好了！,额，你太高估我了，我回家了孩子
汉语助教只要三年高等教育这一个要求嘛？,现在公布消息是这样的哟~
还是喜欢你最早的那个眼镜,往前看
元宵快乐！圆子我煮汤圆给你吃,谢圆子，话说娘娘，我们的生日又快到了呢！
亲裙子到小腿肚的哪里？,小腿肚下面就露出脚踝再多一点
归来仍是美少女,必须的
话说，有几个人写得字有这位大哥好看！？,我左手写的就能完爆他了
明天考完了我就轻松了,噢霍霍。
玫瑰和月季到底要怎么区分？,同问
前任？好看吗,还不错
欢迎你回国,明天就要上班
我想换行业,如果我有钱
新款苹果真好！不过我还是买华为吧,所以你还是买小米吧
满室的阳光真好。,每天都在等阳光，有阳光心情倍好，没有阳光就郁闷
哇！你终于见到哥哥啦羡慕羡慕,是的
节日快乐！能好好坐着了么？,基本可以了，同乐！
为什么上天对我们这么不公平,为什么！合作一下很难吗！
在大东北的我准备要拿貂出来穿了,哈哈哈哈哈哈哈哈哈哈哈哈哈哈哈哈哈哈东北真的听说冷哭了
眉毛真是满足了,那是我剪的！！
一大早的少女思春了喔？,不不周围突然放这个歌
你是不是瘦了！,真不想说瘦了又胖了
生平第一次遇到地震，必须纪念一下,为啥我没感觉到地震
请问哪个牌子的墙布比较好？,太杂了
平遥古城的宾馆是不是很有味道？,哇都是客栈诶
回大理的了，你跟着凑啥热闹阿,明儿就走！
咱们穿越吧在平遥录也是没在家,总之好绝望，每次都赶不上
狗不错,超级听话的泰迪宝
朋友们，适可而止。知错能改善莫大焉啊,你是那个大巴上的？你的朋友不是大巴司机么？
化妆师是我姐,你什么姐
小呆，比赛么？,你要跟我比赛减肥呀
我发现我二十出头都没人要悲催,莪三十出头还没结婚悲剧
我想增肥怎么办,多吃点哈哈哈哈哈哈
你们都不祝我找回飞行器,好好好，祝你找回飞行器
明天吧另外怎么个送法你们肯定都想着送不同款吧？,嘻嘻嘻嘻一样的也喜欢
俺走了,慢走亲爱的工作愉快！
随便请我吃顿饭什么的就可以啦，我这人不挑食,等我长大了会赚钱了一定请你吃饭
希望以后得下雨天都有人为你撑伞,希望你也是
好久不见呀,高三生活怎么样啊？
一定要幸福！,大家都要幸福！
我现在就佛佛地收收图花花痴,嗯？？？你连名字都换了？
刚考加油,谢谢
点个赞都会犹豫半天,最后还是算了算了算了
你们还有冰箱呢？,实验室的
糖只有两三颗，刀子却有上千把,还有无数颗玻璃渣
生日快乐。。。。今天好好吃！,谢谢啦
作为一个男生你胸是不是大的有点儿过分了旺哥,没有
你百度云里放了多少东西,很多G
你又去哪浪！不服！,不服来战
你们两个累不累哦,我才累
我来的时候也请我吃一个呗~,哈哈，要不我去帮你把这个保存起来？
我已经等不及啦,啊哈
我们白鸥默默地离开了,找到组织了哇
现在真想看一个明星的话基本上看到他不会太难呀,看不见啊
哪天你，顺子，张宇龙和我聚一下吧,我最近都可以，你约他俩吧
我被企鹅欺负了好可怜~~,傻冒
在广东要一切顺利，玩的开心，工作加油,天天开心
你喜欢牛吗？,你为什么要把这些告诉我？
墨叔来了，小心着点，别被挤到了,我来晚了
新车是帅气啊，撒把黑心钉,胎压足应该不会有事
我很想你！,下个礼拜考完试就去买个手机就能联系了
你这样子会不会被学生追啊？请回答我,我会
感觉昨晚的东西现在还没消化呢,你那是神奇的肠胃
哇！在外面用流量的时候你直播好几次,哈哈哈哈哈哈我也是流量直播
网球吗,是的
摆渡人跟你换一本看看？,我看过了
帅小歌,真帅
这么喜欢整歌词，跟我来唱吧，姐带你嗨！,我五音不全，
土豪你好土豪再见,打酱油的还是卖豆干的
柳岩干脆别穿了，我真无语,我也觉得
你在丽江开客栈？,对啊。。
阔以看看我怎么倒班,好滴呀，我现在就可以计划了
喜欢有情怀的店！,我也是！
CT也有楼可以拆嘛？,有！
一定要感谢环卫工人！！！真的不容易！,不要给我嘛我需要
依旧年轻，依旧热血沸腾。,未来诚可期
宝宝分析的好,参考一下
印象清迈不错吧,晚上去试了才知道~
活到现在也算你命大,大自然的奇迹
熬夜对身体好,对的不按常理出牌
奶茶妹妹来一杯~,客官喝什么口味的
床上全是你身上的火锅味,怎么不玩手机了
刚刚做完作业。,这都1点了。快去睡吧
快到我碗里来,你猜到碗里去
霸王别姬的皮肤什么时候返场啊？,我也不知道啦
名援,你是
你看红哩,快疼死了，耳钉太粗，耳洞太小
保庆哥欢迎回来看高能少年团,你下次再来，我还有新玩法。
哈哈来自可怜巴巴众筹的娃娃娃娃好看吗,都没看到什么样
气出猪叫,哈哈哈哈哈哈哈哈和我家狗子一摸狗样
还想吃猪脚,吃啥补啥
你在哪嘛,我在观音桥，思密达
好赞啊！,对啊，我也觉得
丁当那首我爱他还有那个手掌心都很好听！！,对真的很好听哈哈
这种水印是不是只能电脑弄,你不也有嘛
我家狗子只要你摸他就顺从了,就是这么没有脾气的狗子
你咋偷偷瘦了,我要吃西红柿鸡蛋
新发型不错,拉面给剪的
喂狗粮你是第一名,我只是狗粮的搬运工。
王栎鑫在角落哭泣,不管他
求裤子,裤子不是网购的哦
你这是还没醒，明明热巴说好了要娶我的,我知道她告诉过我其实她是骗你的
我第一眼看成把弱智上单气成河豚。。,哈哈哈我也想把他们气成河豚
人狗情未了,狗是好忠诚的动物
到处都好冷看着你好温暖,代价就是被晒黑
我无比怀念南平江边的大排档啊！~~！！！,那你可以携眷回归一下
谁说科二要换档,手动啊已经一档换五档五档换一档了教练第一课起就教了
喜欢我？,你不知道？
为什么还没有女朋友,加油，都会有的
牛仔外套好看,比较宽松的款式
每年都给江疏影写歌,每年都要相见
神奇魔力重点是去不了,就是坐着大巴转一圈吗
周末愉快！谢谢,周末愉快！
你为啥发了两条,不知道？？没发出去
零食应该在一号店买,一号店的嘉顿好像比较贵
你什么时候来看我,明年春暖花开的时候
偶像是最好的偶像要加油哦,谢谢，我会滴
都开始玩鸟了,三年前养的八哥都会说话，这算啥。
这位林同学请问你为什么这么可爱,不可爱
明天会不会人超多怕打挤啊,早点来
用26键盘打卡,一句
心情不好怎么办啊,我也心情不好
灯牌硬的好还是软的好啊！！,过来人告诉你，买灯幅
组队去,哈哈哈可以的
寿比南山的瘦,福如东海的富
我想帮他把头发撸顺,强迫症~其实我和你想的一样~
辛巴不头晕噶？,认不得它给会晕啊
又是东北的，东北怎么那么多事呢,呵呵
打狗身上也不允许！,也是！换个说法：全扔海里了？
我刚刚发现你关注了好多美眉,有嘛主要是篮球吧
见过250小时400多级的半藏,这人活到现在不容易，请善待
网恋不是非常甜嘛，你为什么被绿了,谁知道
终于可以睡懒觉了,终于可以尽情打游戏？
可以过既，上次清明我都无带手提充电器啦。。。,悲哀啊
说话别那么萌好么,没有很萌吧！
你侄女跟你像正常别带坏小孩,哈哈不会的
我心思再重新找个，得用个顺眼的,现在这个就挺好的
滴感冒卡，可以留言点歌，我是驻唱,动物世界。卡忙北鼻
两层水印很可怕,并没有，两层水印不重合就好
生日快乐,哟你还记得谢谢啊
月月以后找我,好以后陪你看电影
脸怎么可以这么小这么瘦连棱角都没有,不不不很大的
新年快乐宝宝,嘻嘻
你开心就好，我愿意洒。,这是你说过最暖的一句话
娶到你的那个人真幸福,谢谢，可是那个人还不来
环保吧，全国都在严查环保,应该是
我梦到俺爸妈生二胎三胎，哭晕在家里,哈哈哈哈那不是初中的我吗
去听会老大的歌老大会帮你净化,四个小时
为什么不问喜欢什么,你最喜欢什么运动？
美好、随意的乡村生活！,偶尔的客居真的很美好
哈哈生快！生快！貌似迟了好几天,哈哈，谢谢谢谢
你的女神是谁啊？,刘东洋啊，你认识吗？我高中同学耶
我有洋参，你有咖啡吗？,当然有，还能让你坐着地铁喝咖啡
我同学说买你们电脑会爆炸，我都不敢买了,小米出游戏本了，米粉就来这搞事情了吗？搞笑
优酷居然理你了,我现在希望优衣库理我，不是优酷
我以前去的时候几乎没雪,哈哈哈要下了雪以后去啊这个本地人比较占优势啦
假发奥,哈哈，女人不
你小时候一边没有眉毛，,光线问题
我这么好为啥没女朋友,可能你有男朋友
关注我，温暖你。,谢谢那也请关注我吧同温暖
你这样突如其来的爆照让我有点受不了,憋着
一首梦醒时分送给这位朋友,醒来又是一套理综
学游泳去？还是游泳休闲？,学啊
青岛的朋友在哪，让我看到你们的双手,在这里！
春心荡漾了,真的很激烈很好看是我参加的组织
吃多点，别饿着哦,不饿不饿每顿都有吃阿只是量不要太多
这时间旅游开心,人吧就得任性点！
烦都烦死了,？烦啥
恍恍惚惚你到了么,兜兜转转到了
你可以睡在男朋友的怀里,没有了
我经常会想，要是不分手我们会是什么样子。,那就晚点在一起
拉肚子吧,嫉妒
人生何处不相逢,人生何处无惊吓
南方人现在穿棉裤吗？,我怕冷，会穿两条裤子
晒太阳,有人说晒太多了
易烊千玺好帅,何止是帅！一开始的微表情！
社长我发烧了在用绳命等你回复！你能看到不？,蛋蛋的回个
之前只去过朗御的啾啾吃新疆米粉,我还没去过听说好吃哇
人家是对你有意思呢？,你怎么不能想正常点的！
看了两集步步惊心，就跟看你拍了戏一样,哈哈哈哈都已经出来了啊
演唱会VIP全景,海洋是吗哈哈哈哈
我从不说假话,我问你在干什么
你是大长腿,哈哈哈，说的就是你
你居然花了那么多钱就看了一丢丢,线下班就花了9800
喜欢你现在的风格,嘻嘻嘻我也喜欢
你们都不睡懒觉嘛,懒觉？
-对你一心一意-两颗心永远在一起-三心和二意都是你,套路深
你怎么删博了,我隔一段时间就删的一般一两天就删了
求资源,我有，私
听说你和欧豪复合啦！,不要乱说好吗？
你上班是真不累啊,也累
仙人跳呢,仙人跳哈哈哈哈
最近在忙啥,宅起的
晚安,还没洗澡哈哈哈
你现在不非主流？,没你非主流
当爱已成往事,往事不要再提
电视剧还是有很多不错的,最近国产都开始良心了
哈哈哈我今年要做的事就是去看周杰伦演唱会！,可以可以！
我已经上第二个星期的课了,我现在可能比你难过
惹你不开心的都是坏人,出发了吗今天会有的热哦
没有遇到对的竭尽所能地付出只会换来竭尽所能的嫌弃,对啊。都是嫌弃，
毛老师看一下滴水湖场外,霸哥真的好拼
运动会我爱看接力,我爱跳高跳远
想核突你。,好吧。
我的心丢了，能帮我找一下吗？,什么意思呀
张翰我喜欢你,喜欢你
有没有钻石保险,已停售
今天这么好的天气应该去爬长城,你觉得会人少
忧伤什么你告诉我？,下雨了呗你俩逛到哪了
累呀,真的累
2k依然买不起,我也是
做代购就好啦,偶尔做
你会送我手机吗？,你开心不？你美翻天了！
想念谁、我也不知道、你在想谁啊,我可不可以说我想回家、想我老爸老妈啊
你买了什么颜色,灰的
哈哈哈，四号是来搞笑的吗？安慰奖要不要？我选123,不！要！
关于我们，你遗憾吗？,扎心的遗憾
驻港部队穿军装外出怕被打,不是。
晚安哦,那就是
你酸奶能喝完么,能！我不是一个人！
晚上吧！和我一起,还是想早点去可以在北京晃晃，你啥时候回来
宽以律己，严以待人,无言以对
猪猪男孩想过的精致点怎么了！,比我精致就是你的不对了！！！！！
丢火车,哈哈厉害啊
啊啊啊啊啊啊啊啊啊你好帅！！！,咱们继续减肥吧
下辈子吧,啥人啊，你！
我们来聊天吧,好造孽
被征用的就黑幕你第一个包包,爱我所爱
哈哈哈讨厌的人分类丑,哈哈哈你懂我
人家要当你的天使啊,月半，人贵在有自知之明
天凉了。注意保暖啊，祝您身体健康~,谢谢你哦
夹心我看到你双下巴了,不重要都不重要！
折耳吧好看,彦神的
我记得只有收纳箱里面是私人空间，,所以你是这个学校的吗你了解吗
你怎么还不开奖,你又不是知名博主，你管得着么，哼！
你怎么知道我是大学汪,我们聊过，不会换了头像就不认得了吧
西瓜在手天下我有,我打翻你西瓜别吃了
注意身体啊亲~~~~,嗯，我会的，你也是
老爷子不是亲生父亲撒花,不是亲生的吗？
恐怖片场景,多超现实感
早安,晚上好
刘海过渡期真是一天一个样儿,手动自己剪
买买买，小猴子真爱吃桃子,已买一大筐子
仙女快来把我变瘦,想变瘦找我啊
你居然有193,对啊
你还是放过我们的眼睛吧,我也这么想的
不要太依赖咖啡哦~,根本没办法工作必须清醒
秋裤很暖么,必须
哇~~新年好~~~~,哇，好快乐哦
咦大家都在刷二只有我在刷一吗,我也想刷一，但是有风晴雪
开心,就是就是
神助攻你被翻牌,哈哈哈哈哈，借你吉言喽
我葱的声音好苏,为之倾倒
宝宝加油哦,好的
我也以为马震是人,我不是一个人
加油加油加油,阖家欢乐
修仙不需要睡觉,那我感觉你快了，不睡觉
你觉得老爷爷的信念是什么？,老爷爷是个有故事的人
15年这是隐退了吗,谢谢你能记得我
长腿宝宝有木有18,永远18
吃个糖就不痛了,医生说现在不能吃甜的
你们有开同学会吗？,开过
小竹子新年快乐，狗年大旺,过年好
人家脸大又是流量大花,哈哈脸大
我以前也喜欢淋雨，后面长大了发现对身体不好,会感冒哒
你啥时候来啊,我也不知道哇
再见啦,未完待续
可爱,对呀
喜欢吃猪油糕,不亮人（油腻）蛮？
毛老师，会怪我吗？我是爱你的。,毛毛：怎么会呢爱何老师
0407不应该是白羊座么,说的应该是阴历生日吧
明天能找到男朋友吗！！,白熊
长路漫漫永远陪伴17岁的易先生你好,真的特别开心
个个靓女都变得吸引了！那你该如何是好？,跟那个愿意接受自己的一起咯，很简单嘛~
千万别让自己感冒了！,谢谢关心
阿姨眉型变了好年轻！两姐妹,我妈可高兴了
难忘的睡衣party早上整两瓶啊,你也整不了啊哈哈
什么时候和鹿晗分手？？？,有病吧，人家都不分
居然惊现我的大脸,你也是我的回忆呀
我爱你,别说话，吻我
预定两褒菜干红萝卜猪骨汤,好~~~烧烤打底~~~
新年快乐啊！,新年快乐！！！
来啊，我管饭,我是饭桶，每餐两碗起！不退不换
难怪一晚上乱发信息哦,谁乱发了。我清醒的很，谢谢
她的脸不见了，求我们帮她找回来,我买围巾哈。你和静商量一下给她买什么
我说有呢人咋瘦不了,你知道的有点多啊
我的形象,你的形象在哪里？
前天去学校电影院那里看电影，然后被猫挠了,哪里有猫猫
天师早,早上好
给我买个女士的,，女士的
屠的意思估计是让我们在梦里看，毕竟叫梦游记,老姐姐快坚持不住了，真心害怕明天起不来哦
女生节快乐~,谢谢师弟。
能不能涂个口红,忘记涂了嘿嘿
得补钙了,你来
今天看双十一好像没我名字？还不确定吧,有你啊有你啊有你啊
软妹子从小就怕不软,不要把我咽下的一滩心头血解释出来
真的是每次周末睡不好就特别懊恼！,一懊恼又更睡不着了
你最近是变多胖了啊,不知道你。。。
我是谁？,十三妹
伸张正义！挺幼儿园！,哈哈哈哈哈有人没看懂，不过理解
前天失眠你还记得住啊？,废话因为你天天失眠所以不用记
你是不是还喜欢前女友,我喜欢的是你
这面膜超好用尤其粉色那款,期待效果啊我啥也不懂
腰酸是在2个月后,是的我也是这样！后来能好吗？
后者你长的像小丑就要多读书,大头
有品位,哈哈
我比较喜欢眼泪,都喜欢
我也想去未来的某个冬天一起吧,哈哈哈哈哈待我先去西安
我也又买了一件羽绒服，今天到！,我的所以货今天到，要好好选
我在公路飞驰,哈哈，雨夜路滑，这是要去哪啊
老师以为你是哪班蹿来的学生来哈哈哈,以为我是高三的。
知道冷了吧,冷到骨子里
投球姿势让我想起乔丹,不是吧
睡不够的高三党，觉得好难熬啊！已经很努力了,加油
当你家兔子真幸福,我怀疑它成精了
新年快乐！,记得每天都要快乐哦
早点休息,说好的艾特我呢！
居然不叫我,你不早说
幸福哈哈哈，我前年生日我闺蜜也送了我一个,前年生日红海就出了吗？
臭臭背词词,你写我背
大雾会黑暗吗？不是很懂你们文艺青年了,没听过黎明前的黑暗是最黑暗的吗
吃什么,能带什么就带什么呗！呆在春晖已经没得挑了
腿长了不少,跑的也没变快
羡慕你哦,是我该羡慕你
看不太懂所以你意思明年来半年？,对，交换留学，我没讲明白
喔我们大广东还是夏天,你继续嗨
感冒发烧在家睡觉,我很羡慕你真的
没让泪撒向大海么？,哈哈哈，我真的超级怂
你什么时候有这凶残能力了,一直有的好吧
我也梦见了某某,谁呢
缺乏运动，出去跑两圈,跑两圈更睡不着了
晨哥晨哥早,为什么这么累呢
我今天将近40度,我的天啊！这才10几啊！
你可以再可爱一点,哈哈哈！你来比可爱么
开福区路过,开福
城市快捷好吗,妹啊，你不专业啊！现在都去优衣库了
你是故意打成鹰飞的嘛难道，关键是你开车啊,那必须的你可以把鹰飞给我开啊
又怎么小了？你现在塞子是无敌无敌咯,塞子萨意思？
你已经放弃女强人的路线了,差不多，我极力想成为小女人
问你哦，夏天掉叶子咋回事呀，水大了？,应该是
我一晚上点了两份宵夜,吃太多会失眠！真的！
看好隽逸,吴晋级了
155的我买了这几条裤子，狗哥你觉得会长吗,不会长呀
屋头人爪了啊？不要英语嘛硬是得睡了睡了,是大姨妈TT我今天一天都不要看书老。。
我哪有欺负你啊。。。,嘴巴欺负我。你是男生，要让着我
妈妈吧长的真像在外面要好好照顾自己,嗯嗯
我也是讨厌冬天,无比超级巨讨厌冬天
什么时候回国呀？,一年一次吧
我说林更新可爱没人反驳吧！！！,我说你不可爱没人反驳吧
陈雅萍，可爱，想哔,好说好说
背影有遐想的,你遐想了些啥
90日常发糖日常甜,不这只是恶趣味
还能感觉到肝疼厉害了,本来就咳的肺疼，这下好了，肝也疼
明天放晴好吗？我期待。都快落霉了！,好，到我们这里下
熊孩子身高,姐姐别这样
表白易烊千玺,就喜欢易烊千玺
吼吼，你牙还在么,估计现在应该酸到不想说话了吧哈哈哈
歌神,是的，心中永远的歌神。
喂你好！陈葳吗！我下午去厦门！会不会被吹走！,哈哈哈哈不会艳阳高照
你去哪里？,我去海南啊，你呢？
你能不能稍微打扮一下,你闭嘴！！！好看！！！
哈哈我现在的头像嘻嘻嘻,太难了
又梦到我啊？,哈哈这你都知道~
你弟好大呀？,才上初一
靓女啊,心里惦记着班长大人~可惜下个星期出现不了了。
还有像我这样的90后记得你吗？,有的
又来哄人了,严肃
下面空那么多事位置不放按键,同意，放按键就完美了
每天胖一胖,说得对
s8能不能给我留着,这种机器价格下不来的，不像普通版
好幸福的一家人,！！！！！什么情况
我哪里不好,需要单身的经纪人
再来一次还愿意做校霸吗？,长那么帅，不用就浪费了
吃货会食欲大爆发大,哈哈
土豪，都有房了,茅房罢了
木有和你牵手，拥抱啊。哈哈。哈哈。,和你的尺度没那么小
脖子怎么,刮了下就红了
你也是长岛的吗？,不是去玩了
生日快乐哈,谢谢你呢
生了吗,生啦胖公主一枚
我就想知道你买了啥,谁知道衣服鞋零食各种？？
从六年级到高二这个节目拯救了我的音乐审美感恩,我真的和你一摸一样啊哈哈哈哈
怪不得要吃三文鱼，没人陪吃了啊哈哈哈,被你看穿了
起床了,起了啦
妹子超可爱呀,对呀超级可爱的
痘痘毁一生,哈哈，你这样才叫青春啊
猴猴看,你更看~
我已经拒绝尝试新品了,我也要开始拒绝了每次尝试都很失败
生什么气？,听到不好的消息就特别生气了
求带上，求吃肉哈酒啊,坐门口来！
这个小天鹅，是大的那款还是小的？,小哇
哎玛，龙哥太逗了,不逗，为锻炼找理由
我也喜欢坐高铁，非常的方便快捷又安全,看来同感，还很准时。
感谢主人的陪伴，小松鼠爱你哟,爱你哦
肿么换头像了？,背景难看、明天拍个好的
不知道我理解的X对不对,她还有什么x可以借我
心中有爱，心存感恩。,好文采鼓掌
喊你回来决战到天亮你不信,等我
快加完班了！！想回家就扑床上去，太困了,想你！！
党员优先,面子优先
美食达人哈，天天秀吃的,常常
小土，睡偏头了怎么办？,不严重的话一般能长长圆回来的
上大学该谈啊，大学不谈以后可怎么办,我深刻的认识到了
戒指好看啦！愿你们久爱不腻。,一定一定
这娃娃多少钱，来俩,白送
好久了渣浪,我才发现
中年佛系么,主要是你们这群佛系90后已经步入中年
六姐是女神。。。啊。。女神,六姐是？
早安只只美少女,早！没睡好
软件名称叫花粉儿娘娘店铺名叫等花开,苹果手机咋没有呢
阿Q你文化高我问问你为什么没有男孩子喜欢我的,哈哈哈哈哈哈哈哈哈看笑了
夏天比冬天好些吧！,我喜欢冬天至少不这么热
你这是几个小时的时差呀还不睡,该睡的是你
倩倩中秋快乐哟,你也是
橙子又过敏了吗？,是啊，没见过这么严重的
为什么蜀黍越来越好看，越来越儒雅,好喜欢怎么破
你们昨天嗨到几点？,哇凌晨
姐，你穿的是睡衣吧，不像正装。。。。。,不然呢刚洗完头
我们还能回去吗,旧情复燃就是重蹈复辙，所以你开始一段新的感情吧
早点睡吧，,不睡
大晚上一个个感触多的很。,哈哈，刚看完电视剧，出来冒个泡泡。
加油,开门
给你买酒喝可以么,面包配酒？
你不想我哦,我一起床就想你啊
喝奶瓶的蛙如何行走天涯,带着奶瓶一样浪迹天涯~
生日快乐,祝你快乐
出太阳了！？,对啊，终于有太阳了，，，
受教受教,下回一起开讲座吧
生日快乐，嘻嘻,哈哈~~我还收到你的贺卡~~谢谢
求别说,在没对象，就准备出柜了
鱼丸这是啥表情想嗯嗯啦还是热得嫌弃被亲亲啦,已经快熟了
讲究人儿！赞！玩儿的就是开心。,没钓到多少，不开心
明天我去杭州，然后回四川了,四川见啦
贼好看,这边真是好看哭了
送钱了，还是收钱了？,当老板了发工资了
送你粑粑去了？,回围场了
我这里这两天真心的很冷呀,来广西避寒吧
我都回家辣,嗯？为啥回家，今天星期四啊
哎呀你还卖萌！！,够了哈收到收到！！！
网恋吗？我是林更新,网恋吗，我杀杀。。杀马特
来来来，我给你说一个假的标准普通话,好的好的
夜店小王子越发花哨,这个是一种态度，不一定要去夜店，你说对吧
恕我直言，吃狗肉的先死一下,看到大家都在骂你，我就放心了
电影院是你家啦,第二个家
我想要池昌旭和朴叙俊的博主,这个
俺这有几十台电脑。。,人家还木有结婚，还木有要小孩儿呢，不过对你好是表示同情
怎么做啊眉毛,半永久纹眉呀~
放假还有作业啊,随时都可能布置作业
樱桃味可乐喝起来像是杏仁露但是又没有杏仁露好喝,可能是樱桃核没去
盖好被子,盖的很好奈何还是感冒了
颗颗大家的神回都好好笑唷,大家都在取笑我
呀，回家了啊,嗯嗯
看你背起相机还是刮专业,碰到真正专业的就怂了
你是不是喜欢沙皮,对啊，丑萌丑萌的
爱你,再也不喜欢你了
人家自主招生，高材生啊,好嘛，只是有点惊讶而已
生日快乐喔。。,多谢！！
好久不见。,忘了我没啊
你不来了啊？我冷着啦，难受了,我想来呢！！太想啦我要去可能12月底再去啦！
女神就是女神永远那么自信,就是啊
为什么人家不上春晚呢人家在造娃,说得好！
周遭的要先去你那里要多找几个人一起去才好玩啊,也是啦这里要组队来
醉了~怎么不是说说呢,不敢秀了
你再这么可爱，我就要晚上来把你偷了,你更可爱点！
你去你常带它溜达的地方找了吗,去了，没有
因为不知你说的话是不是酒话,我又没喝多清醒得很
这个架子是啥牌子的？,杂牌
和我一起干嘛,和你一起抱抱啊~你还不睡！
感冒快走，快乐回来,多穿点吧你多喝热水！
我是真服了自己了，怎么办呢。,还是没遇到喜欢的
六出花？他没给你发信息说送的什么花吗？,没有呀
你娃好久涉足艺术照了,哥哥，生活照！
开心哦,下雨开心不起来
我不是告诉你吃枸杞！,枸杞上火！你想害我！
小排球超好看的！！,难道我是最后一个知道第三季只有十集的人吗
被锁住的城,好！
好熟悉的螃蟹！,莫非是你养的
买盆栽我怀疑种子难种,吕过欠。
作业多到爆,我还没写作业，安静的看电影
好看的，我要去换掉狐狸,我们就是这么没有原则
辣条吃多了不好,偶尔吃
没钱了就说,一直没钱。。
你之前还常和我提到他，没想到啦,以前觉得她不错
美美的娜扎素颜也是美美哒,素颜不怕的
可以抱老刘睡阿，不用注孤,老刘终究要和别人结婚的
打卡有用？,当然啦
第三张是要开始摆摊摊卖化妆品了吗？加油哦,随便挑
厨神嫁到,你自己做的啊？
不会撩妹怎么办,那我撩你阿
在哪里工作？,南方软件园。
想买雪花秀的,我也是。再等等
我也觉得，一个孩子，能平安来到世上真是不容易呢！,是的
狮子王我聪明吗,真聪明
一世乡愁,走好
牙咋那么白的,可能因为我刷牙比较久
美人加好看的裙。,哈哈
你不在，我买一送一呢酸奶也没人喝，哎,等我回来买嘛
！你能劈叉啊,那是
等着吧我马上回去了还可以浪几天,你要回家吗？
要准备论文啦？,我连题目都还没定好
哎呀你都会麻将了啊我看都看不明白咋办,吃烤鱼去啊
生日快乐，一直要那么开心幸福,谢谢
难道你是搜索到陌陌,很少上那个东西的！近乎没上！
S7平常使用全清剩下600m,的确，
你在学校哪住啊。,租房子
你载我梦想我伴你成长足球小将加油！！！,三班车友么哈哈哈
肝好凉,脾好烦
你俩在一起绿了她！,你真机智
求小仙女皮衣牌子,哈哈裙子也好看哎什么牌子啊准备去剁手
美丽的姑娘,你要到凌晨睡吗
你做饭？,那不是
周末愉快,周末愉快！
美食！中间卷那么好看的是什么？,水蜜桃，蜜桃季哇
有钱人也不带上我去吃太不够哥们了,又关你事？？
你有没有偶尔思念我下次来梦里找我的时候记得与我说说,把思念带到梦里想你，让我们都相信梦想可以成真。
我看新唐遗玉看得好累,这本我弃了，当年我以为永远不会完结
北京580的还有吗,没了
为什么突然对我那么冷淡,明知是这样可我就是相信不了
我来一个,来！
直接找个陪驾练几天,正有此意
少吃辣。,晓得的
理想三旬，,就老去吧孤独别醒来
偶尔我也翻以前的照片来看，看着看着就笑出声了。,是呀，也有很多很二的照片
卤肉饭果然是你的最爱,重点是那可乐数量
我要吃咸鱼馅的,好的，吃去吧，我请客，你付钱！
为什么我没看过你回这条。是不是你没发出来啊,肯定发了
人只多，你在哪读？,你猜
望眼看，尽情书,是吗？哈哈
大哥你这样太吓人了早上要吃东西的,嗯吃了需要好好休息休息好
明年拍戏,这些角色影响我对剧的印象！
人生得一无水印博主，死亦足矣。,够意思
突然想到，你要回来给我拍个头像哦，很帅的那种,一直帅帅哒！不用她来拍
冰火两重天（室外和屋内）,是的，你这个形容很贴切
雾霾这么大,对呀
有看见你背影N次,不会吧！您老人家也去？
翻不动我帮你翻,谢谢你哦
今天只能道午安啦，选3,一觉醒来，给你一个午安么么哒
美美美渴望不可及,夸张
对于重庆来成都定居的我来讲，无比想念重庆的公共交通,我也有点想
了不起的盖茨比？,看的好累
大佬不知道躲哪偷笑去了,感觉他拍的挺开心的
裤子真的关机状态！,慕斯慕斯
扶不起来的阿斗？,是的，看得我当时就震惊了
正楷是我男神,是直播？
睡着的那个是你,不想跟你说话
猪头有人宠，你没有。,料事如神，言之有理
我们家甜的才会捏尖尖出来咸的都还是圆圆的,元宵快乐哈
年轻还是不怕冷啊！,他还年轻，我是老了
祝你找到有米的女朋友债见！慢走不送,胡闹
我是大连人，为什么我们家一直就有湖南台,高端！
我来了,哈哈哈哈哈还是你好
今天简直是难过,大海等着你
嫉妒使我丑陋,快让你男朋友给你买
今天的你、也很喜欢,爱你
我还想要男朋友呢,去现场看看吧
百度发表的声明一丝一毫一个字都不能信,这是声明吗？这是赤果果的广告好么亲！
曾经我想要一个会拍照的男朋友,能给你拍各种好看的照片
踊跃发言,积极响应
好吧，看看明后天搞一个直播，等我时间哈,好，我等你
正在看第一集，喜欢男主,后面会让你热炸！！！！超好看呀！！！！
为毛跟吃有关小丸子都是百分百粗现,哈哈小吃货！
可怜的娃,是吧，多夸夸我就好了
饿了一晚上想吃呀,哈哈早安要吃早饭啦
多钱啊？上次去南站看着很多碎钉的又好看又便宜！,299，很实惠啊
表白我花姐,再来捞你
月老不是拿你的红线捆粽子去了吧,我说我怎么爱吃粽子
又准备去哪里,回天津了
那个婴儿洗面奶叫什么,没有婴儿洗面奶呀
什么重要的日子呢想你啦，改天再聚聚？,好啊，你回来了没有，就是照相哈
结婚十年，宛若初恋。十年前的今天，十年后的永远。,看好你们。
记得保持高冷形象,本王什么时候高冷了
我家哪来的妹子一群好基友,最后，你会发现，舍友比妹子好的，哈哈
游戏名字叫什么？？求告知！,好，我去搜搜看
笑脸可以解决问题，,早上好先生！有道是伸手不打笑脸人
每个人的背后，都是一个家庭。愿平安,加油
深深假如爱有天意了解一下,给忘了
相信一切即是最好的安排,用时间买过了后悔药，没有什么遗憾
冬天来了,是的哈哈哈
晚安呀宝宝,午安哦
说明好事即将来临,真的多卖了几箱酒
你剪头发了呀~~,老早就剪了
晚上好！,吉祥
今天直接黑到哭,算了你说这话才是没朋友哼
太棒了！好喜欢女生的颜,好喜欢男主的颜
大美妞，生日快乐,谢谢
这是看什么？犀牛？,泡温泉一起吧坤姐
我收回我前两天说的话我又要开始瘦腿了,你不不瘦了么！
今晚有点魔怔我隔那么远都被传染了,不叫魔怔
天津好像是沙尘暴！,那我就放心了
沙子，给来演唱会,要来的。
开心每一天,能做到的都是好的
我从来都是阳光普照噢。。,哎，天生穷命啊
麻烦你解释一下，你为什么会在他酒店的房间里？,我要下车，这不是去幼儿园的车
楼主找到拼友了吗？,找到了哦
亲被你说的好伤感呜呜呜,嗯被我说的太消极了呢
哎我都坚守半个多月了，社长都木有理过我,我也是（哈哈，有没有吓一跳）
他今天都没来打卡了估计是已经不想看见我了吧,真的吗
我说林更新可爱没人反驳吧！！！,我反驳
嘿嘿！没事！要等到十二点！想祝晨妈生日快乐,我们一起等、还有小藤！
你看你，一出门就下雨刮风一走就天晴,是啊人品超不好的唉
还没睡么,你怎么也没睡啊
灭火,才不是
据我们第一次见面到现在已经十年了,咱俩军训是不是还是一个班了？
薛之谦真的在用心做音乐啊,真的是因为推掉了节目还是因为过了气啊？
我不能单曲循环绝望得很,要列表循环
等我找你去以后我会在你家附近出没的,你找得到再说吧。。
喜欢你化妆的样子！想娶！,哈哈。这个很强势
土土真好看！全家颜值担当！,所以本土土一度怀疑自己不是亲生的
找个人暖床就好了,哈哈这事儿还早
陪你一起等,等到了
现在怎么这么能作洋妖,因为我是女生
晚上来玩家睡啊,坐什么车去
王灏之前玩通关了。。。我玩了几把脑袋嗡嗡的,最后一关没过去
洋甘菊,哎哟哟
小郭易，想死你啦。,哈哈，那我也想死你了
这是花莲吗，好漂亮！,对的！
就我觉得陈志朋长得很像哥哥张国荣吗？,真的有点像不过大家都知道，而且都不喜欢这么说
什么时候走？,下周
10万现金那条的是25号开，记错了。,没差没差
请不要大晚上放毒谢谢,嘻嘻
我也想求教一下黄油打发，可以聊聊吗,非子说她的黄油至少打发50分钟
我错过了什么了吗？,啥也木错过，刚拉开序幕
原来现在年轻人都不用标点了啊，下次我也不用了,早就不用了
我一向鄙视山寨,我更鄙视你
骂人不可怕，骂人不吐脏字才能彰显文化,你想打你
可乐是弟弟还是妹妹啊,妹妹
我还是洗洗睡,你什么情况
我只是串门忘带手机了,可爱的男朋友呀
期待舞台王者易烊千玺湖南卫视见,期待大佬
我想知道为什么我的是30,你是五点以后的场次吧
好想知道你那个同学12月考了多少。。。,小伙伴貌似已过，具体成绩啊还不晓得~
段段是我八妹，我没时间带女儿他代劳而已。。,八朵金花
一直播，如果来不及，可以看回放，一定要用一直播,一直播不清晰糊
我打包票，所有原价卖票的都是骗子,所以
看来你又想我们了,你到家了吗
祝宝刀未老,完全不如当年英勇
做我男朋友,可以吗？
我们这里叫韭菜苔,感觉我们这的叫法好奇怪，哈哈哈
第一眼先看到最后2句：我的生日，现在找不到了。,你个2货
情感博主上线了,优不优秀！
你好大头虾吖女,来照顾我
我也是看到了那个放烟花的说说，突然就觉得好怀念,我也有这感觉
粉海好美,美到爆炸！
记到九眼桥计划,记得！！
这些工具够我买一条裤子了,这些工具一般家里都有的
去哪里啦，嘻嘻,在家，失眠
天哪！这嘴巴是吃了好多粪吗！,想出名吧
还在睡凉席大姨你也太倔强了吧,希望周末我能有空晒个被子暖暖的睡觉
原来你上辈子是折翼的天使,是啊。。。
你这是准备在饭圈打出一片天地啊,哈哈哈哈哈哈哈哈哈我只想让花花来点评一下我就走
还好吧？这叫壮实，不叫胖瘦了的话打球要吃亏,今天都是说了溢美之词了，换点风格，虽然很冷，
许愿今天不要做手术,这个好！不过貌似不太现实！
老版寻秦记是最棒的了，我的童年回忆，期待电影版,对啊童年的回忆
冬天。。。能去哪里,不用太远的呐
回家了,在北京
请我大餐一顿能化解,来嘛
你被老婆孩子抛弃了么,别啰嗦！你就说画面美不美！我纯不纯！
你在么？,我已经被卖到重庆了
明天双休日讲座去嘛,哈哈哈哈哈哈不用去真的不是在拉仇恨
感冒好点了吗,好多啦
你好好斟酌一下语言，谁的老公,嗯今天是你的
我天，才发现澳大利亚夏天过圣诞,厉害了吧
圈儿椅是哪一段了，忽然忘了,小郭要置办家具那段
人家管闲事跟你有啥关系？,人家管闲事跟你有啥关系
赞一个！,随便赞
白天出门吓人呢,你想死？
我们六日都有课,摸摸头
要我叫我儿子带你吗,可以的。
可以给我下资源吗,嗯哪可以呢
沉住气,其实没啥啦，只是想到之前的事情有所感悟
我还没有起床所以还不知道,现在呢？
去山西啦，,陕西，西安
我也要你的签名,下个月我赛三水有机会给你签
越夜越寂寞,反正已经起来了，早上好！
要注意安全咯,安全回清迈了
我在家,你走
新婚快乐！祝福祝福祝福！,哈哈哈哈，谢谢啦
看到了茶壶,你呢？
这蛋糕长得真有特色,哎支吃了一小块水果
熬夜一晚也可以拥有,又没有能力你是图好看么
少点观众镜头多点艺人镜头啊一直扫观众谁想看啊,而且感觉还是超级浮夸的观众
我也想试一下东区吧？,东区不熟额你晚上来听微讲堂不？
我在家唉,在家里看直播
帅帅帅最帅侧颜,好看
白白软软的让我想到大白兔奶糖,哈哈哈是啊
灌饼还好吃嘛,不好吃了
秋天你好，秋天别走,最喜欢哪张
量词搭错了，差评。,这么悲催了你还要给差评，爱呢！
碗托怎么卖啊老板,毛毛虫换。
教师的不易，辛苦,很充实阿
谁证明,这个不需要证人
我一定要趁机报仇,来啊！
求饵料配方，大哥,颗粒加超诱
哈喽，吃午饭了吗,刚起来，准备吃午饭早饭
包围我,向我开炮！！向我开炮！！！！
添衣,好哒
对不起，让你失望了。我上班了。,那你为什么还要为考试奋斗
我只见过用水泡的，土里还是第一次，很棒！,你这语气和风格都变了啊
雪总晚安,哈哈哈哈哈哈哈我雪总回你的真是高冷
想盗图发朋友圈了，太懒了不想糊马赛克了,我还有一张我太敬业了
同学你怎么更新成功的,啊？我直接进游戏让我更新就更新了
千万要淡定,好的，淡定
这只手我不要了，马上剁！,一天就长出来不要怕！
感恩节快乐！,嗯嗯你也快乐
赞！,谢谢夸奖
你好，阿迪男孩,博大精深
毕竟红的人都想套近乎,桃李不言，下自成蹊
老师注意身体！,谢谢你你也保重哦
娜娜你变了,变咋啦
诺一写的好看,真的是看见有你就烦
请我吃早餐,想想就好
去三亚黑皮啦！,是啊，嘿嘿。
网红脸,滕公子你认错人了
我也超级惧怕过年哎,真的想到都难受
广州喜茶要排队多久,都木有人排队
戒酒难受一些还是喝醉了吐的难受一些,应该是喝酒吐了难受吧。。
新年快乐！,挺会说的呀
衣服好看但是不冷吗哈哈哈,室内嘛不冷哈哈
给个参考吧：荡秋千值不值得买？（其他都有了）,秋千手感不错
收声睡觉嘛,绝情！！快转
吃完饭,也太早了吧
你爱上了哪棵树？？我给你砍,那不就死了吗哈哈哈哈
亲爱的是不是考前紧张？,是呢紧张死了书都看不进克
只有我一个人被子墨吸引了目光吗,最后那个长发的是子墨吗，胖了？
今天周日不用上班呀,我差点信了
邓超高防要来了先顶我上去,哈哈
北京人说话特别快真的超级搞笑,特喜欢这个口音
来迟勒。,醒来这么早
你个蛋蛋，我在新郑正在吃苦耐劳,叼毛啊啥时候回来啊？
高考加油！,没问题！！！！等我回来给你送吃的！！！
这两天真的很冷你失策了,还好开始转暖了。
大兄弟走错片场了吧,果然有用居然会回复我哈哈哈哈哈哈
憋屈是一样的，但感受不尽相同,我觉得都会失落
顺风,到了
公交和出租，社会的毒瘤,呵呵，我看你更像个毒瘤
哟不知道谁骂人了我可没有像有些人那么没素质,他骂你了？
我支持拜仁,我们绝交3个小时
其实我最羡慕的是大妮,同意
你还有人生？像话吗！,太不像话了。。。不能这样下去明天得开个会批评才行。
我赌2019会结婚,我觉得也是
赶紧拍毕业证，给我看看,好啊
用餐愉快,晚餐愉快
醉了醉了醉了,哈哈哈哈哈女神都被炸出来了
树叶背景自用的挺好看的,整理桌子刚好在树旁边
小三你不回来啦？,大山里需要我
注意休息,早安！
我养了两盆花,能活到我回去嘛
加油,传授一点技巧给我吧~~~
还活着么你这咆哮体写的真是拼命,活着呢！！！
快点考完过来姐姐这里。,好想去啊，
今天晚霞很美,是的
狮心王好看！可是我没有,我也没有，所以一定要买这个
减肥的我只能吃紫薯鸡蛋和豆浆,还要吃点蔬菜和肉肉哦
土豪抱小腿,买来卖的
今天天气简直太好,是呀，竟然莫名幸福感
你看你说的什么话，你是个好人？,你也是个好人
希望你加油我知道很难，不过不出太悲伤。我们一起忘。,是不要太悲伤。。
大辛你知道什么内幕！为什么不艾特我！,小驼我错了我们私聊
我TM摸摸我家的猪,我TM抱了抱我家的猪
怎么还不睡,刚打完游戏
凤凰应该不错，来吧来吧？,抓住时间去！三月份开始！
清新养眼的美图，看着就心情大好,有阳光就好拍照呀。
王思聪真没素质,你最最有素质说什么都是你对
第二空改弦易辙,会的哦
撒狗粮吗,表白圣诞节
早安啊只只,早哦，
懂我喜欢他的心情了吧,懂了
抵制韩国,不耽误养眼！
我今天还刷了两人行！！！,两人行是闹钟
别人家的露娜，为了紫霞买露娜，可惜自己是个手残,我也是为了紫霞
加油,嗯谢谢
有个毛病一睡午觉晚上就特清醒,你中午别睡太久撒
猫竟然没看镜头，感觉一脸嫌弃的样子,一晚上没睡他一直在我身边挠啊拱啊还抢我的床睡
必须完成任务你可以完成你接下来的任务了,胆大了还敢给我安排任务了等你上班收拾你啊
我在外面跑了一天,玩水也不错的
为啥我看到了张杰的影子声音和动作都像,一模一样简直
想咖啡汤圆一起抱,太沉了，一起抱不起来
真羡慕你们村里人,羡慕你们城里人
千万不要再遇见了很尴尬而且我真的很讨厌你,我知道，但真的很想你，但不会打扰你的生活。
吼吼，你回来了？下雪了，温度有没有很哇塞,雪花飘飘北风萧萧
空了我一定要过来。我天天看你发的真的很迫不及待。,要的
水里凉快,太脏了，才洗的澡
塞纳河畔，左岸的咖啡，我手一杯,想知道这是什么梗
用不上把高中给你写老的情书给你发过来！,哈怂
这个空客也有钢索，不怕没电的,貌似只有升降舵钢索没有方向舵的
你四不四蠢,我是。。
你不在了，我怎么办？,好吧，这么说，其实我们都有可能突然就死了
我看到你了。辛苦你了,练好身体，多活几年，争取到处走走。
哈哈刘海每次都是自己动手,我每次自己剪都剪残
还不睡？,还没困呢，奇怪了，平时这时候都困了
开心就好啊乖,开心是肯定的，哈哈。我就知道你看见肯定会来说
又换手机啦？,这不是重点，这手机不是新的，也不算换手机
我就是那个有品位的人！哈哈哈哈送我好了,我也想要呢
保8争9,10吧
我们叫茄盒,我自己起名儿的，
姨夫年轻时估计是大帅哥,还真挺帅的
愿你从没丢掉真的你，38岁仍是孩童的眼睛,嗯！
拿手机姿势也是醉了,你闭嘴
找角度能不能走心点这个角度显的你一马平川,真是的我有好吗
哎哟，我正在吃烧烤,吃了我
为什么我没有对象,因为丑
等我回福州又是生龙活虎,真是比猪都笨的货
我有友善需要和谐,我多和谐，需要友善。
不要告诉我右上是涛涛,你怎么这么聪明
希望还能再见，下一次重逢还可以相视一笑,希望吧。
欢迎亲常来看喵,一定！
在我心里，你就没有离开过,在我心里，也是
元旦快乐宝贝,你也快乐，永远爱你
暑假作业快点做别睡了,看成暑假作业别做了，快点睡我好心酸
嘴巴不错,正在吃口香糖中
你好久没上了诶,对呀追星号不玩了但一如既往支持你幂
情感吧我本来准备发搞笑博但发现搞笑博主太多傻不拉几,哈哈哈哈对
太逗了哈哈，小帅我也给你寄个伍佰可以不,哈哈可以的可以的
睡得太晚了，你身体吃不消的。,你呢？还发烧嘛？
火机多少,不好意思火机已经出了
侧颜很天鹅颈,是的！
第一个玩儿游戏疯了的明星,说疯就疯了
我赶快去瞅瞅我家的蓝月亮是什么的,我家也是亮白增艳的不知道能不能用
你们竟然让带镯子,我们不给带的好哇。啥都不给。
我在家等你宝宝，已经洗好了。,待我提枪冲锋
乐1s用了不到一年除了烫手到现在一天三充,简直一模一样，感觉被骗了
下次记得喊我,在长沙啦今天我跟熊猫吃饭、准备要出门了
战友，和你同感,我们都是湖工人，我们也是理智的观众
给点信息猜一下,华中
心姐吐槽什么？,不该问的别问
求歌名,歌名《恋语》
晒娃这个是真的莫名其妙身边的人小宝宝都有了,是的
闲闲的,辣鸡
幸好我们开卷考加油！,蓝瘦
我喜欢的不是模型人物，我喜欢的组装的乐趣享受过程,我喜欢食物的烹调过程~
你集邮？,没有集看到喜欢的就留下
孟老师家的贵宾？,嗯呢
叶秋还不睡觉呀打算入手一加6或者坚果R1吗,看情况吧
琴娃娃怎么勒,哈哈。如何疏导压力之法。
哈哈哈哈哈请问是最帅的那个托尼吗,发型最浮夸那个
下次看见我叫我啊,。。好滴。。必须打个招呼。
大哥是不是有俩儿子后来过继了一个,还不能说
啊啊啊啊！好想去啊~~~！畅姐~~~~,挺有意思的哈哈，去吧
拒绝宵夜呀！！,其实我不是很想去
我要拉你去剪！！！我要拉你去剪！！！,你不怕走不出彩糖？？我报警。。
回学校啦~书还没有还给你我会保存好的,你慢慢看，不着急
我发了我问宁答你可以发自己那个文,还有其他的文和专访吧
你又咋啦？,她要疯癫！
请教一下哦：上海吃血吗,吃的，传统小吃店里都有鸭血汤
然而现实是，找工作人家还是得看第一学历,第一学历就是研究生啊，大哥。有点文化不？
海狸。。。我记得你喜欢青蛙,我喜欢大部分动物
长得高了不起啊！,就是长得高怎么了
好肥好肥的狗狗！,咦嘻嘻嘻嘻等我回家还有新狗狗！
手术怎么样啊？,我都拆线啦
为了听一下等了60秒的广告,好几秒呢，加油
好棒啊羡慕你,一天（湖南噢）
朋友你没工作啊,没的，
你在回龙观,是呀
虎毒不食子，但你吃了你儿子！,这么多那是一群人的儿子
暴富暴瘦,加油
艺术吗，高于生活是正常滴,对滴
大斌大人不记小人过。。,我系小人来噶好么
我知道你想我了,哪天考完
你瘦了,没有，是帽子遮到的，其实脸还是那么大
喜欢那个土豆！,你们都留校了
可爱的小房子,这可是个模型
都见丈母娘了呀！,嗯啊，明天带他出去玩今晚住这
这韭菜还有钱吃饭呀，真是羡慕呀,要对自己好一点
哈哈哈哈祝你幸福,谢谢！
好久没来看你,哼你也太久没发博了叭！
分手之后你还好么,好不好有区别吗？
小区环境太赞了,就是人少
小灵动--,可爱吗~~
你是瞎子吗,你脸大吗
怪阿姨你好,哈哈，虽然我有颗大叔心，但是现在的确有怪阿姨的潜质
只有剑人的存在才能体现我们的伟大,就是就是，哈哈哈哈
可惜我上海送别我的雪没有挽留住我,哈哈哈，回家看吧
你的意思是要打架喽,单手虐你
嗷工作了的人就是好,何以见得呢姐姐。。。。
前天你去哪里了,做调查呀
生日快乐噢~,谢谢~~~
今天逛商场的时候听到你们的歌了，好激动,哪个商场？
哎，女生穿裙子呀，男生穿棉袄呀，前两天刚研究过得,也不行
这还不容易，不费菇凉吹灰之力，想你想你想你,肉麻用点心对我
风里雨里我们一路彤行一直在,风雨彤行
我缘真美,脸都没有你不是认真的
哇，我开始崇拜你了,别，做偶像压力很大的
睡的晚起得早什么情况,是爱丫对你的
虽然我是一脸蒙蔽的看镜头，爱你哟,哈哈我现在想起你在街上扭了一下就想笑
我看见我了,周小萌呀
为毛她没有脱衣服？？？,为毛我不能拍你？
我以后要学会珍惜身边的好人，遇到对的要紧紧抓住,杉杉快快抓住幸福
换房间吧，年轻人,没毛病哈哈哈
孤独的电影之旅,不是还有你这个老狗么
哇朋友圈总见到朋友居然来天津了哈哈哈哈,嗯嗯昨天一起去吃吃吃了。你干嘛呢
你最可爱！,哈哈哈哈哈哈哈哈哈太开心了
玩到中午12点？,哈哈不是，过后想起来感慨下
过来请你吃,你这不是哪壶不开提哪壶么
你想干嘛,我想上天
祝你们幸福哦~,谢谢~
将来要找一个胸大的老婆,要啥
当妈后回来继续奋斗。。。,也行！
你现在在哪里工作啊,你定居杭州了打算？
你喜欢五月天啊？,对呀对呀~~
呦呦呦，图的你居然比布朗白那么多,它能跟我比？
你不要以为我看不到体重,哈哈哈哈哈哈哈是水印的错！我很坦诚的！
暴露了姓名住址年龄一定要扔掉,住址有保留。
与妇人孺子共事，亦不得已耳,啥玩意。妇人招你惹你了只有慈禧吧
经历过苦难才知道原来生活如此的不易,也可以这样说吧
哈哈哈关注陈博士日常,快来关注！
早点睡,不开心不想睡
我木有妹妹,叫阿姨赶紧生一个
这些扫地机器人真是可爱，很想买一个在家里用,我觉得在家里用倒是挺方便的
自由行还是跟团？,自由！
要活自己啊,没错
我明天调休了,拉仇恨吗
那边的鸡爪真心好吃哈,是的
我还说想看看提莫啊好心痛,他一直都在我身边
恭喜你！,不是啊。
我喜欢及时行乐and活在当下知识见长才是真正成长的动力,哈哈谢老板加油
大眼袋,已经下不去了
回西安啦？,是呀
翻到现在居然看到了我洲,是你洲，更是我洲
青春又醉倒在，籍籍无名的怀。--《理想三旬》,就老去吧孤独别醒来
巴旦木啥时候补货啊,已经补啦
请问哪里可以看到小说呀，有资源吗,百度搜忽而今夏百度云就有了
求交往,我连你样子都不知道啊
大家伙晚上继续,你呢？
抠抠我有重大发现！！！！,啥啊
早啊！喝胡拉汤去吧？,不吃早餐
作为北京人心情复杂那你高考加油哦！,以后去大城市发展，不能再在江苏坑我们的子女了
这发型不过你是瘦了？还是角度哇？,角度吧？
感觉论文大业完成了真的很开心吼，浪起来,哈哈哈，是的呢。从此君王不早朝啦啦
耳朵里长过，鼻子里面还能长？,就是，两个鼻孔中间那里，从里面长的，可疼了~
一搜陈伟霆就出现你这比，天天黑别人有意思,先看看你们的素质呗
我爱你,不会
新的一天一定加油,我会的
哟在做什么呢？,媒体。你还在保时捷？
宝贝儿真好看！,那我可真的太漂亮了！
少女初装,亦如少女的初心、不忘初心、始终保有那一份初衷
致敬原着悟空传在我心里还是那个悟空传。,致敬原着，
造孽的孩子,我现在还在改，改了一上午，还在改，，，
难得啊，碰到你这高人了,我是正义之士，专为受到的云妞打击的银到抱不平
胸比我大,要摸一下才知道谁的大
下次记得搽防晒,没有这习惯脖子痛
有，有没有男朋友都无所谓？？,那可不
吃火烧请认准保定火烧！,以为你们保定很好吗
要想生活过得去，就得头上有点绿！,绿着绿着就黄了！
怎么可以组队？,组不了偶遇
一年去一次？11路可以开。,一周！！
老子要被热死了寝室有四十度,心疼我运
只有父母的纹身是真的,我以为照片上纹身全都是真的
明天好运福运到,嘿嘿。。嗯嗯。。
黑色我喜欢哈哈哈,好酷
有梦想都会为梦想坚持落泪，关注你了，梦泪,你是最棒的
小吴同学的瓜子脸，尖下巴，为何挡住了？,哈哈，你确定那是瓜子脸
啊呀呀~王童鞋出现了~！,嘿嘿~她回深啦~样子没变吧~
他回你了么？,私聊我了
抱抱多穿衣服开空调开暖气,好的！爱你
这么晚，还没睡觉,是啊
你不会过去的，你永远是我的将来,支持支持
不知道会不会显小肚子颜色是真的喜欢,哎，好喜欢，可是小肚子不敢穿
如果你打算去的话，那我推荐你去传智吧。次选兄弟连,传智你去过还是朋友在那，怎么样啊
晚安单身狗,你说单身狗的地方
介绍什么不都认识么,开玩笑的哦！看你有兴趣哦哈哈哈哈哈哈
居然不叫我！,昨天你问周末干嘛的时候我说啦！
晚上好新歌很,弹琵琶
马上开学要见到我了开心吗,开心
人多少转手？,700啊
每天准备在阳台跳哈呢吃过饭坐着一动不动,跳嘛从阳台往下跳那种
你的能量超乎你想像，红牛场打卡,可以直接预约下次的
祝姐姐幸福啊,必须的，
失恋差不多一礼拜了，每天不知道过的什么日子,失恋第7天说分手的是我后悔的是我挽不回的还是我
河南工业大学西边的来顶一下啊,难道没有吗
我要枪版,我是不是还要给你配上字幕
去泰国了？？？,哪里看出我去泰国了？
犬之岛！好看嘛？,作为动画来说特别棒
我一直以为阿玛尼是化妆品，还想买口红来着,厉害厉害
倾城,是啊
你可以找吴文滔他前两天问我有没有人要带这个,他那边多少钱
求大连480两张,转两张480的
向瑄姐学习,瑄姐前几日就已经给你跪了。。
格格是看到别人秀恩爱了吧,当时我和格格在一起
月升王国？,这两部都很清新
请问你为什么要这么残忍的对待自己,我只是走到楼下去复印而已，谁知结果有点意外
头发剪短了呀,对啊，后悔了
不知道说什么好撩我,来来来撩起来
快回来,回去看你秀恩爱？
换手机啦！硅胶。,磨砂不好么？硅胶会不会太软？
棒棒哒注意安全早点回家哦,必须的
飞机上不能用耳机,为什么？
芝士先生,多谢
你们吃饭的这个桌子还挺好的，适合一起拍照,自己拼的桌哈哈哈哈而且加了个滤镜感觉人都好看了
迟到的生日快乐最近玩游戏玩疯了,我就说你最近怎么没动静
大师说了要放下,你懂的。
明天报完名就读书还是,就读书了
风景居多，没有几个你们的镜头捏~~~~,这是旅游目的地宣传片哇
爱过的人是真的读过的书就教科书？！,早上起来看到这句今天台风停电了上午不上班
开学约一波，还有我今年一定要去栖霞山！！！,好。陪你去
暂定娶尧妹家的女儿要是很丑的话就悔婚,那我要考虑下尧妹妹了
蹭热门,哈哈第一次没想到
薛之谦的音乐一般般啊,对呀一般般大街小巷您不爱听您又有什么办法
求带走呗,求带走一辈子
你那么美,你也很美
我们还会遇见吗,最好不相见
我发信息给你都不回我！,我回了啊，你没看到吗？
我本来就在西安啊,哦，那我走了
有些人不适合演戏，就非想往娱乐圈里钻,我不敢说，不敢说不敢说
左下那个呆呆的好可耐,我不会告诉你那是八八最爱的东西！
等农民工工资发了请你次哦,重点在翘班你尊敬的罗总造吗
你帮我报名吧，谢谢你了,恩好的！
我要哭死天天勾引我们就是不做衣服,哈哈哈哈那我以后不发了
这个楼真好看,楼里的人更好看
椒盐蛇我最爱吃啦,好好次
铁头娃都想你了,哇，这个也太好看了吧
下个月要来武汉啊啊啊啊啊,要约么。带夫夫
头发剪掉了？不过都好看,对剪了短发嘿嘿
小哥哥小哥哥。给你个东西你要么,什么呀
头像我女神！,头像是于故
我觉得照这个速度你迟早有一天要露全脸,真棒
头胎剖的，二胎可以顺产么,要看自身条件的
我觉得跟另一半去逛超市是件很温馨幸福的事。,就是这个味儿。
咿你也在上海,刚走了
你再也不是当初哪个纯洁的凯哥了。,还是还是
我们这完全不晒！,你存的什么心
为选课发霉,轻微烦躁
都教授回来了2017年,其实我也听说了
加油小伙子,加油
亲，批发多少,是皇后牌的，批发价主要看你要多少呢？
生日快乐亲爱的爱你,我也爱你
好勒！！！！我等着呦！小外甥！！！等着我,我怕你抱不动！反正我想抱抱你是真的哈哈哈
你一个跳跃360度转身扣篮摆明了的,跳跃这两个字被你用的出神入化
想求下内搭和裙子,就是买了这么一个长裙自己剪了个口子
谢谢宝宝给小玖打广告！超感动！,不客气
我是觉得这个桌子挺别致的,那必须
破了功是什么鬼,吃了东西
你清明有回去啊,正在大巴上广州
来魔都我带你去吃著名的红盔甲,好！！
新周愉快,安康幸福快快乐乐
你不长肉谁长肉,版面吃了吗
啊。地主之仪都不做,你来又没和我说。搞什么地主之仪啊
非常珍贵的回忆感谢永远年轻的五月天哥哥们,也感谢你让我们看到了这么精彩的表演
2206是什么好想知道,他们两个的生日
记得回家买血旺来吃，去灰尘的,怕不是灰尘哦！是各种毒气哦
您还别说，看到这层楼的人都在骂你，我就放心了,这句话一点新意都没有您还真容易放心啊
麦片飘过,好有营养啊
我们停了一分钟啊,一分钟也木有停~
罗志祥实在是太可爱了，完全是搞笑的哈哈,哈哈，他是来搞笑滴
配完他会不会性格有变化？也想给我家小狗子配一窝,果冻第二次配了一点改变也没有，还是辣么的窝囊。
嘻嘻嘻抓住青春的尾巴,浪起来
所以来游泳减肥了啊,我希望你和我一样，喜欢长胖。
珂润买了吗！,来不及！我的董
你望望你，也不打个标点符号,任性！！
哈哈。你在哪上班呢,在北京呢
宿舍D人一家越来越迟睡,噢噢~你建议下早点睡嘛~
不是每一个胖子都适合减肥,这不是在夸我吧
差点忘了明天早晨要考试,姐姐明天考试啊
你一天天的小词儿一套一套的,我想画画
你好无聊，我既然也无聊的看完了。,嘻嘻
纠结外套买粉色，还是白色是不是白色百搭点？,对但是粉色耐脏一点哈哈哈纠结
你们看不见我的图吗,是我瞎了
衣服五折会不会打我，同意的赞,同意+1
没有肉吃的人生是不完整的,真的是，顿顿肉才是完美
老师你的家乡在西藏么那真是太美了,没啦就借用下歌词
岳岳这是我家狗吃的,请问你家还缺狗吗
快带我来踢桃,下午找周公玩
为什么你的坐姿最汉子,。。。我们不都是么。。
易烊千玺00年的比我小了四岁依旧很喜欢,他竟然才00年。他在我心里一直15岁
我还是想不通谁的大嫂是什么意思,不用想了
你在那上班呢,上学
原来你是小月,是她就是她
回得来不？！你诺还在睡觉,差点回不来
保重身体,强撸灰飞烟灭已是结局
前奏长的我差点放弃,哈哈哈哈哈是啊
我饿了就来看你了,过来我请你吃
哇塞漂亮宝宝,以后你家的宝宝也会很漂亮的
你俩合照咋不把我叫上呢,你太美丽不敢接近
完美身材。你有多重啊。,88吧现在
你回西安了？,没有我爸吃的哈哈
欢迎肥来,我很不想肥呀
瘦成大长腿了解一下,不信的话那就算了吧
为毛突然变得这么感性,有感而发
你买多少钱,那整套必须是1516的呀
我在武汉混了这么久了，为什么不问我,那我现在问你
这把狗粮吃的我吖,没有啊
面面能不能说下丽颖呢？,接下来是会写她的请等待
哎呀！！你没有喝茶颜悦色！,啊？茶嘛？
加油你是最胖的,给你生猴子
因为我是完全不能吃牛肉的人。,我也好久没吃过牛了
注意安全做好防晒,不用防晒
借我背几天,收费
来啊秃二狗,不秃
完全看不出P的效果，简直浑然天成。,眼瞎吧
求问仙女白凤堂的刷子扎眼不,不会呀
羡慕嫉妒恨,牙咬碎了也没用，赶紧找个才是正道
我要多看书多看报,说了那么多年你还不是没看哈哈哈哈哈哈
哈哈哈哈很久没有见到小祖宗了,到家了到家了
累并快乐着,加油
年轻就不怕,也不算年轻了
震惊，某高校男生宿舍居然发生了这么不可思议的事,震惊，早上醒来照镜子发现镜子上有不明液体
又不过敏了是不，还开始喝上了,喝一点点
没钱,对，没钱
下次我提前到武当所给你送饭！,不如替班
你回什么家啊？？？,不是跟你说了嘛
韩雪好美,好清纯
今天还是很高兴的,还跳心拿朵花当陪岑列
感谢亲的推荐，这口红的颜色喜欢。,超喜欢的
你要干什么,不干嘛
来晚了坏女人,什么坏女人
不认识,第一个你肯定认识啊！
不在乎喜欢他多少年你喜欢他的歌就好,每一个人都应该因为一首陈奕迅的歌而哭晕在厕所
逢人只说三分话，不可全抛一片心,人前不应该说的话，背后也别说
不得陪句什么孤单不将就，想念不回头嘛,敬往事一杯酒，再爱也不回头
17岁那年的雨季。,明年我十八了
爱你！,你们没爱错
为了响应大家的要求我决定卸载了,还有你经历过被13连跪支配的恐惧么
会走路啦棒！,扶着站的
我晚饭真的没有吃,我也真的没吃！
X256G值得拥有,谁家的啊
我周一回去哎,我明天就会芜湖吧！
易烊千玺什么时候跟我表白？,醒醒
小哥有没有瘤尾的？,有但是是图鉴和小简介澳洲守宫图鉴
你不用担心脸的问题,是我们技术不够好
不知等候的人过的好吗,我想应该很好吧
男神,你居然可以认出他来
本命年诶嘛，小盆友,可不咋的我13
我要赚很多钱,我也想要
你不是要睡觉吗？,我躺着了
我也得赶快找下一任了。前夫，祝你幸福。,不能开玩笑了。我爱人来监督了。
我来救你,好呀
你们下次做一次,感觉毒瘤要飘起来了
这被单也太不可思议了吧,怎么了？
劈完腿再劈一次小三吗？呵呵？,绝不回头
邹平哪里修的火车站啊,不是吧
妮子准备啥时候办事儿啊？听说你出国了啊,来念书啊哈哈我六月结婚老大你来吗？
约起来,哈哈，我明天下午就走了
五一回家？,嗯呐前两天刚买了票你呢
小臭脚,胡子也很臭
吐槽什么，快点找个女朋友啊啊！,你点醒了我其中一个点，但还有更重要的东西
来成都耍,一个人怕怕的
赵老师心宽体胖啊,我瘦了
女生节快乐！！,你也是
喝红酒,哎，下午又喝起噢，恼火
华丽丽的电饭锅，应该抱着招摇过市！,大！
荔枝公园,是滴锻炼肥肉去中
加油，生活不易！你可以的佳哥,哈哈感谢
这个百香果很定酸的不要不要的,确实明白不了
逗比明年见,明年见
柴犬柴犬超想养,我也是！！
在家就是等挨骂。,真理
分手啦？,对恩断义绝
哈哈哈。250又是个啥,俺俩认识的时间啊哈哈哈
打王者打的我桑心,我都快吐血了
没有买卖就没有杀害,你别吃任何东西啊
求你再换个头像。。。,昂，这个蛮好
周末快乐！,您也是同乐
感觉商场里面的化妆品店男柜员好像更妖娆点吧,这是你弯的理由吗
注意一下像我这种双十一不买东西的女朋友可不多了阿,我也没想买东西，话说今天20岁生日。
幸福的人啊，我们发高烧也只能自生自灭。可怜啊,你有老婆照顾你好吗？
到家了,刚到家
年前上哪儿招聘去！！！森气！想放假！,其实就是换个地方，玩手机
马上睡了，太早睡不着。。。,少玩手机就好啦
呸能有点科学依据吗？,无语了，这都能上热搜
又搬家了？,恩那，搬家才发现东西真多
最近看了什么小说,最近没看书
一起来增肥吧！肥点好看！,我已经超出你的目标了
去华清池泡脚吧,哥你看那坑里有水吗您这不为难小老弟呢吗
还在纠结考试,不是考完了吗没有做完就出来了啊
马着以后去迪拜用,提前做好攻略
你是偷着乐吧一下黑出名,黑天鹅不是已经臭名昭着了么
胖5斤飘过,5斤止不住的
心里苦，要打工,哎本来我也是没办法父母强烈要求回去陪
结束了宝宝们,丝瓜毛豆
晚上给你炖羊羔肉,俺和俺对象能去吃么
给他的颜挚还是胆量,颜值100分
问候朋友,你是
我不说话,你已经说话了
这几天你好像很开心哦,愿可爱畅每天都开心
向往旅行，发现了你的足迹！,你好:)
加油加油永远是你坚强的后盾！,嗯嗯。好的，
不敢再减肥了。,回到85就不动了
亲淡定,你不懂~
一个人在解放碑耍所,对头
七月马思纯,厉害厉害
剪头发了？,嗯呐。。。
等有空去旅游啊,好呀好呀我也想年底去
我叫一顿。,醒醒，我才是
美美的你、美美的下午茶,一切都是美美哒洋洋也是美美哒
我不是大叔，但我也要给你一个,哈哈，谢谢鼓励！
拉双眼皮了？,早就做了
小伙伴是没发现我的糍糕写错了么。。。。,呃你难道不是故意用这个字的么。。
咱两一起哭,伤感
是要开始皈依佛门了么,一起吧
早上好！今天上海下雨，有点凉快！,这几天似乎各地都没那么热了！
开黑走,异域风情走起来
午夜惊魂哦买噶,结果发现是热水壶发出的
回来一定要约我！,我只回几天，你可以来我家找我
小镜子我在发呆，，，,呆呆的姑凉！来！瞪眼开始！
我正节食呢你让我看这个,快来尝尝我手艺
你作弊吧，一般猫变了人不是都没穿衣服吗,送你上去
六度相对北方太暖和了,南方的风吹得你骨头痛
你们的头像都要弄混了,哈哈，我是分身
人地放假，你就翻去？周围滴公路整到好靓喔！,途径而已。我去惠州玩，不过真的很美
我的王，你在的地方，定有我的身影,为你拨剑对天下
你来吧？,明晚有事的啊，人家一周前就约了
榴莲！！！便宜！！,我感觉也没特别便宜不过已经买来吃过了
大条正好，我最钟意大条的鱼，吃起来没鱼刺的压力,呢条鱼比正常噶鱼大一倍
我爱妈妈、外婆。。。。等等,我也爱我爸妈我奶奶我外婆
早上好！！,早上好呀
你发钱了,你猜
哎呦自己动手丰衣足食嘛,俺这就学。。。这个太难不会。。。
求鞋子型号,帮你找找小票啊！不知道还在不在了！
你又变好看了,你更甜了才对哈哈
林妈妈哪里高就呀,在幼儿园啊，我家附近的丽水幼儿园。。
！！急毛阿。,怎么又去深圳了
睡你,巧了吗这不是
刚收完衣服，就下了,嗯嗯~~，过云雨~~~可以继续拿出来晒了~~
俺也是，准备逃课，明天下午再回校,非常好
只要腿部酸胀感不太明显，然后跑完拉伸一下就好了。,最怕明明腿粗还越跑越粗
我什么时候才能变的和你一样有才华,你是？
哈哈哈，山上现在小狗七八个,那还能养不或者周围有没有想养滴
尼斯出事儿了你自己多注意啊,放心吧没两天我就回去了
今天是依旧元气满满的一天！,凉的快一些
恭喜哇，什么时候可以喝你的喜酒？,嗯嗯，希望可以参加
明天等你,要的呢
怎么没发超话,这么少不好意思
美得都想约你了,哈哈哈，蜀黍不约
盒子怎么可能吃半个就停,没错！我高估我自己了
奇妙的缘分,听说秋水就是以他自己为原型的
我有点看不懂了我觉得巴萨现在乱成一团什么鬼啊,至少有双冠，也不差了
由摄影者到阴阳先生的蜕变你经历了什么,哈哈。
你是古交人？还在古交上班？,算是古交人也在古交上班
今天不是停气么,应该是早上停气
啊啊啊，你吓到我了~~还是妮妮醉美了~~,表示强烈同意！不过你们也很美。。。
蓝倒是还缺蓝朋友,被组团围观？
说韩雪女神最美一定有人赞同的吧,真的太美了，我也真的没有办法控制我自己了
西兰花！,喜欢么
你家已经动物园了吧,她家是马戏团
火龙果,红心火龙果
饿了,你走开你这个
单反拍出这效果？不过还是要赞的，为沟。,所以并不是！
背得我口吐白沫我会不会七窍流血,亲。。你肿么了亲？
你这么棒的,加油学西语喽！以后可以一起去西班牙啦
奶瓶全新吗？价格,是的，全新，60
让我谢你一次吧,我也想谢你一次
打call一万遍这组太棒！,打电话打电话
腿是漂亮,最近胖了以前还瘦点
我从六月四号第一天期末考试到现在不见好转,那你比较严重啦去看看医生吧
传说中3年难一年简单,唉注定
哈哈，榴莲不错哦,不行就试试
点不开,手机问题
求带健身我无效好多年了,可以啊，我可能明年到长沙工作
遇到个垃圾，要换工作了,最聪明的就是你
昨晚还梦到考数学,肯定没做起
审美标准不一，朋友圈的基本都不是爱好者,对啊，我觉得是圈里人和圈外人的区别
公众号怎么没有收到推送,早就推送过的
你去百度哈优衣库事件,羞羞
在图书馆冻成金毛,我也是，冷死了
你怎么想起来吃药了,我天天都吃药啊
你要是不美丽别人还活么,我们在一起吧我就是带牙套的胖子
问心无愧,绝不反悔
活在树懒的世界，一切都好祥和哈哈,看着我好着急哈哈哈哈
眼光很重要。起点很重要。加油,嗯，目前有点小想法，打算付出行动，很难，但是会上。
我们2月14报到,跟我比？我2月3号上班！
你的美，我包了,送你上去
你俩喝假酒了啊！,向来想法一直啊只是你不合群
胸大是不是不会滑啊,胸大也滑真的
文比花更美,摘取名句
坚持！让曾经看不起你拒绝你的人后悔去吧,坚持下去
捉蟹小能手,你也是小能手
过年有旺火，放烟花，别的没啥特别的了,旺火是啥？
你不是一直不穿鞋子的吗？,屁！踩你脚趾啊喇！
大哥！顺丰18店主收的是23,慢速18，次日达23。
我今下午看到你买了，不惧迟到啊,有吃就是福气
不能513再去青岛么！,那么我这一个多月回回家吗？？？
手好粗,什么意思
中秋快乐！,嘻嘻你也是哈
大姐你叫我4级怎么办,用脚趾头想想你那个四级，哎和我六级一样咯
不转发不评球，就说想你了有没有奖励,有的聊
青春期撞上更年期,要不要这么形象
珍爱大脑~远离方便,哪种方便？
右边那只的手，在闫老湿裙子底下？在干嘛？,在腰上！！！
饼子生日快乐！,谢谢
小学生,这都给你看出来了
我这里明天31度了,我还穿外套。。。
快生的时候就自己特写的拍了肚子，不敢露脸,哈哈哈，你还有机会！抓住！
哥哥，我已经回来了！,你没给我说！！我以为你在你婆婆家，晕
看这生活美的美,今天累死了
速来！,来了
秀美食是种病，得治！,哈哈
原来你的故事我从不曾知道，是你推开了我,你都知道辣么多，还说不知道
我来惹,快来，还能一起锻炼
在一起！在一起！,哈哈，你们在一起！！！
去哪里？,兴国
今天天气很好，我想出外看看海,能看到大海真好呀！
水印要不要打的那么霸气,霸气的人就要用霸气的水印木哈哈哈哈哈
你们还不放假？！,放了，只是从家又回去了~
今天还是有点冷哦！注意保暖,谢谢！你也一样。
向副班长低头,低调低调
下次拿只猫吓醒你。,怎么可以这样
日常期待佳佳姐说北京场更精彩,我就很想听琉璃月
看到这么多吃的已经感觉到背后满满的能量了,真好吃
你帮我捡好嘛,天天都需要你爱，我的心思要你猜
这个综艺节目真的很有意思，作为女生，我很喜欢,我也是，特别喜欢
游泳才上岸，男的都是嫩个穿起的！,你看后面瞧你们的老外都穿起的，漏点了。
玄总生快生快！,谢谢
准备搬床板回去么~,我要和你学摄影~大佬~我跟你了~
我天，昕姐腿这么细了！！怎么瘦的求秘诀,衣服肥了
？？？？？？家暴不都是男打女？,不是女的被打吗？
在南平看到你了，毕业了吗,6月份嘻嘻。看到我怎么不叫我一下
大花T恤哪里买的不错哎！,你要？
这头像是我吗,你竟然才发现
不敢只图新鲜带资进组怕了怕了,十八线有可能带资进组？
我不得不越来越恨你了。。这么吃法还不胖！,我只做不吃全都拿去祸害他人
唇膏你用不了给我拿一个,用的了
可爱呀！,真的嘛
我看过帅帅。很好看,没看过。一定没你帅。毕竟我从小眼神都不好
比赛画的妆画的不错,好久不画浓妆了
不要再说我的腿粗这件事情了,没注意重点呢你，关键词是青涩，女神
在下能掐会算人称曾仙！,学我啊！
生日快乐！对不起那么晚,不晚不晚~明天农历生日继续呢、嘿嘿
他悄悄地来！又悄悄地走了！,他还没走，一直潜伏在身边
为什么关注你的人那么少！,因为就是普通脸啦~
当年的窦哥真是帅炸了！,真的是！！！
皇马巴萨我都看啊帅哥并不集中在一起我很苦恼,阿森纳队的球员颜值水平普遍8分，有没有兴趣啊
看来你练肌肉的决心是下定了,现在穿衣服简直是慢动作回放
要我吗，我也想工作,来吧要人
你怎么不来内蒙古赤峰？,哈哈，你是赤峰的啊，我也是哦。
原来只是我去的时候，樱花不待见。,是呢来年再见咯
我们这昨天还特别热，今天雷阵雨,我还穿着棉袄风超大
彩蛋！！超级甜！！！我不会说我看了几百遍！,你们到底要虐我多少遍！！！
真心觉得给我们照照片的妹子技术真好！,哈哈哈哈，真的有劳她了。
期待好久！,我有高清资源喔
瘦的人都跟瘦的人一起玩,有吗
求个大牌代替色,我能想到的替代色都是唇釉
哈哈哈哈快交男朋友,不是我想交就能交啊
6月的伊犁最美,对啊
难道你的爱会被毛打败吗,悲痛欲绝可能会吧
快乐快乐啊,快乐快乐
加油，祝顺利，说今天北京沙尘暴了,我已经回来了姐，周末去的
你在家么，我明个休班呦,在家在家明天约
老公我没有整容,我没整但我想整
对对对，我带着光和爱，又冲向你了,我哪
弄奖的时候就知道艾特哥,我心里有你啊
哪里有资源啊,我建个群。需要叫我拉你。
焦炭太邪乎,那咋整？
大半夜的城哥快点睡了嘛,睡得很好！今天的比赛来三看帅哥的机会哦！
下雨可冷了,抱抱你
一笑而过我q592729657等你的黄钻,我只是说了一句广告词罢谁认真谁就输了
恺哥想合影跟我说下就行啊，没啥磨难,多希望被你看见
我们比较酷，我们就喜欢单身,是了
刚刚卸了游戏，看到你发博，打算取关你了,好再见
来来来，聊聊,大病初愈，好好对我
来呀来呀，被子给你晒好了,现在就去！！！等着我！！！
酒驾又没伤人，没事吧,撞到你我觉得应该没事
你们两个头发一样嘛，感觉好像啊,我现在长头发了
十斤关键不知道自己胖在哪明明感觉没胖,啊这么一说我好像也胖了十斤太奇怪了胖在哪了
我们要到哪里寻歌,梦里
这客栈不错,是的！
4s更新921掉电快吗？,跟原来没什么区别
我准备马上去那边您们自由行吗？,是啊
今日份的努力,赶紧
我也要去重庆！,来吧来吧
学了这么久，依然学不来别离的豪气。好句。,一般最后一句都是我最喜欢的。
别人不想回复就别问了吧,没有我觉得她挺萌的
希望圣诞节发一下吧,借你吉言吧
知道你想我了嘿嘿嘿,没错是你哈哈
心疼层主被妖精骂的这么惨,不要气不要气，忽略不相干的人去给我们小前任加油
我男朋友诶！！,妈哟我以为你说叮当猫是你男朋友
请问你在洗澡时突然地震你会,裹浴巾就可以了。逃命要紧
有钱银啊,住租房的穷人
大家好我介绍一下这是我羡慕的陌生人,哈哈哈哈可以说是很可爱了
谁叫你单身,谁说我单身
花花好好照顾自己,妳一讲这个我就想哭
置顶没取消看来真的只是表白了,表很白
明早起不来我就删博,呵女人没毅力！给我睡觉去！明天早起！
那你怎么不给我寄明信片啊,等我京都有空给你寄哈
晚上好,我怕来了
我榨过苹果榨出来甜的要命--,对的所以要中和一下的
你为撒不跟我打招呼,我不是花花儿
大家！岚姐更新了你们还在这里干嘛？汗！,哪呢
你真的没升级御魂？,升了啊
还没有,想想
本大人周末去唐山吸霾，你不接驾吗？,真的周末来吗？李彬叶她们也来
那么多酸奶你偏偏选这个,之前没喝过
好哟每晚都有小喇叭讲故事,，一切、一
哇什么发色呀好看的,本来栗棕偏红的红色都掉了
米线诱人！,好吃呢
今天真的特别美加油啊会一直疯狂为你打call滴,你们都特别棒啊
看到我们那张相,是不是很傻哈哈哈
天晴我会按时洗的下雪会拖一拖,哈哈懒猪
这蛙儿子越来越难养了要吃的东西越来越贵,是蛙老公，不是儿子噢
感觉作文可以满分了我,考试你还玩手机！！
我说张梓琳仙女下凡，不接受反驳,不反驳，举双手双脚赞成！
买彩票啊,不用不用
又语无伦次了，还是XX吧！,xx
亲爱的，赶快存钱，虎揪欢迎你~,原来你那叫虎楸
感冒吗？,对。感冒了、挺严重
愤怒的鳜鱼？,老虎鱼
你啥时候回来呀，都没人跟我玩了,你下班回来就能看到我了
只有我一个人想念脆皮甜筒吗？,我也喜欢！！可惜被别的顶替掉了！
戴个油8帽，戴绿帽,你爹进了3个蠢儿子
青春献给小酒桌,哈哈说的好
旅行中印象最深刻的事我和他分开了一别两宽各生欢喜,天啦抱抱你
迪拜的美食太诱人了,哈哈哈哈哈不同的风味美食
你现在在哪？,广州
这个卤鸭舌我随身背,肚子饿或者馋的时候来两根很不错
真好呀，我马上也要去长春上学啦,男朋友在那里吗
我要你脖子上的这一条围巾，真好看,这条是我的
晒恩爱,没有
你这么美,哈哈哈为姐我要看你秀恩爱！！
姐啊，有好妹子要给我介绍，你看就我没对象。,吴某人默默地把你甩开了
晚上9点半后可以打，太晚就睡了,哈哈我都爱深夜
有没有很帅的小哥哥那种过来坐义工啊！！,就服你。
你就别说了，大大姐+3的人,我哪里有大大姐
我就说一句：郑恺最帅，应该没人反驳吧！,我最帅
减一下腿了,减不下来
吴老师瓜子脸了,吴老师没刘海的时候脸可尖了
五毛特效有救了！,真的好赞！惊呆有木有！
你可能要被我打,嘻嘻
说到我心里了一起加油,加油我们这些可爱的孩子一定不能被辜负啊
吃饭饭啊,嗯呢
问题就是互相喜欢了，却没人开口说话~,好不容易有个聊的来的突然被禁封了！杯具了！
这头发这么短啊。。。,扎起来了热
痴汉！,你也贼拉可爱了
早安！真是的！心疼你！,心痛
你在卖萌吗,你被我拉黑了
你的经典语录,你懂我耶
飞机钥匙长啥样？,客机是没有钥匙的
你是不想要你的胃了吧。。。,实践证明我错了，三点就饿了
感觉花心,多说，可以多说
露娜洗脸仪震动频率也不过如此,怪不得可以提拉脸部
接新吗？有偿吗？,有偿
一般狐狸精知书达理的时候，书生都要被吸走阳气了,做一个狐狸精不容易啊
我今晚也买了个榴莲,越看越肥的榴莲！！！！
T3什么时候出，准备来部坚果当备用机！,买绝对主力
可以在睡前来我们宿舍拖拖地劳动过后一定会睡得很香甜,我们宿舍我都懒得拖！
乐视体育，能看到直播嘛？,可以的，超级电视
哈哈哈糙汉子简直就是你本人了,切没你糙
今天好丧明天好过一点好不好,运气分你一点
凡事都有第一次，当你熬过去了，一切都变美好了！,希望一切都会好好的，继续努力向前
这猴子可爱,我就看看，哈哈
又在这晒幸福,唉，总不能天天藏着不晒吧，难受啊
明信片收到没阿~,明天去门房看看
你好像没关注我,关注了
炸酱面不错，三文鱼不好看，哈哈哈哈哈哈,吃不到葡萄说葡萄酸的心情可以理解。
朋友以上，恋人未满。最后结局是什么？,在一起或者拉倒
为什么我点开一片黑，只有声音呀,不是吧。我点开就很正常啊。
你干律师？还那么关心,只是说说而已
灭蛆灵在哪里？,不需要，最后的疯狂，他们想变苍蝇，没门。
你以后在欺负豆豆，小心豆豆咬你,有点凶
什么时候考虑自己生一个肯定很可爱,是不是人！默默地刷了那么多！
末班车，距离开奖还有一个小时,啊哈
奔奔为什么用LAMER修复精华和面霜红血丝反而严重了,洗脸是温和的吗
你变胖了，黑了,拉黑吧
努力不被辜负，终于获得回报！！好样的！！,真棒
碰见奇葩了？,木得木得，就是突然感叹了！要回来了吧？
人也巨有品位，又出去啦？羡慕。,你也巨有品位！
不在现场谁也不知道怎么回事也许司机自愿,如果自愿，只能说明，那个司机和你一样愚蠢
女战神！,关于天蝎得传闻各方面我都知道
这两天发广告了，给大家分个赃,有我一份吗
怎么不显示动态？,重力感应的，要按压才会动
哈哈！幸福噢！睡神！继续！永远幸福下去！,嗯嗯会的
你的世界呢？,有你越来越好
望早日康复,恩。多谢多谢
民哥我就知道你,看来，你也找到重点了
我也决定每天7点去图书馆！不过是晚上。。。,朝七晚七
盯屏幕的时间注意点吧,我现在开始强制休息了
你起的好早,今天杀到波密准备
别养宠物,我的乌龟会度过这场天劫吗？
人长痘，枣长毛，我们太悲催了,我不承认长痘的大枣子！！！我刚想吃
你为啥每次都能把吃的拍得那么好看！,也就这一项绝活了
坚持锻炼，不要天天吃太油腻太甜的~,我以前怎么都不会胖的
要文明啊,嗯，文明
想去见你们,年后再聚一次啵今天好多人都没有见到！
周公解梦,解了一下还不错。
医美面膜什么时候开团,本周是不是迫不及待了呢
鼻子挺绝了啦,哈哈哈来来来人家给你捏一捏
做南瓜的这个方法不错,读题不仔细，是老知识点啦
YSL不是辽宁民间艺术团团长杨树林的简称么？,哈哈哈哈哈哈哈哈哈笑死
好妖娆,好美丽
变相秀恩爱！,阅读能力可以的
长痘了？,放假了？
我也想要，亲，还有吗,还有
没有什么烦恼是一顿麻辣烫解决不了的,如果有那么就两顿
灯火阑珊的赶脚,灯火已黄昏
好好准备复试，几号复试啊？,下周吧
有下暴雨么？,一定要天上下雨吗？
车祸,一点点没事
笔芯小宝贝,你怎么发现我的
还是骑自行车吧,据说前段时间北环连走路都会堵的！
我在等着考科二,别紧张，过过过！
小龙虾,又是一位虾友
我容巨棒,演技很捧，也很漂亮
同一个男的多个媳妇打造多种人生,我都是非常忐忑的被听课
你本命年吗？,对！！！！
爷爷好可爱,是吧！
明天周一了我比较关心你俩谁赢了？,我赢了明天带病上班
放假找你拍照片了,口以口以
你老铁表示墙不好跳啊,你的手
想偷摸住到蘑菇家,留一个花盆给你住
这是我只嘛心受到暴击,是的
蜜月好丰富啊,对啊，这次行程还是很满的
我要解脱,嗯，脱吧
看到赤赤哭我应该心疼才对，为什么觉得好有喜感,我竟不知道说什么才好
你要打野战吗,很好笑吗
自动化报道,自动化？10公寓几楼？
衣服不错的，品质不用担心,起球吗
要不找个173的，还是广东的，捡到宝了,你也是广东的啊？
不做梦了真好,有时候做梦也是一件享受
布局抓羊啊！,可怕的昏昏
帅哥别忘了我的明信片啊,打算从冰岛给你寄的
一个人待着一定要有点声音，不然很容易抑郁,还好
前几张像夜店里的鸭子，后一张像夜店里的厨子,真扎心了
我会经常来看你的,你怎么看得见我
你为什么不回家,论文来不及写你不方吗
下章开车吗,大概还要再等一两章！你们这些人就知道开车
目测你女盆油要吃醋了坐等你吃不了兜着走,吃吃吃。。就知道吃。。
吆西不知道在哪里,肯定是京城！
有没有奖金的,有~学业奖学金~
有粮吗,木有。。这个算么
我年纪也大了。晚上总是睡不着,首先你得找个老婆
你的手指头都不够用了,借你的给我~
忘了你是篮球达人了,现在就是个伪球迷
感冒了,昨晚喝多了
怜惜你,谢谢狗
你们领证去了？,路过路过不要毁我名声
睡觉时还打呼噜,还很响
小哥哥好帅,哈哈哈昧着良心真的好吗
今天我生日,生日快乐！！
我想问下照片拍完后电子版会给我吗,会的
起，来，嗨！,早，上，好
面包吃多会头发？我也挺能吃面包,吃面包甜品多，后期头会比较大，那样就很难生了
不要吝啬这一分钟好好呵护头发吧,从今天起好好呵护秀发，让秀发在一分钟里展现美丽
我在南山科技园，来找我哈。,还是必胜客么
加油,Ok。你也是。
摔得很美，站起来也很可爱呀。哪里有失望。,摔得很美这种话就不要讲了听了都觉得搞笑
一周每天平均6公里，你在这里给我秀,我是多年宅男不运动的老人家了不能和你们年轻人比
感谢大师,你可以说准不准的
你这是要走还是刚回来,都不是
你是吃可爱多长大的吗？嘴巴怎么这么甜啊,我觉得是
你们的女团什么时候出道，很期待哦,敬请期待
今天早上的我听白色风车喔,安静的转着
新娘子美美哒，永远幸福快乐,谢谢
这劫匪够有勇气，当面抢走的！,如今这劫匪也都是技术流！
拉仇恨啊我都快24了,我们永远十八岁，亲爱的~~~
你来住就敞开吃,告诉我地址，我哪天过去
没事大胖小胖都觉得你笑联,就是！！怎么回事！！气的我八成又老了。。
谢谢啊猪大,别叫我猪寿星童鞋。
谢谢姐姐写出这么好听的歌,哈哈
会结婚吗？到了20多岁身边很多朋友在说这个,会啊形婚
抢自己热门，是不是很不要脸？,我就是爱你这不要脸的样子
春茶贵如油啊,现在春雨不值钱了，居然还往里面掺雪。
威海的空气真的很好,对没有雾霾
我在超市偶遇你了,哈哈哈哈哈哈哈哈哈哈哈哈哈笑死
甜甜的小仙女。,咸的
有人照顾挺好的,感觉很丢人，照顾我的人都比我小
去迪士尼提前买点东西用包带进去。要不然会被里面载死。,过年去穿啥？
早安,早上好
我喜欢书店,书咖最好
童心,哈哈
已守在电脑前时刻准备着,支持哪边啊。
心态要乐观,很乐观~睡个觉先
杨洋你好,你好你好
难怪胖虎在家就听亮哥的,生出来就是个弯的！你居然还没睡
哈哈是吧老一辈都逍遥难道把你给诱惑住了,没有拉我还承受得住哈哈
我都不敢照镜子了,今天吃了5顿饭
暑期，你也是在过暑假吗？巧啊,嗯，假期中。。。
北京的朋友想知道是在朝阳还是海淀啊,范围有点广
能给我张兰博基尼五元代金券吗,我那么扣吗，奖励你兰博基尼五十元代金券
痘痘肌混油皮可以用吗,可以的
你刚吃过呀我怎么没见你,我在二楼吃的
秀恩爱秀了两个媳妇儿,那可不咋得
p图就服你,只会调色不会p图还望蔡狗多教教才能毕业
兽兽你来了,不是啊，我朋友的柴犬
你这是有爱动症还是怎么的？,哈哈。不知道耶。反正我是闲不住的。
小区外面超凉快的,来电了
攒人气啊！生快。生快！快递应该快到了吧,什么快递呢我在外面没那么早回去
恭喜恭喜，我还在苦海中挣扎,加油！
真是个好孩子！六一快乐,哈哈快乐快乐！
嘉骏你的表情为啥没水印,你不说我都没发现
紫薯？为啥我煮的紫薯粥是蓝色的，颜值更是没有,紫薯煮出来是蓝色的？不应该呀
湖南叫凉薯,哦？是吗
国外好风景,比较天然
你想看透世界我爷爷这么老了还都没看到一半,不是世界是自己。。。老人，你要请吃饭的不。。。
晚上好,早上好！昨天晚上太累了睡着了！刚醒来，
我才不要骂你呢,那你退群吧
小黄多久来攀枝花,请吃芒果吗
我是早上头发没干，感觉头发都痒痒了，,头疼啊
难道外人看来你两有夫妻相？？,只能说是为了赚钱不择手段。。。
啥时候回沈阳呢，感觉你们回婆婆家也很频繁呀哈哈,呆一天就回来了。离的近一个月左右就回去一趟
是不是要毕业了呀,已经
妞，我错了,我是旧爱我走了
我推荐佟大为,天佟大为太没灵气不符合平凡但不平庸的渡边
始终保持一份沉静和热诚青春不失去,嗯。青春只是一种心态
德国美丽的自然风光绝对可以媲美瑞士,绝对的
为什么我只觉得吵,哈哈我也觉得有点
你们的体能不是一般的差，是很差！浪费啊！,系他啊，我还想行多下，他话下雨就走了
你说抬头就抬头岂不是很没面子,哈哈哈要给足你面子
真是太厉害了吧很喜欢朱嘉琦小哥哥啊真是特别的厉害啊,厉害
捉鬼,你敢不敢
说人话：钱不够花,是的呢！！！
鸡年大吉,你也大吉
你拍的景越来越美了,谢谢
你大概花多少钱玩这趟旅行,几万块吧我没算
我们聊点别的什么，好不？,你都知道什么？
顺利顺利,恩恩，希望啊
我！大概真的很想打你,老年人别动怒。气大伤身。毕竟年纪大了
贫道明晚抵京，失之交臂啊！,要不咋说基不可失时不再来呢！刘道长错失良基呀！
人家长身体,嗯嗯就是了
你吃的东西我怎么好意思吃,都给你
网购吗？帮帮你,不是耶实物店的
发色好看！,低调哈哈哈哈哈哈哈哈哈
每次你说棒我都觉得你在埋汰我,东北人儿
格格好好照顾自己哇,嗯呐
雷佳音很可爱啊。,比我可爱吗
佛系随缘,是的
太阳石好看耶,你这忽然出现忽然消失的
你是师兄吧,是啊，明天你们就报到了吧？？？
看到别人发朋友圈。感觉大家都很有时间。可以到处玩。,是啊
捡到太多钱不能留。,可以转头就花出去啊
为什么xq输给了你们这种3流战队，就像超玩会去年输给,输了就是输了呀，心态问题
说明该换小羊羊了,不行换！要存钱跟你飞！
来我怀里,你在哪里
我心疼的是你的思想有问题，亲爱的,知道你为啥定居不下去吗？因为你喜欢和垃圾在一起
买电扇！,我也吹空调去呀，就我房间没
我刚睡醒,我现在突然清醒
天然气和煤气成分是一样的,一样吗
有没有班长的！,就发继承者们爱情公寓还有你那个跳舞的吧
你明天会来吧？,嗯，明天下午四点过去吧，和宜婷。然后什么安排啊？
你的头像明显有范了许多！,怎么说
看到雪糕心都化啦,你都好久没见过雪糕啦
你又去了,来了好几次
老是舍不得掐，我说别人的都爆盆我的咋不会哩,这全都是掐头的。
胖晴我也要玩鲁班小子,不给玩！
哦，我说你最近换手机怎么这么勤,。。。请多攒点钱！我时刻准备着碰瓷！
加油！明天和智娃儿一起过！,已经过了
你的双眼皮贴哈哈哈哈,不准笑我
下雨啦热，那就脱吧,脱了
你是哪的呀,啥玩意？
你要干嘛,也是被自己蠢哭
你在自黑吗,变机智了呦
你是没看过动作片,看来你有故事
祝早日康复,谢谢！！
球球你了快去睡觉吧,气头上呢睡毛线
前凸后撅的，哈哈,。。。只有一个头
你就不能低调d？我压抑已久的仇富心在隐隐作祟！！,来吧来吧
无雨？,不事实上下得相当准时
我二月份买的时候是1580现在跌到1000,跌的好快啊
这孩子有前途，这么小就会胡说八道了,你走开，真的挺可爱的
男生生气了怎么哄。,逗他啊
她一生坚守婚姻是为了爱情的信念，令人感佩！,是的，她的所有子女都实践了这一信念。。。
好美，嫁来云浮，咱们做邻居吧,首先，得有个对象
如意如意顺我心意快快显灵,你想要什么爷爷吗拿去拿去就知道你喜欢老男人
做你的对象亚历山大啊,这点压力都不能共享还怎么做我对象
小初一嘛！！！,大初二好吗？
我与你同在,对啊，而且我想补到两点的样子
你一天跑得快也羡慕你,你也可以的呀
以前总觉得胡慧中和林青霞很像！同意的赞我,刚刚就以为是！
木有看懂是什么意思,你又来
周杰伦的《晴天》,是哦
早上好。有那么像你那个同学吗,不像不像人家比你聪明多了
生日快乐,谢谢小梅~好久不见
最近那边是不是一直下雨,今天没下了，但是不知道下午啥情况
我回去一趟一百二来回两百四啊,我坐火车来回五十
孝顺的孩子，，赞一个,嗯嗯
加油大学霸,你刚是真没认出我还是怎么想骗我？
长这么大还没有见过海啊,我也是额
我的赞一定是双数,不好意思是单数
哇~好可爱的小胖砸~今年会旺,稳中带皮。
明信片签了两份？,不一样的两个
加油吧，歌谣界该到更新换代的时候了啊,难阿、我只能这么形容了、不知道用什么形容了
下次穿黑色,我的衣服基本都是黑白这下我连白也不要了
面朝飞机燃烧的一幕帅到爆炸！,是呢！！感慨万千
需要友善敬业有需要其他三个的来换,我用富强换
早上好姿姿同学阳光明媚的早晨从营养早餐开始,已经吃饱啦，早上好！
我以前咋妹有发现你吃东西咂巴嘴这么大声儿呢,还不是为了保持我在你面前的淑女风范
感冒了啊,没有可能急火攻心了
发型很酷,风有点大
小娃儿好乖啊,眼睛超乖自带眼睫毛
醒了么？想去了解一下情况,现在，情况是好是坏，该走该留。都很难说吧。
不谈恋爱哈哈你换手机了哦亲,换了快一个月了亲
素颜，短发，符合！,淡妆很好。
你们班主任真好,在父母面前这样哭感觉好怪
有彩色纹身吗，我要纹个比卡丘,一个一亿
你不同情我们吗？师妹不过怎么请你吃饭！,我一直相信师妹们没问题的
觉得美丽的点个赞,刚点完赞你就出现啦
社长，我一直有个疑问，不知道该不该问,不该。
今天真冷,对啊
大头大头！下午不愁！人家有伞！我有大头！,那是伞！！为毛都要这么说
鼻子整过的,你想笑死我！
我的竹子能量都被你偷了,你会生我的气吗你不会
你懂我的欢喜,无法陪你打王者农药真是抱歉
93年噶呢个人饮醉左,93？我表示好安慰第一张五颜六色的是什么？
大富大贵，大吉大利,身体健康。万事如意。
帅的人已经回家了，丑的人还在学校准备考试,多陪陪家人
首先你得有个女朋友,哈哈，别拆穿
广州现在什么温度啊,十度左右吧。。。凉飕飕
祝你幸福又成功。。。,亲，我们一起！
我现在正在补战狼1哈哈哈,嘻我也刚看完
早睡，加油！,嗯啊，起了
穿厚点，不冷么？,不冷就是风大
邓老师，出记因什么意思？,这是外星文？
很久没有听过这首歌了，很亲切,一首经典老歌
记得这件T恤背后是WIFI信号的图案,我才知道
我非常喜欢看你的鸡汤,我也非常喜欢你的美食
感冒好了是吧,差不多了，约起来吧
做什么妖，你咋不上天呢,我在过冬啊
我爱的诗,今夜读到，应景也抒心。
你才上班,是的
美颜10级,是的啊所以会瞎，别看
古巨基你帅了这么多年不累吗？？,他是一直都很帅
你去看电影了,没有人和我约！我跟我爸妈去的！
永远十八岁生日快乐送你个菇凉,这个礼物我喜欢
我今天开学，很烦,不是一般的烦
耐斯~爱你！,你老是这么爱我。。。
喜欢含韵的在哪里,我就是啊
十年后陌生又似曾熟悉的同学,会一下勾起你的回忆
我哭的一个人可以干很多事,摸摸头
我值不值得更好的人。,值得
学霸爸比学渣闺女,不要说的这么直白嘛
365天不间断尊重？,绝对是故意的
我想要的生活,太奢侈了！不过好过瘾！
你要感谢盒马,感谢盒马让我体验了消费升级
时刻提醒自己谦虚使人进步,你谦虚了吗
你婆婆真不错。,特别好
一个今天胜过两个明天！把握好！,体委你的话真有能量。
你清醒点还有块同款表等着我,同款表？
无法想通，就不会感到幸福,对还有乐于比较
多谢转发感谢呵呵,怎么能呵呵呢
灰色s换黑色s可闲鱼,搞的我也想换黑色啦哈哈哈
手好像有些好看,只是错觉
当初咱班毕业在黑板上写字时我写的就是开心就好,真有远见
拉面香不,还阔以，就是油大些
要转车？,直达要7小时
下雨了看不了,试图伸出窗外寻找月亮
不要理我让我一个人哭一会,对，就是这个潜台词
嗷嗷嗷娜姐我爱你追星看到回头钱儿了,你好幸运呀
为什么你会不停的改名字？,因为不想让别人找到我
竟然来学校了还没见过你诶,我昨天见到你还跟你打招呼你没看见我
大宝天天见！,是的
你是羽协的？打到你地扑街,不可能让你得逞
这是蜂蜜,23333一瓶果缤纷一瓶蜂蜜茉莉花一瓶百香果嘻嘻嘻
你哪里背井离乡了？！不还是在芜湖,为了突显我的苦闷开学的课表不敢看
承耀哥哥，我也想要,想要啊。不给
你骨头叫，这是什么病？,啊！就跟肚子饿了的叫声一样！
既然如此我还有一堆衣服可供你欣赏元卷云舒,突然懒惰
加油,必须的，咱们都加油
总感觉老邓真把鹿晗当儿子了,缘分吧
哈哈我可以说心有灵犀吗,必须犀
还有吃饭，怕你忘了提醒一下你,你最棒
挖墙角,不喜欢保时捷
早点睡,恩，晚安
让我在你的记忆里随风飘去,哦-
有没有看的小伙伴啊？这部电影怎么样啊！,很过瘾
老司机带带我,要得，过来就是
睡谁怀抱？,大海
天辣噜九妹儿都这么大了,别个都161了要初三了
朕是人类,吾乃仙也
结缘给我一幅字呗，林大师,写的这么难看你也要？
要求真高,我希望我能实现
阿姨好,叫姐姐
又一位无敌青春美少女加入晒娃狂魔豪华套餐,忍不住哇
星期四都这么火爆,是啊！
亲爱的，我也好想你。陪我喝酒聊天的你最贴心。,有空我去找你好不好？你要补偿我
什么季节还有蚊子？,真有！
鬼节不是明天么,姐姐七月十四鬼门开啊
我明天开始考，第一科文综！！,加油
虽然我很帅但是我很温柔,啊呀呀你很帅很帅温柔是啥意思
一起减肥吧姐妹,姐妹不能再一起吃了
我的软糖们，平安夜快乐礼物自取吧,软软
它好像又大了--你忍心让它孤零零的在外面吗,似乎还是那么大。。
篮球宝贝,老好看了我告诉你
亲电影院该给你专门赐坐,是哦。我每次必坐6排1314！！
保级对手都在得分啊，痴线,所以更要取胜才行
想去李小敏哪里偷快递,我也有到了的、明儿我去加班偷回来、
一群无知的人类,说的就和你是个人似的
金砖会议以后好像没了,得空要回去看看
不是新生来了才可以装嫩吗,咦？？对哟~~不过一件小蜜蜂就揭穿了我的年纪
开门，社区送温暖,我要努力赚钱学小语种了
烧了？我记得我高考发烧前一晚就是吐了,估摸是烧了，昨晚很早睡今早差不多好了，命大
来杀我啊,我偏不你不配
谢大佬,客气了
不要拿过去的记忆来折磨现在的自己。,我有这么自己吗？不过你的好意我明白
我还是适应不过来中分的你,头发长了中分最适合懒惰的我
不敢出门,明天多穿点出门
阿门哥的小腿好粗~喜翻~~~~,感谢感谢
上班快乐,快了
介个要冒着生命来选哪个更好吃你懂的嘿嘿,哈哈哈，是啊
开会打小差的人哦,一心两用
老师，今天我生日,生日快乐
换工作了？,我离开ZS很久很久了！
怎么补？补心还补身？,都补都补，但是不知道怎么补心
新年快乐,你要快乐
羡慕旅游,没钱
晚安支持,谢谢
诱人的鲜虾披萨,铺满大虾好好吃
服务区的多少钱一碗好吃吗,25大洋
请珍惜和爱护我,你如果转评我会更爱惜你
感觉晚上比白天漂亮~,还没去看白天的景色，一会去
我的天在外面一定要注意安全啊！这种事情。。。可怕,对啊，出门在外多留心总没错的。
喝了酒吧才,亲，我去吃饭能免单或者打折不
土豪那只公仔比较好看但你不会送我,你居然喜欢这种
谁让你吃辣椒的,现在可以吃一点啦
我不知道你喜欢李连杰？,哪都有你！
西安见,嘻嘻！
正式上课就简单了,希望啊
大户啊，膜拜,你的整理一下也不少
加油加油，敬候佳音,谢啦，我会加油滴
看好你的鞋了,买买买啊
我的书还没到呢,马上也能看到啦
当初那么喜欢我，为什么又不要我了,因为突然就不喜欢了，不喜欢就不喜欢，分手把
拉仇恨,涵妈妈在哪里？
失望毛啊！！！,没按心上来啊，肯定失望了
学什么减肥！！我说的是勾搭那么多人,去去去周末去华大吃小吃咯你可不要回去了！
你的手,？咋了
买了足浴盆，稻香村的糕点，张一元的茉莉龙毫,足浴盆是个好选择啊，我去看看
包子，有工作室了，今天要不要考虑一下更博,哈哈，哥哥好棒
初中物理老师把我的《淘气包马小跳》收走现在也没给我,这娃记性太好
啊啊啊啊啊，不要啊，我要看千玺,送你上去
为啥我看到了张杰的影子声音和动作都像,我看到两口子的感觉
你们在做广告宣传哦？,没，瞎拍着玩儿的
眼睛真大啊！,刚做的
你太黑了,啊啊啊啊，我发了才发现我没有美白
有颜值又有身材呀简直惹！,我有大肚子
无忧无虑永远快乐,受到
苦是苦，，，别再双的更厉害了！,不也不想了！！
你这日子过的不错蛋糕吃吃,也就剩吃的了
你真是越来越少女了,你也是
我也想练舞了,找一天开始练撒先游泳再练舞
这个重庆沙坪坝的地址让我揣测了好久亲你是南充的~,好嘛，我切改
蔓越莓豆啥味儿？,闻着就是普通豆味儿，周末熬粥尝尝
求世勋原图！,删了真的很不好意思
在青春节拍看到了作神,讨厌
鉴于雾霾深重，或许宅家码字是一种保护,难写，不好采
工具在哪买的,都是在学校的画材店买的
低调做事，礼貌待人，珍惜，珍爱，加油！,加油
晚安家人,晚安
你还不睡觉啊,你拉着我唧唧歪歪，我怎么睡
会忍不住！饿了的！,看来不是我一个人爱当夜猫
岳麓山的枫叶吗,不是银杏
哪里割的双眼皮求介绍,来来来，我给你割
请问选的多大尺寸的表盘啊？,LR2017应该是38mm的
北京出奇地美好至今没有雾霾,想去北京了，请客吗。
新年好呀聪聪,新年好
家里暖气太热了吧，丸子都出汗啦,没让你赶上零下33
为嘛我赶脚你吃胖了。嘿嘿。。生日嗨皮撒,真滴啊，那好啊，哈哈
喜欢这条裙子,请关注我最近的动态
中午就开始大吃大喝啦,下午茶
我不会告诉你今天又把高铁误了,估计下次他都不敢再来找你了
学霸带上我啊,在哪买票啊！
千万不要再遇见了很尴尬而且我真的很讨厌你,这也是我想对他说的
我男朋友刚告诉我他挂了七科,头像胖丁超可爱啊！
调皮惨了,哈哈小猫都很调皮呀！
交互感觉鸡肋，不如直接移到下巴去,的确是
啥喜事？相亲啦？,等到相亲都变成喜事，我这辈子就完了
我想吃车厘子,买去啊，现在很多，价格也还适中~~
我也喜欢白兰花,我也是
我一进室内，就不会拍了,你22号白鹭湾那组好有意思！
姐姐你会经过深圳吗？,以后还会来的。嘿嘿
你说哪个像我？,你果断蓝色右边那位美眉
哈哈，君如姐好酷啊，安能辨你是雌雄呢,特别酷
叫姐姐，她就变你的阿姨了~,额。。。也是
猴子的头发着火了,全身都着火了
你笑起来有小酒窝哦,我很少笑多数都是冷艳型
怎么才算眼带桃花,圆圆的上挑
同乐好开心,要一直保持开心下去
早上好啊,真早。
嘿嘿雨停了,嗯~
还以为你真早睡了，现在的年轻人啊连自己都骗可怕,我就是真的早睡了！！！
麻烦问下大家大约多久学出来呀,我是两个月学完的，
你居然跑去重庆！,哟呵！！辣妹子辣！！！
你们找哪里的房间我怎么问的几家都有空房的,哪？我们问的青旅和名宿我们6个人
我也要叛逆一下,不捞了，捞不动
富强换你一张和谐？,我可以和你换
怪不得丧尸电影里总有鹿,还有我是传奇里面的鹿
诶，人真是贪婪，有了原先想要的，就又想要新的，,你这是肿么啦
所以你为啥不回家,传道授业解惑
需要短导管还是长导管,不知道
我真心脚着这东西不好吃，虽然我妹吃过！,挺好吃的
这是我最爱的零食,饭桶！！！
嘤嘤嘤，你瘦的那几斤刚好长我身上了,还我肉！
其实小个子穿长款还会显高我现在超爱穿长款还遮肉,是的！
圆不溜秋,一起圆圆的
易烊千玺真暖心,易烊千玺超帅
胡一天我多喜欢你你会知道,胡一天我多喜欢你，你会知道
你睡到手机里头去了,心塞中
时间是任何东西买不来的,不喜欢的人，多相处一分钟都
是不是后悔没带相机,带回来也没时间玩
喜欢雅漾呀,我也喜欢
最喜欢你,也喜欢你
周五的末日要到了好期待,期待个毛啊虽然我不排斥
你为啥老是喜欢拽着人家,紧张
我特别开心就希望他能安安定定的，有个窝。,磕到什么糖了
感觉自己萌萌哒,赞同
社火是啥啊？？？,宝鸡陇县欢迎您
你的宝宝不想理你并丢下了一只表情包,好看
原来你是辽宁的,然后呢
汉岛终于有超市了，错过了,下次再来哦，可好逛了，完全出不来呢
我好像没吃饱,激动过度了吧
我啥时候说你吃甜食笨了,你忘了吗？
快乐,知道你特别快乐
秋天就应该去山里,没错儿！秋天山里可美了
要是能见面我们就在宁夏过生日吧,或者你的生日
海扁王里的小萝莉让我久久不能忘怀,真心的，萌的一脸鼻血
要一直幸福下去哦。。,嗯哈。。。目前来说还很幸福。。
这脸圆的，解释一下！,刘姥爷是不是更帅了
明信片中的地方有点儿眼熟~,亲，你也去过北京哦
西安大环境还是慢半拍,仁者见仁吧适合就好
每天三条是不是太多啦？,你猜
早上好,都好
请立即和我睡觉,来了来了
每次看不懂也喜欢开弹幕,笑死了
要是穿的没有鞋带的鞋子怎么办？求支招,只能装口袋里或挂脖子上了
穿上职业装成熟好多，我今天刚应聘完，先试岗,没办法职业装肯定是这样了
我周末到北京,可以啊来出差么有空来学校逛逛啊
灵魂上道了是吗,灵魂走在前面
寂寞时候流眼泪浪够了快回来,回去的路上
发布会直播在哪看,连一个直播都弄不好，还能指望些什么呢？
坏女人,哈哈哈一个妆脑补出一出都市情感大剧
下雨天心情都不好了,就是啊！！
暴击！！互相伤害啊,（吐血我估计明天我的状态是这样
木睡的飘过~,飘过啊，好可怖
铁锤你又聊人生呢,呸~你才铁锤~我能不能揍你~
开黑吗你躺好就行,想躺
我好美,今晚你最美，我服
今晚风是够大的,哪都少不了你
我今天中午吃的就是抄手面快来这里地道的,抄手面怎么还有这个东西
你在吃，我在看，秤也在看，大家都在看。,来让我们看看你的秤
已结缘的了小四价哦,第二个呢？
我要放时间煮雨！,我眼睛已经肿了我看你是想害我
从今天开始我陪你们打卡！早安第一天,早安那
现在南宁不下雨啦？,没下，不过感觉快下了
生日快乐哟哟哟,哟哟哟！
哈哈哈哈哈哈你的男朋友一定很帅气这源于你的优秀,哈哈哈哈你住嘴
为什么每次有大作业的时候都问自己一遍,每次改不出来程序的时候都会问自己一遍
还有23天怎么活,掰着手指头算日子
最萌身高差,站的高
咦，你还不睡！！,睡啦睡啦
花姐一般一个黑方播多少,不一定的
喵：看见我的眼神没有？,孤独，无助，又肥胖
为什么会掉入冰水中呢？离岸边那么远又不陡,老奶奶溜冰掉下去的
非诚勿扰,哦，我从不看所谓的假相亲类节目
我就是水瓶座的嘛！,牙刷
其实更喜欢抱枕，可以抱着多好,好看又实用
这个蛋糕，看起来很好吃，现实呢？,现实也很好吃，红丝绒的
我妹妹对米饭都过敏真的没谁了,天啦我读书少你别骗我
刚看到我的美照,你美
有机会必须给你做一个,我要里面放番茄酱的
我还在外面！忘带澡巾了！,呵呵，没事，自然风干！
翟天临演技很赞,就是这些好演员，才让我们看到这些好看的节目。
王者你好,同志们好
有钱嘛,有钱也可以换牌子阿。。。
你爸妈姐姐到了？我也刚到成都。,对啊！
我明天就去游泳,你不是睡觉吗瓜
鹿晗好帅啊，关晓彤好美,喜欢
听大悲咒吧小仙女,很是暴躁
店员没事就喜欢打狗！,我也感觉不太对，每次把它放店里洗澡他都浑身发抖
宝宝现在能吃这种竹竿吗？,它一般都是把上面的竹叶给吃了
好羡慕你带队去德国,你后面应该也有机会吧，如果你继续的话
你在吗？我回来啦。,俺在呢美美等你
你咋天天请人吃饭呢？攒着点，留着请我啊,没问题，等你回来
额那快回来吧去喝两杯,没时间啊
我来揭穿我们互相拉黑的传闻了,上次不是已经真相了吗
节日快乐,少女过昨天你还在南京啊
你离千山多远？,坐公交四十分钟吧。。。
我觉得会做饭的都很厉害,哈哈我也是刚学的现学现卖
想去哪里啊,得两年后才能真正实现
现在我还有梦，梦还在。,哈哈，对。这个梦还在！梦太多了！
她要能吃，你就提鲁能。,啥！我比他还能吃。最不怕吃从头吃到尾
吐口水了吗,吐了
我来回访的中午好,哈哈哈，中午好。
自己跟自己做伴呗！,那多没个性
想江疏影,好巧
要不要寄个广东腊肠给你回来村子好好露一手,你在村子里么
记得先让吃饱,好的
cdm咋样？,平衡还好
可爱！,尊的吗
难以想象的门牙,大概是咬了4口
会养动物吗会养动物吗算了，你先找女朋友好了,哦哦！这个挺重要的
怎么邀请你你不理我,啥？！
再好的碟也得有好家伙放啊！,耳机听听就行。
带小亲亲去火星。,去那边干嘛。。。你有朋友在火星？
我还有秋衣秋裤,哈哈哈，冻死个人
太遥远的事还是别想了,咋地了。两个老奶逛街都不行阿。又不是跟另一半。
我希望我生日的时候不用再许这个愿望了,同哈哈哈
咱中秋节不吃月饼！吃狗粮！开心！,好运来
我来找你呀，你在哪,501来的时候敲门敲三下
宝贝。我也怀念西塘了！,那去莫
兄弟那么大个索尼在左上角好吗！,我可能瞎了
美妆博主欢,哈哈哈只是这只真好看推荐
那天见你你都没认出我,在哪了？你咋不叫我？
好哒~~有问题亲再敲我~,嗯嗯030~祝这次大大大大大麦~
你们俩是星巴克的御用摄影师么,她是我就一个骗吃骗喝的
霜叶红于二月花,花谢花飞花满天。
嗯~我在追两个世界，甜到掉牙,当时追的我心累
好好照顾自己啊，彬哥,嗯多谢啊
我好歹剪了个可乐瓶，你这个太惨了点,对喔！说不定我现在去翻垃圾桶能翻到一个大瓶子！
我觉得她男朋友好好看,嗯嗯！
阿杜在车底瑟瑟发抖,他就应该在车底，不应该在车里
同志你好,同好同好
份子钱准备好,好！
抢完了给我抱抱,他的毛毛摸起来炒鸡舒服
想哭是咋回事,竟然和我泪点一样莫名其妙
吃50个豆腐可以吗,豆腐是我们的，你就五十个俯卧撑好了，开始吧
滴滴反弹,一直都是肉脸！
人家要永远过六一,只要童心在天天过六一
刚才找了找现在有名的演员，发现好像没人能演得来老板,我也觉得
同一个世界同一个疑惑了还有带带大师兄和他是一个人吗,一个人
本亲密好友来刷一波存在感,么么我的河老师
张先森，海报的时间错了哟。。是1113哦。。,几个通宵了，算了，不责备美工了错就错吧
等下班,你还没下班吗？
我还没碰过揍不服的极品室友。,女孩子，还是温柔一点的好
你头发怎么长这么长了,对啊，已经齐肩了
新年快乐啊~,同乐同乐
后天我就上战场了！！,加油！
垃圾明星,那你很棒哦
158能找到180+的大高个吗,应该能
你怎么天天吃好吃的,要对得住胃嘛
竟然都没发现老爸头发变黑色了,真的，你说了我也没发现，是不是眼神不好了？！！
有一种我们是一个老师的感觉作业又一样,缘分呐！
台州在下雨,嘉兴在下雪
去哪里！,江南！
咱快七个月了，还是一望无牙啊。,好，不咬人。
欢天喜地七仙女童年呀,哈哈哈，我表示没看过，但是挺搞笑
请问这个老爸茶早上有吗,没有吧。大家都是下午两点左右过去的！
哎呦，会做饭的男人比较酷,你也是了啦
咋不站好队呢，快来,我不要画手上，我怕监考老师说我作弊
。。我最不喜欢那种有壳的鸡蛋。。,那个味道受不了
等我有空做一版带字幕的,期待呦
爱你抱抱~,我也爱你
高三狗今天开学了,是的
脸皮厚,过来
学弟周五来帮学姐拍几张照么,可以呀星期五多久呢
我以为我的朋友圈发到了这里,哈哈哈，是不是突然觉得很神奇，我是盗的一手好图
能蹭饭么,没问题
你在哪里,这张在宁波呀
阿姨唱歌特好听！,哈哈
亲爱的兔兔，我来啦,你明白吧
哎呀呀呀回家了都吃不到好吃的人怎么破,瘦了就能吃了
我要给你辅导员打电话了,啊不要
看嘛，离开女神后连觉都睡不清楚,就没好好睡过觉
难道你不能随便挑专业？,选专业的时候不算加分
你每次都带着地址，不怕大家去找你？,欢迎惠顾
老湿你什么时候来我家派礼物啊？,我只是布置气氛嘛，又不是圣诞老人
宝宝，今天在干嘛,别太累
多两个爱国要一个富强一个和谐急急急,换不换
五一给我回来啊！,你的生日要在家过了呗我周六没准开组会
恭喜虎妞儿，大家快来认养龙猫啦,是的是的哈哈
我决定了，不跟你们抢位置，我明天再洗。。。,天气预报说明天开始转为有雨天气
怎么啦，出来打球泄愤啊,看到你在编稿就没打扰啦，后来去跑了步。
谢才女娓娓美愿，人生如意！,好友，晚安，好梦
工作了？,嗯呢
抢自己热门，是不是很不要脸？,难道你不是一直都是这样做的吗
祝你找个双鱼,为啥啊帮你试试双鱼
保重哟小可爱,嗯嗯养养好一起吃吃吃
孤独就像是一条狗,狗都不如
这红枣,够大吧？哈哈
你是？,都是在培正的，看到觉得友善打个招呼
嘿嘿，文采依旧如昔日那么好,在别的地方看到的。很有感触。
校长，为什么不在京东买，我也想被打广告,你想让奶茶妹妹换根吸管吗？
搁哪待着呢？,青岛
晚上不能吃太多会变胖呀,喝杯牛奶早点休息。。。
你爱过我吗？,为什么你总忘记我很爱你
我也有这只狗维秘送的,还好我们这边是香水护肤啥的
来我家吃洋芋，缓解哈,啊啊啊啊啊啊啊啊~什么时候什么时候~~
拍照必皱眉定律,不皱眉眉毛很奇怪呀
昨天我照了一张跟你同角度的照片,我突然发觉我裤儿都没理撑
秋日安好，宇凡，周六愉快。,愿你快乐依旧！
一周年快乐。,哈哈，让我在这里碰到你，好巧哦
我代表所有的装饰公司向您道歉。,那就请你们以后不要再扰民了
我准备弃微了,善变的女人
咋了啊，拔牙了？,一颗大牙坏了，处理了，顺带把旁边的智齿给拔了
乍一看还以为大韬哥要结婚了呢,结婚了肯定得通知你交份子钱啊，不过首先
你去新加坡了么,是啊，今天刚到新加坡
你是机器人、,你见过这么机灵懂事乖巧的机器人吗？
没手套的汪紧紧握住了左边的爪子,还有左下和右下的爪子
热评第一是条狗，终生没有女朋友。,那你岂不是好棒棒
又来晾晒来了，别忘了孜然胡椒面和盐,还有一点点糖
呵呵呵呵。下次去见你你会不会更圆了。,请叫我胖妞
你好，请问你溶材料的是玻璃器皿吗？,嗯是的
找着新活了没啊,在走入职流程
健身房走起,懒。。
我心情很好,那恭喜你
哇好可爱啊浣熊,不是浣熊，这是小熊猫
我看见了Y9！,泰一格，男神代言的！
之前从来不给你发现，然后就是老鹰必胜！,胜凯子胜热火还可能。。然后不解释。~
补过看月亮真的虐梗啊啊啊啊啊啊啊啊,嗯嗯，真的虐到我心痛啊
我一年没闻过肉味了,我自动屏蔽中间八个字，二狗得
你们的兔子才是真的兔子啊，你看我养的老鼠,哈哈哈哈哈，可爱！
清奇的关注点,想吃啥了？明天哥下厨
孩子是你的吗？,你理解错了这句话的意思
黄鳝,你一定是个假蓝V
-。-晚安,晚安
坐等你的使用感受,感受就是用啥都阻挡不了变衰老的速度了
转身！加班！,才不
你是有多胖啊,肉比较多就是了
你有没有爱过我，你有没有想过我，有没有心动过,没有
头发这么长了,对呀对呀
姐美,四月份去
你见过这么机灵懂事乖巧的机器人吗？,可是，我不知道。你不是我想要的
农历0621到底啥星座，求告知,星座要按阳历算
没男朋友、差评,再说这个我就要生气了已经被打击不行了
我不说话，看你秀。。。。,哥我又秀啥了
我哈哈姐姐怎么这么美！！！！！,你最美
承蒙你离开够我多活好几年,你这让我怎么回
你的不要脸是一贯的但也是我们宠出来的,自己选的爱豆
我觉定聘请你做我的情感顾问~,欢迎免费询问
去古镇去的都要吐了,年年大年初一换不同的古镇玩你懂我的痛？
找个水瓶座,礼钱都还没给你等饿哦拿工资水瓶已经结婚了
最近小日子过得这么好,哪有
不不不英国人都是不打伞的,哈哈，好吧
勇敢去爱,咱俩手机一样
顺其自然嘛,好的，说得也是~
我喜欢吃兰州拉面的炒刀削面啊，胃知乡愁,你啥时候要卡？只有体力和金币哈
就是躺着然后手上拿着书睡着了,。。。然后就醒了
出租他们三个坐后面让我坐前面掏钱,哈哈哈谈感情伤钱
哈哈哈有男朋友还得给他做饭圣诞快乐,我愿意给男朋友做饭，快来个男朋友吧圣诞快乐
易烊千玺最佳代言人,欣赏你，不错
快点多拍点美美的照片,那必须滴~
镜泊湖的美只有冬天才能感受到,听说夏天也超美
苦命的娃娃改论文去。。。,到现在还没发给我
可以不放糖做给孩子吃吗,放一点糖口感会更好的哦，不放糖可能就没那么香甜了
有什么办法我已经开始难过,为什么
你又换房子住了？,嗯，搬到双桥这边了
照顾好自己呀！还不是怕傻傻的你冷！,嘿嘿
我公交无压力,看到都在闹公交都走不动的嘛
想问一下如果男的偷偷疏通，能不能看出来？,不知道
CEO好拼命，记得我还在3号流水线等你回来,好的好的，等我啊
生日快乐！,哈哈哈哈，谢谢！赶上了生日的尾巴哈哈哈哈，感谢！
你太强悍了,哈哈哈
去葫芦岛玩了！,是啊，嘿嘿
日子过的真是飞快啊,对啊！你们走了就感觉离宏福更远了！
小饭不是去英国了？,回来可长时间了。不过又快要肘了。
什么是汽水肉？,额，就是肉剁碎了，加蛋清淀粉加佐料一搅匀了一蒸
谁说没人，没看到一堆人坐那里吗？,我是说刚才好不现在你们都再吧
你太喜庆了我又看到了你的尖下巴,哈哈都是红哒我胖的不像话了已经
被蚊子涂的包用澳洲木瓜膏很快就消肿,好！我试试
我捐五毛,少了点吧
最后那一句欧呦笑死我了,最后的彩蛋，哈哈哈，笑死我了
你去这儿干嘛,洗涤心灵，丝毫不开玩笑
龙战于野或者极度男人啊！,小冰不是人
好心灵手巧,哈哈
今天眼妆画的真好,爹你告诉我你真的能看到眼影吗
泉乐坊的火鸡不错的,还没去过泉乐坊
我喜欢每一幅,哈哈每幅都超有爱的
我出门了。今天上面来人检查。提早去,要多向女上司抛抛媚眼那~我正在挣扎着起床
期待西安！！！,西安啥时候呀？
为什么那么喜欢口红,主要我其实不止喜欢口红可是我怕说多了你更懵
为你转身,为我写诗
广州的阴雨天气根本就不让我看樱花,来看
举手之劳不过要尽快换线了很危险,啊？真的那么危险啊？最坏的后果是什么？触电？？？
这发色好看,嘿嘿
远方的朋友来贺电祝9999999,谢谢远方的朋友
厦门肿么样？,很美，但没想像中的温暖，有点阴冷。
笑对人生为什么不,笑笑运气好
你腿太细了,还很短
坏蛋,只对你坏吗
军训了啊。。。我也要军训不过要到下个月,那时候都凉快了没那么晒你开始工作了么做什么啊
只有脂肪是最忠实的伙伴,我希望它有朝一日离开我
打个耳洞告别单身,好嘞，等着您嘞
兔子姐姐唱歌最好听了,你也是哦我们合唱的后来很可以
内地现在都看不了哈新闻了，都不更新,能看的，只是还没更新
比起男主，我貌似更喜欢徐司白啊,嗯嗯！
吃多了，自然是居然还不饿中，胃很辛苦的,还好，本来以为吃不完的，这包子没那么结实。
滤镜越用约6了哟,那不是
你的这条裤子是不一样长短还是你的问题？,哈哈哈我的问题我没穿进去
女人哭，男人怎么知道,不会说啊
我看见我自己了！,第二张里
我昨天还在看武林外传哈哈哈哈哈哈,我找不到高清版的
声音要吼没了,还以为你们一起看。。。
求图求真相！,求个毛毛
啊啊啊啊啊啊啊啊啊赵英博啊啊啊啊啊啊,是你的！
脸好大,真不好意思脸就是这么大
是不是因为穿秋裤了,那还指着不了
还不是你把话题扯到了卡不卡的问题上，越拉越远,不重要了，反正我现在挺高兴的
你又要勾搭初中生还是小学生,我女朋友还在念幼儿园呢
冒昧问一句，实力到底在哪,冒昧的问一句，手烫吗
安逸，但听说下个星期要降温了,不得哟还要降温？
我已经回到正常体重了,就正常饮食么
沉迷小新无法自拔,对啊对啊
你不发汽车照片的时候真不多,这不偶尔换一下口味吗
宽儿帅哦！！,老啦我高中时穿西服更帅
想问，蛋黄酥什么时候做啊？好想吃。,9月7号以后哦
好怕吴磊大大突然说一句：李泽言已加入肯德基豪华午餐,如果真的这样那就一口气吃了他
熊孩子太会乱丢东西了,对，玩具到处是
我天天见你,啊？没有吧
男神我还是太差想哭,没事没事啦，一次考试而已
同学。。昨晚我就看了攀讲我最霸。930的。,额，偶然按到的，福州台没什么吸引人的。。。
秋生帮我跟翰翰跟诺诺说我也好想她们啦,好啦
别客气，一场旅行同处一节车厢而重点不同的过客,过客哦。我还能说啥
生快,好机智
送一个微笑给你,好的呀谢谢你哦
无条件支持华晨宇的一切选择决定，去支不随！,去支不随，只希望他拥有自由
坚果1还推吗？,推了敢更吗
干嘛小白,什么干嘛
除了踢球谈恋爱，他现在还有啥可炫的,如果他真的想现炫，那就没你什么事了。
互赞首页,已赞求回喔
闺蜜照,嗯啊
下次失眠可以找我,你也失眠？
p2贼喜欢好像周扬青！！！,我同学帮我p的
为鲜肉月饼打电话！！,水煎包
成语接龙,看我的~贯通融会到你！
年轻任性,欧耶
你辛苦了,同辛苦同辛苦
来做脏辫了解一下,长头发的毛不易，可以拒绝吗。哈哈
你在读什么专业啊,表示已经毕业两年了
大多数人校园生涯的结束,我们也快了
学姐，六月见,好的
别灰心学姐,我明明明年才毕业呢
你太烦人了老是拉我说话,哈，你走了我又看了部杀生
人没掉就没事,银行卡掉了好麻烦！
总有一些人，让人觉得这个冬天不再严寒,辛苦了
期待易烊千玺！,是否
日子过得好快，马上要出生了,是的
借口都是借口,我效率巨低无比
人口太多，无法收集啊，最后还是选出所谓的代表。,网上投票很容易统计
生日快乐何大宝,盒饭表示感谢你
有落水么,有啊。。好大啊。。
我的心丢了，能帮我找一下吗？,你的心在我这，
我们一起呀！！,哈哈哈哈好啊
喜欢左下角,喜欢左上角和右下角
这温度牛轧糖还得等好一阵子了,我渴望降温
小城新的开了吗已经,没有开
美少年咯,你的美少年！
我都要哭了，假期都要完了，书还没送到！！！,好事
大哥你的聊天背景真好看！,要的话我给你找找
做梦,也挺好的。
这一周真的非常有营养了,又肿又肥不想说话了摊手
戒荒野行动的最好办法是玩正版绝地求生！！！,哈哈哈哈哈哈我现在看仙某某直播都看上瘾了哈哈哈哈
生日快乐哟！,好滴谢谢呦
同期待乐华家族演唱会,一起期待着
唱的啥？：归来吧归来哟，浪迹天涯滴娘子？,那本来有个人临时去上厕所了我替他站一会儿
大吉林,你是那个大学的啊？
西风烈是不是也是这的景,无人区好像也是在这拍的
寻求的是真正的自由,是愿你也有爱与自由
请回答1988蓝色大海的传说鬼怪,韩剧最近不想追了
和蕾蕾姐始终在一起,同在
我也看了。古天乐那时候不仅很帅而且还很，白。,不知道是怎么黑的，貌似突然就黑了
我昨天晚上梦到你们了！哈哈,梦里都想见我们，哈哈
迎着阳光，绽放美丽，好样的！,灿烂如火。
你升级了吗,没有升级的话我专业上有些软件会不兼容
去湖南玩了啊,对啊！
没戴眼镜苏了超多,不是苏是污
请吃饭吧,为啥
一个人乞求另一个人却不施舍,说得好
围观怎么付款？我怎么付不出去？请教请教,同问，我也付不出去
让你火,忍住
宝宝给我发几张原图呗,我私你吧，这的比较方便一点
哈哈哈哈哈哈我挖坟来问问8和9,偶尔做到了的
直播间多少呢？,我关了没人跟我互动
小天使还会更新么？,有人要就更
415四周年快乐，大写的开心！,大大写的激动！
你别皱眉，我走就好,心痛
你都那么亮了还高光,哪里亮了
我也觉得蓝莲花怪怪的，大爱我健哥,把蓝莲花都唱变味了
我不知道你哪里大，还大哥,举报了
期待高能少年团,好的你赢了
所以先爱己，后爱人。,自爱沉稳，而后爱人
偶怎么可能跟你一样,你该了
你喜欢英语么,喜欢啊
肥杰有聚会吗？,有啊！就缺你
你们去唱K？？好久不见你们两个了！！！,没有啊，是计划，有兴趣加入吗？
此刻的我觉得好饿，怎么破,现在还饿吗？
没听见打雷。。,这个头像好看
来来来，生活的烦恼和我说说，工作的事情和我谈谈,您最近在哪发财啊
睡的挺好,哈哈哈，有一种岁月静好的感觉
锁骨真好看,你这么一说我还特地看了一下自己的锁骨
你越来越不修边幅了,老了哈哈。
黄花菜也有美故事呀,嗯有故事的菜
手机拿的离脸越来越近,哈哈哈哈挡住
开车了？,美剧，快上车
这是我大济南咋定位成别的地方了,我？
毕业快乐,谢谢，祝你依旧可爱依旧漂亮
小龙虾作为一个入侵物种，真是丢人,朋友。鳄龟了解一下
我是好人对吧,没发现
你今天不上班？,上啊，早上出去体检
又快高考了,好像是吧
你要增肥我来减肥,现在好饿
我只爱你,嘿哈
美人,抬举了。。
明天想吃啥,哈哈哈哈戏太多了这就是不发粮的后果
好久不见,我真的很久没来了吗，干嘛都跟我说好久不见
手略肥,不是略吧
居然还是冰天雪地啊！大秧歌最有气氛了！,依然冰天雪地，期待春暖花开
我大半夜跑来看这篇文结果虐出花花,难道是有人推荐给你的？
菲菲早，别冷到了，戴个帽子出门,冷惨了
你够了！占领毛封面又没钱拿,只想有点成就感，今天两万六千多步
你最棒了！,你也是
果然聪明的人都是有成就的人。,说的太棒了呀！
剩4张敬业福有人要吗,求敬业福哇
唉，等我休2，3的时候你又不休了！,我休3啊
生了个猴子！！,健壮男青年一枚再此！
星杰的女人都很优秀！,说的是我吗
其实我是想见萌萌哒的,你已经错过最好时机刚刚只有我带他，他超级乖
一直点点点就可以不管出现的字,尊的吗我试试
开学，请烧烤，烧烤就交给你了,谁说要请我们吃大餐来着
原来大家都没睡啊,我能说我是一个人睡且半夜惊醒的吗
生日快乐,嗯哼快乐~
我来啦,这个假男人够恶
下午好,不想去
在屋里你都不吃饭！,冒钱！！！也不想下楼！
不要让我猜你是谁,猜你也认不得
我也快疯了，受不了了，奶奶的,关键睡眠还浅，三点睡六点多就醒了
你们在那点？,对啊
睡觉觉！,晚安思密达！你能睡着
延老师这么可爱吗,妈呀，我并不觉得可爱，我觉得可怕
迷你鹿~,对啊，以前在超市没看到过，昨天看见了，就拍了
你是一直在秀恩爱？,什么时候秀了
你要去哪里啊？祝晚点呀~~~~哈哈,重庆
你见过液态硬盘？,最终我选择了气态
善良没用你得漂亮,善良也很重要
给海牧打call！给穆如寒江打call！,厉害啦
我弟也经常催我谈恋爱,不知道他们成天想的啥
谁开车了,我啊
甜食可以让人短暂的愉悦,是的要的这个效果
小仙女,真是快成仙了
打劫！熊猫留下！其他拿走,来来来，拿走！
我养狗怎么没发现,我被人涮了
感觉你老了,是老了哎
有人找你做头发,我把你电话给他了
所以说女人是世界上最大的无赖,哈哈，哥哥不闹，我带东西去看你
我天你运气这么好的吗,就是前段时间运气好的我瑟瑟发抖
也期待你九月份的生日会哟宝宝么么哒,约吗姐
对你来说，是时候摆脱过去活在当下迎接未来了,嗯我也想
我今儿按着这个动图玩了一下午,这个动图魔性的不行
三天打鱼两天晒网的,那说不定也比我快还
你怎么老招贼,防不胜防~
你竟也没睡,哈哈哈哈哈哈哈哈哈哈来约
啊！天啦噜一股少女气息,没长大嘻嘻
深夜口一哈,我18年要加入斗鱼了哥哥
睡晚了哦,和一个phd还有他的迷妹们扯淡扯晚了
可以告诉我瘦身秘访么,嘿嘿，到年纪自然瘦了。
喝点热水！,嗯嗯，现在吃饱了，好了，呼呼
来西安了？,在汉中
牛郎和织女有多的可以送我吗,可以
呸！晚上又减肥失败,我就一直不胖你知道为什么吗
推荐胡椒猪肚煲，适合这种天气喝,猪肥肠猪黄喉猪脑花是我吃火锅时候的最爱
哈哈哈哈，有人陪我了,我还奇怪差你很远的，哈哈
买对象,要买一送一那种，给我带一个
你俩今天快回来！！！,大哥早都回来了，傻冒
哇口水飞溅，哈哈,爱好这口又脆又香！
一个人这么丰盛！杨哥太贤惠啦~,是啊，
请问如何长胖,只张嘴不迈腿。能吃就吃，能不动就不动。
你去新加坡了？,嗯啊
你需要一个大神带你飞,心累
杨幂有空互助哦,好的
芒果台这是要闹哪样啊！！！,突然觉得21世纪没有进步发展啊！
抬头丑，低头双下巴，谁来告诉我怎么办,难道你就是人称的蒙面大侠？
来来来，我给你点同情心，,算了吧！不敢要！
熬夜上瘾,修仙班的哈哈哈哈不要玩啦睡美容觉
你什么时候回学校？,后天
能恢复侧面指纹马上入手,就是
快过来让我看看你的眉毛一大早听说就听说可美啦,等会儿
坚果可还行,我还不太怎么会用处于功能浪费阶段
烟台有机场？,遥墙机场潮水机场一个民用一个军用
去厦门毕业游啦,嗯，去的有点儿艰辛，但终于要到了！
仿佛听到了世界上最可笑的笑话，，,难道没看到我满满的诚意吗
最烦韩国人拍的电影了,汤唯主演阿真心好看全程基本就两个人也在西雅图拍的
生活中的美好无处不在。,花开美好。
口怜我还在床上,宝宝快起床看雪花
19号来一箱东方树叶啵啵,哈哈哈哈哈，地址给我！
我的呢你不给我做一个么在哪呢,肯定做。不过我现在没钱买材料了都
垃圾死东西,果断举报
你的小裙子都怎么洗啊,洗衣机呀
马卡龙让人垂涎三尺啊！,只可看不可吃，甜腻到抓狂
来听我们合唱你就有力量了,哪里？都开始了？咱们工人有力量？
暗中保护般的黑么,什么是暗中保护？
你去那里干啥子，卖布？,做大买卖
越长大越喜欢静！,有些人却是表面热闹，内心孤独
注意运动后的拉筋，没有事的,当我看到镜子里的腿震惊了
你让她给你说鬼故事听！,他逗我！！不说！
五一回家,我去浪
我上班天天玩,幼儿园可不敢小朋友容易磕磕碰碰祖国的花朵要呵护
多喝水,谢谢白开水的有
别难过啦，摸摸头,嗯爱你
一直在长胖,你那么瘦！！！还那么美！！！
一年后吧，哈哈,那我一天存一块
梦见自己考多少分啊？？？,印象中是很鬼低的具体记不起来
为什么不叫我！我在家窝了两天！,。。图啥了咱俩。。
手好胖,其实不胖
这家叫啥子啊新华公园在哪。,晕！你赢了！在东门这边！
现在出发吧！开学可以走到,我姐帮我买了票，但是大宝可能真的要走着去了
年轻着谈个恋爱怎么了,就是就是
电商取代零售商还要很远一段距离！,对！这将需要一个较长的过程
我哥今天也去当兵了。。,你哥多大啊？应该是同一批吧。今晚八点半的火车。
你还没换手机？,贫穷是我无法更换
不准去公园的水池里洗脚，,这个可以，你要来洗澡不
我爱你,喜欢就够了
你不是要去南京吗,我要回家
今天最羡慕你,毛不易太可爱了。
今天阳光真好,因为知道我回来了
美妆博主的蜕变,哈哈哈不过正装应该很好看的
666666你在哪区？,夏之蝉
两个人的食量果然大,唉，要吃双份
我觉得蒋欣,也有一点像
除了眉毛没有化，其他的化了好吗。,化了啥，难道你想说眼线？
土豆有新衣服啦,去年这个时候买的你说新不新
天呐我整张面膜根本盖不全每次都多出来好多,我相信一定是我这个面膜的问题！！！
来我的怀里,给我端杯茶
我爱你,原谅你了
热巴好棒,热巴超棒！！
杂失眠了,这几天天天都失眠，恼火得很
为什么没人问M5买的怎么那么便宜？我来问问看,怎么凑1999啊
老师，元宵节快乐。,元宵快乐
揭阳学院有没有被淹,面目全非啊帅哥
蔡九记你一点都不菜,好吧我不菜
快去看哥哥太爱我了怎么办,？电影？
怎么不弄隐适美,要三万
春秋坑尼代笔爱，位置太小空姐还丑一直晚点！,以后春秋一生黑，都怪年少不懂事。
不能备份那么多啊亲，你吃饭去不？,没意外应该会来的！
3浪理论到3100是没问题的希望吧,才300点能叫主升浪吗？至少500点！
是不是写字好看的拍照都好看,一定不是所有人都像你这么可爱
医生上门撒,。。。。。这辈子怕是没得这个待遇咯
谁对你这么好啊以身相许好啦,我也想啊，家里不同意
要当船长了吗,哈哈，
放假还不晓得捏。。,一个星期无休？
感觉队长瘦了好多哦,还是有那么多
我要去爱奇艺准备二刷了,二刷二刷
老南！裙纸好看！,哈哈，我也喜欢得很
哎呀。好想跟小馒头在一起玩！哈哈哈哈哈：,哈哈哈想来随时来我家玩呀
给你101分不怕你骄傲,来不及骄傲，已热晕
分手后怎样才能走出来，已经一个月了,找下一个
终于把睫毛种了,哈哈哈你的得是秃了！
我喜欢你的墙纸。好漂酿,过来，我给你撕一块
怎么没有拍菜,怕拉仇恨啊
要易烊千玺,可爱
漂亮的依旧漂亮，帅气的依旧帅气,有漂亮跟帅气的吗？这么多年了我怎么都没发现过
我代她回复是的起码聊天有话题了哈哈,闺蜜寂寞了
记得找一个有伞的女朋友哇,你有吗
求和谐,互换
我穿上高跟都不会走路,一点点高也不行？
一吵就骂，不服就打,然后被抓了
电影好看么,画面很棒，但感觉没有他们说的泪点
已经见过很多次冰雹了,第一次见
瘦了35斤之后的背影照。,我对瘦不感兴趣。我就想变胖！！
网红的生活？,这就是？
难道你不开心吗,笑的很开心喔
我想吃羊排,郭老师你不是想吃山楂吗？
仙女你莫名的像IU,可可能是因为脸上的肉吧哈哈哈哈哈
总裁晚安,要好好的
好可爱！爆灯！,嘻嘻
鞋子挺赞啊,国内买的
小可爱,干嘛
节日快乐77节我们的节,就是就是！我们节日快乐
亲爱的你是自由行的嘛？,不是噢
你回来啦！！,对的。。但是估计要修养一段时间了。。。
佩服你了，你进来的时候我还一直望着你,你啊不请我过去坐坐
明日边缘也不错啊~不过我觉得哥斯拉更赞~,名日边缘我也超想看。
自己要开心啦,好啊
淑女是不可能淑女的,啊呸个人偏见颇重
你不冷吗,不冷我吃了火锅心里暖
你几点出门，姐要睡个午觉,两点多吧
这个瓶子赞,哈哈~~
前三拉,难d咯我无身高
背着我做美甲,我自己做的
去放跨年长长的鞭炮新年快乐魏晨哥哥,嘻嘻
这小胡子要留到啥时候,还有一个月
这么多姑娘,看上哪个
我都错过了什么！！！,我也很久没看了！！！忽然刷到的！！
我来默默的求个壁纸哈哈,悄悄的给你了
第一,对对对，厉害
正能量真的很有用,嗯嗯打不倒的希瑞带你消灭负情绪快睡晚安
幸福,是呀
脸怎么了？,脸旁边是个灯
不早了，起床吧,太早了。
说明欧莱雅很有眼光，找的代言人都很喜欢,对呀，每个代言人都是超棒的
好美啊，是无尽夏吗？,蓝色的是无尽夏
小福泥是啥,小狐狸啊
明天开奖,加油加油
美食达人！,嘻嘻
望山跑死马,老骥伏枥志在千里
绿色的毛线精神阿。。。。,可以了~~~~
混过一年又一年,混过一天是一天。
终于可以浪一波了,还好还好
我一直只是一厢情愿一切都想的太多啦,爱情本来就是不公平
你手机好大啊,我手小
你要艾特我多少遍啊哈哈哈哈薛之谦最帅不接受反驳,这个耍我啊真的man
即将万圣节爆款,我觉得也是哈哈
图书馆好好待着看书啊,在教室呢，定位不准
贴纸太讨厌了,可不能随便去贴纸
琛狗就是书生。。,我宝宝不会不要我的
嘻嘻欧气换个新手机,哈哈
短发,对呀对呀
终于来了个正脸照女神满分,不错不错相公喜欢就好
喜欢绿色,我也喜欢！
去哪里发展,我先试着漂一下吧
需要男朋友嘛,揍你
愉快一天,晚上好
你头发长得也太快了！,年轻有个好身体啊姐姐
睡吧孩童,今天可要睡大觉了
姥姥线下大概什么时候开始啊,？？？线下从来就没停止过呀
晚安,你也睡这么晚啊
舍友真帅,你为什么不夸我
说脏话的人都没教养。。,就你有教养！教养不是装纯
帮我看看意大利妹子,你自己来看
看不见的客人！超级好看！,好的谢谢啦！刚好明天休息。看看！
我们大人丧起来都是心照不宣的,这好，我也要这样。
零下20度出门上班什么感觉,就是心不甘情不愿
生日快乐我晨！,这么晚
超市要倒闭了,感觉被欺骗了
你去哪,去见我本命啊
诗人还没睡么,写完就睡了
晚安，老婆！,晚安老公
导演我还是忍不住问一下再见为什么换人了？,导演不是说了吗他都不清楚情况
在家烤火看电视做好吃的比春节旅游要安逸的多！,我也是喜欢在家过年
我想说我也想去童话乐园,来呀来呀
想要个愿望,你这个。。。我能办到吗
你带我就去你学校,好啊
深圳之行快乐噢,可口
新年巨乐啊,一起乐一起乐
今天学校群里爆炸了,你们确实连生存都很难了
你这是存东冬货吗,是的。
这么多年你还是一个人,我单身
书的封面了？搞不好我们翻过同一本,哈哈哈，我是感觉这本书上有股淡淡的熟悉的味道
你刷MIUI9了？,是啊
时运不济,来打一架吧
哎呀，我晓哥的防伪痣呢,p没了
坡主，你终于找到翠花我了，,有没有很嗨森！！
科沃斯旗舰店有，看到了,嗯嗯
杯子好漂亮强烈建议深深来我们青岛喝啤酒哈哈哈,深深不去的话我去（哈哈哈哈脸大
晚来天欲雪，能饮一杯无,这刘禹锡的
失踪人口,我胡汉三回来了
哥哥好想你,我也想
那个女孩是叫吕妍么,对呀
然后河马一口把狮子咬了？,顺便亲一口？
支持读书,嗯嗯
怎么？找个没人的地方打一架？,好啊
你来广州了吗？,我不在广州
你咋不回,今天回了
你是我三十九度的风风一样的梦,林深处遇鹿，海蓝时见鲸，梦醒后见你
我爱过你,我知道了，谢谢
你年轻时候好这口吗？,才发现的
2017会越来越好啦，新年快乐,嗯呐，新年快乐！
你冷吗,不冷
亲，你现在都成名人了，了不起！,名人就不会被剪了啊亲！！
哈哈哈头发颜色我也喜欢,我都想染了
为什么能在这看到你,巴啦啦小魔仙无处不在
你一直是我的蔡呀~,嗯呢
鹿鹿多更博想看你,自认为很勤快了嘻嘻
嘻嘻，说好了哦，等你哟,好呀！
你这么美你爸妈知道吗,当然，全世界都知道了
你的名字和头像都好可爱,哈哈谢谢，你的头像也很可爱
蜀九香么,嗯呐
人家习惯了自由，怎会愿意束缚,本来打算抓回家的，不抓了
好想和你一起嗨皮,快了快了
想到那张照片国外一家人失火在屋子前合照,我也要看
台灯和我家的同款哦,都是高品味人士呀，哈哈
有种戒烟,一起戒
乖学长爱你,套套爱你
要是有个不喜欢的人强行送礼物怎么办,那就不甜了啊
那瓶通化葡萄酒给我整一瓶,不用，回来给你弄点
加油！！！！！！！,嗯嗯
时光记载的青春好美丽,时间过的好快哒
可怜了我的云朵,下次争取让她友情客串一下
我的第六感告诉我我的快递即将到我的手了,说不定一会儿就到了
恭喜你能看到雪！我们这都好几年没看到雪了！,哈哈希望下的在大点
思春啊！,啊没有。。。主要是梗浪费了很可惜哎。。
游泳好啊,强身健体！哈哈哈
贤惠得哀家都化了,在家吃有气氛呵呵
期待华晨宇,超级期待我的主唱大人啊
这假放这么长时间？,是呀。超长假期。
猪脑好吃吗我觉得好可怕,好爱
哈尔滨索菲亚大教堂，很漂亮。,是啊是啊
刚走图书馆回来,啧啧啧，学霸你好
我知道你在说谁,你说不对的
在等着呐,我紧张透了！
你真的不会再回头吗,我想，但是不敢了
当年我记得七夕还能收到你的礼物,礼物？维秘？
我7点半吃的早饭，然而现在已经饿了,我不怎么饿就是渴
24个赞,哈哈
你还要怎么闹腾,不造。。。反正继续扑腾
说话注意点儿自己没有还说别人没有真有趣,你知道我说甚么呢么？
早啊基斯哥发财了,一起发财才好，我一个人没劲
想睡,来睡
睡前不要做剧烈运动，不要喝茶,没有喝茶，没有剧烈运动
椰的好喝吗？,这个不是
眼线画的不错教我,交换眉毛！！！
哈哈，你的春天来啦？？最近跑哪里去了,就在上课啊，，，
注意流量啊,不用流量的
张老师圣诞快乐！我也来一张,怎么做到的
同情一下,哈哈，其实我丢了就立刻想到怎么安慰你了
箍牙越早下手越好别问我怎么知道的,真的吗。。每一天我都觉得自己刷牙刷不干净好绝望
带我呀,连自己都带不动了
为什么老来大陆,你幻想
小日子很悠哉嘛~又吃又玩的~,是的哇。哼哼哼。很美好哈
感冒前兆，多喝温开水,两天都这样
我和华晨宇在马桶上左摇右晃的抠脚？？？,哈哈
劳动节开工，你是最棒的！,我是
想你和变瘦是我的日常,哈哈哈哈哈哈哈以后就变成减肥是我的日常了
幸福的哦，嘿嘿，忙得我都忘了和你说生日快乐了呢,没事哈，晓得小妹你忙着赚大钱呢
你群啥时候撤的,从我退了你们群那天
刚分手不久，拼命对自己说洒脱点，再洒脱点，做不到,把注意力放在别处。
什么时候走？少你一个怎么打球啊？,要买八月二十二号的火车大哭
有没有长沙谦友会，我只想知道薛之谦今年来不来长沙,今年薛之谦在长沙有演唱会
第一次见这么小清新的你,意外的好看
我来看小美妞,哈哈还有好多照片呢都没传
嘻嘻，我妈更年轻，回家给你找玉照~,哈哈求保养秘诀！
跟鹿晗好好的,啥时候分手
发现姐姐超爱发美食的微薄，哈哈暴露吃货的本性啦,静静啊，你还说我。哈哈。你也是一个大吃货
我好想吃鱼,不，你这猫该吃老鼠才是！
午安,好久不见呢
我赌圣墟有孔雀,道友何出此言？孔雀这包辣条有点玄
期待易烊千玺,易烊千玺最佳代言人
你就是我的新年愿望,一直的愿望
寒假来看我,太冷
在哪里的江边好漂亮,合生大桥下面的东江
饿了，老板来碗泡面，酸菜的,酸菜蟹面嘛
一见杨过误终生？,是啊
这么晚还不睡呀？明天有课吗,明天哈哈哈上课呢这不在床上玩手机
双手赞同+双脚！！,唉~综合症的症状很厉害！
青春正好，你该请我吃饭了,好的，定在哪里？
你如果不知道我过得好，那我过得好还有什么意义,感同身受，抱一下吧
没遇到雨,导游说来过这么多次第一次遇到下雨
容易抑郁,我目前还好
不要误导大家了，苏堤是不允许骑车的,当然可以骑车
我好困,我睡一道
我从来都没梦到过,他太忙了吧没空来我们梦里
你现在呢状态是：闲人感慨多,就是因为太闲了
赶紧回来给我借点,张掖这两天沙尘暴不然我都么撒吃上的
我来了,等你很久了
看到绿王的赞我,请问绿王是谁啊？
刚咽了个白煮蛋,算是餐前小吃么？
我也来一个高颜值披萨！！！,很漂亮赞
左手在干嘛,你猜哈哈
睡，喝水。,哪有时间睡
病倒了注意身子ar,嗯嗯，会很快好的！
短发最美的就是你,那我就一直短发下去咯
我必须去营口吃溜肉段，,哈哈欢迎
周末你这么早约会阿,嗯哪开始弄了
少女！,没错呀
我就想知道你这条是所有人都能看吗？,是啊怎么了
现在还有么,天天有的
吼吼我是给对了还是错了呢~,给对了
不睡了,我真的最可怕的就是失眠了
挺住,好说！
骂人有意思是吗，你介意被人诅咒折寿吗,我高兴
毛衣也是乐町？,对哈
小孩你好！,你好
蓝屏了，该歇了,我觉得也是
我朋友，一个沉迷球星不关注娱乐圈的男生都觉得她装,我也是男生
吃到一般就说吃饱了,里脊也太瘦了下次不要点这种异端
请问，你是南大的吗,有事吗
注意身体,注意肉体
看到这个我已经不能用语言表达我此时勒感受了,哈哈哈，你杂不来嘛，在飞哇
快飞来啊！,你要来取飞机吗
月初刚回来,你玩的美吧
猴中陈冠希都出来了,哈哈哈这速度可以啊
你这些娃娃干嘛用的，龙魂人形舍又是干嘛的呢？,就像是收藏手办模型一样
你上面那个人，看名字，气质非凡,可以。。
人在哪？,猛点击必出人
生日的时候去玩,生日的时候还是带暑假班
复仇第二季的那个艾米丽的那个男朋友好帅哦,是哦，原来你喜欢这样的
广东，早茶！,早茶呀！
丑的一批、天天批图，,丑也比你有能耐多了
亲是否看谍战片多了？,有时候我这人就是这样，稀奇古怪得想法很多
站在公交车里的我，快睡着了,哈哈哈。惨
抹奥利奥干嘛啊杨老师,让你看看我吃的原味的
行李箱都上锁了。要过X光机。,快去变个装
就我一个人觉得菠菜苦吗,我也觉得菠菜是苦的，油菜比较好吃
我，纪守财，张艺兴的女朋友，绝不认输,富贵在赶来的路上哈哈哈哈哈哈哈哈哈
松鼠,你有没有好好减肥
不明所以地说一句生日快乐,文科生怎么做的
倩女幽魂,强推
你给我说为啥子不弄个六张,因为没有了嘛
不要哭泣悲伤的日子总会过去,哈哈哈
今天去扫墓没？,木有
不喝可乐吃不下饭但又不可能不吃饭所以戒不了的,哈哈哈哈哈哈我不喝可乐打不下游戏
要幸福,嗯嗯，幸福
你现在完全就是个时尚买家嘛！,哈哈哈哈哈梦想职业
辣酱真的很好吃,现在我只想白米饭就酱吃了
不知道说啥就祝你六一儿童节快乐吧,那我就拜个早年吧
没事胸还是挺大的,没看到
好想念我的大北京啊,你们怎么去那么久啊！北京又热了
中午好,晚上快快乐乐呀
大哥新年快乐,新年快乐
袁弘你也是厉害了直接让我看呆了,哈哈，我也看呆了
哈哈哈哈哈！！！大哥你真逗~证和皮还分开放~,上个月换了新证，旧的皮一直没扔，这回果断扔了！
下午好，天冷了，记得多穿衣服哟,嗯嗯
你自己也找一个不就有伴了,哪那么容易啊
好乖的老湿家有个好可爱的奶奶呀！嘻嘻。,是老师，我亲爱的徒儿！
没有物业住在郊区没有邻居也不安全吧,周围是别墅群
躺在家里生无可恋,泡杯茶看电视哈哈哈
庐山烟雨浙江潮，未到千般恨不消。,及至到来无一事，庐山烟雨浙江潮。
每个月生活费一大半还花呗的我,仿佛看到了自己
人活着都是为了别人，不是自己！,不想活了。
我是说脚的问题怎么样？,小腿还是污的，只是消肿了，就没那么痛了。
你好,大家好才是真的好
新手机开黑怎么样,我到现在没下下来王者
爷今早心情挺好嘛,这是昨晚临睡前跟我撒娇
最烦队友说我送人头，我是真的尽力了,哈哈
阳光、敞亮、真的好好！,人生不长，开心就好
你是钩子遭痒了,那你回来涩，看那个暴那个。
猪叫队姨你是承认了吗,不我是仙女
鸡翅烤的也忒好嘞,凑合吧凑合吧
你肤质看起来真好,哈哈哈我后期调理的不错
广东那么爱装13需要被打压打压，所以一定要最低,但是你知道的广东都选了一卷感觉会装到底
师父啊，可找男朋友了,徒弟想干嘛
姐姐我在,弟弟没事的我。调整调整就好了。
除了剥虾还能下厨洗碗的人，遇到就该好好珍惜。,我找到了可是因为地域问题我放手了
秀恩爱,你不是好的呢嘛
这么早就起床啦,我饭都吃了了
背后的蓉看起来很认真的样子,哈哈哈哈她本来就是在认真的看书当时只有我们两个在耍
突然想谁呢？听着歌,哈哈哈，想你
期待易烊千玺啊狗年快乐,狗年旺旺旺
没有穿情侣装的人,我也
我在家了,你怎么这么早就回家了那你什么时候放假回来啊
易烊千玺四周年快乐！！,易烊千玺
首先要有钱,没钱要是也能做到岂不更牛
空乘说白了就是乘务员,但服务对象不一样
木有呀，你想暴打狮子头吗,超级好吃
很爱拾掇自己嘛,做个精致的猪猪男孩儿
面试心得？,对的！！
怎么翻得墙！！,吃我一发安利吗！
有雪,等会给你看神马叫做真正的雪山
我有点心疼头发,我只是拆了个辫子
陈翔真的是我见过最不要脸的出轨男，请问有人认同吗,我不认同
还是继续睡吧,人生如梦，继续睡
缺觉的喵喵喵,哎哎哎。我自然醒呢哎。哈哈哈
来看青岛的演唱会,我都看过啦，国内的形式都是一模一样的
加油惹,谢谢
电脑听人的，人听谁的？,应该是听自己的吧。。。
芽芽秀恩爱是不对的喔,请原谅异地狗好吗？
就是意识到自我的存在发现我吗鄙人愚钝愿闻其详,不告诉我你今天捣了几个蛋我不与你说话
花美男,我输他了
十月驾到,腰鼓要敲起来，横幅要拉起来法？
多一点，多一点，能不能厚脸皮的要你们三儿的签名,好的呀
哇小帅哥，小宝好可爱！,妹妹来了，家里有玩的，有空再来看你哈
抱抱你再抱抱,再抱我一次
来西园女寝呀哈哈,住的下吗
流连忘返,返璞归真
终于更博了,哈哈哈因为想你了
我明天回来了。玩吗,你下海肥来了？
咱北京是个有故事的地方。,北京的故事太多了。。。说都说不完啊。。。
这是你家长大的小猫？,又养了一只呀
中药是难喝,生无可恋
不能吃瓜我很难受,每天简直不知道要干嘛
好幸福,愿我们每个人都幸福
坚强。,我会的
一定要把年龄印在衣服上么？,不是啊，我都没印18
哈哈你咬我啊,心情不好
这个饵块店在哪？,附小门口
有免费火锅吗那我可以考虑一下,有的
有热乎乎的奶茶喝一样幸福,终于休息几天，想给自己在煮奶茶
我昨天可是和薛之谦遇到了呢！抱着我不撒手！,厉害了
不要得瑟，俺们都穿秋裤了！差别这么大吗！,不可能
好好学习天天向上,会努力的哈
此处呼叫某某,你在喊我吗
好久不见，又变美了,我那么美，还不赶紧过来看看我
饿了~,平日都不会的。
加油！明天睡懒觉,明天后天也加班！
饿了,想吃啥我发图给你看
我最爱的三文鱼,超好吃
喜三鲜是海参那个馅吗,对对对，消失了好久的馅
还不睡,不玩到手机没电怎么甘心好好睡觉
最近彩铅很火,因为彩铅相对其他的比较好画吖
我这个包包是粉色的,你这么一说提醒了我我没有枚色的包包哎
我已经回学校了，明天我还有一天假期,嘿嘿。。。
哈哈乖！我先去呼呼了啊~~~~安安小伯健,晚安~
老公我来看你了,哇哦被你撩到了
早点睡噢,好嘞
忙得没顾上老妈吧,她就是很能搞怪的一个家伙
你回学校了啦？,昨天去了然后回来了
博乐达好用的,哪里有卖啊啊啊啊啊啊
毕雯珺加油呐！喜欢你！,加油加油
你的地盘听你的就成,你们的对话略重丫
恭喜恭喜！祝福哟,谢谢咯！
易烊千玺祝福祖国,祝福
我闭嘴有什么用，要你闭嘴，整天吃吃吃,行了别说了，再见，哦不对。再也不见
下次请带表情,其实带了
看演员表才知道罗星是王彦霖笔芯,早看出来了哈哈哈
好吧今天科指导还来不来了,别急，我来去瞧瞧
哎，纠结的银啊银,那有什么办法呢
缺少四个帅气的男人~~,呵呵是吗
你最近是爱上了这些香水瓶是嘛,是的！很萌啊
加油贾总，证明自己,努力证明自己是个骗子吗
辛苦了噗哟,不辛苦
在哪里,武林夜市那里
大哥放我一马,一杯奶茶就算了
我在准备过520的时候，让人踹了,是520天还是过5月20号？
洛阳人真没觉得牡丹有啥好看的,仔细看，牡丹花真的很漂亮
转班到哪里了,36班，升级了哈哈！
欧阳娜娜？其实真的不是很期待这两首了,为什么啊？这么好听的歌
夏进牛奶我上初中时咱这有卖的，现在没有了,要是还有就好啦我觉得这个牛奶很不错呢。
能永远时就别说再见,对啊
越来越不懂你要说什么了,我要说的岂是尔等凡人能懂的
又不见了？,嗯，我看见那笼子门开着，在一看它，已经没有了
你到哪个年代都美有机会见面我一定要抱抱你,会有机会见面的
现在看看以前走过的地方！真心老了,老了还到处跑着玩
喜欢第一张,那就好
我还有猫力的第一本书满是和瘦肉的回忆,当时我还拿她当桌面
超级帅气！我手机屏幕是乐天少爷,乐天少爷太软萌了
欢迎二刷三刷n刷,不要了，还有别的可以看
春暖花开,趁着阳光正好，约起来，可好
为嘛？小弟下月正准备往西北取经去,您是去投闯王？
要向家人坦白自己喜欢女生么！,你和你家人说了我们的事？
腿咋了,被蚊子盯了
有车了！要不要来出来溜溜,还有手续。。。周五就能开了
我女盆友啊,哈哈哈好像
我是在夸奖你哦,谢谢你，
晚安宝贝！,晚安
给你一个泳抱,泳抱你
恭喜,恩，暑假见！！！你们宿舍就幸福啦。
最近想喝喜酒，你就成了吧，哈哈,不带你这样拿老妹的下半生幸福换一餐喜酒的
猪蹄和可乐才是官配,可乐和什么都是官配就酱
想要,送给你
强迫症啊你，装看不见就好了,看着难受浑身难受。
你摔啥,工作
宝宝怎么了呢？,宝宝得上课不开心
我不喝酒了，戒了~~,戒烟吧，
在等表情包,我也是
校友相见。,相见恨晚
相约跳广场舞,好的还没正经跳过舞尼
俺对清远确实很满意,下次聚会定在清远
为什么啊波波找你玩了？,不止呢~
亲爱的晚上好，又回来学校了,晚上好么么么
狗东西啥时候面一下啊！！！,四月份一定得约你
你最支持了，总是给赞给评,那是
明天发空间，又能来一次,空间不发，人多眼杂你在贫嘴哝，又想被鸽了哇？
请出去跑个步谢谢（鞠躬）,没有能量了
长点心，学啥别学医,别学机械
哥，你还会拼图害羞的说,哈哈就是！学会了！！！
辛苦你了,勉为其难。
你最近怎么样,分开之后我颜值越来越高了
难到要回家了？,不是。
这个女孩应该很伤心吧,真爱
你这是要变身厨娘吗,这句话你去年夏天就说过辣
流星锤攻击,你怎么看这么快
犀利！,哈哈，师姐，我夸张左d添。
密集恐惧症小白，你敢吃？,这没啥密集的。。。。
已有两条裤子告别皮带，我恨！！,骨肉君，你好幽默
来笑闪光灯,尴尬死
你可以这样，在家吹我，出门带上用我冻的冰激凌,你们家有你空调一定卖的很好
冬天去北海道吧,反正自由行，随时可以去。
过年伙食不错,你就是这么捧场的吗？？
等有水了再说！,记得告诉我，
怎么了？想要这双高跟鞋吗,笑出声来了
这女的发型和小s很像啊,是啊蛮喜欢这发型的
办卡饿了？,浦东地小人多
加油加油！,世界末日也阻止不了我了~
谢谢妹妹赞呦,不用客气
你们老是喜欢拿我发说说，我要告你们,你就是有股莫名的自信，这种要不得
抱抱爱你爱你们,懂爱你啦
生日快乐，我宝,谢驴子！
问眼睛是红色的,闪光灯很迷了
秀空调，死得早,哈哈
31天以后生日的我，等你,好！
吃甘蔗？,吃饭
回国真是开心的，我每次回国都各种激动！心情也好！,就是啊，心情好好
好久不见,甚是想念
今晚想找你的,还在玩电脑啊真好
一看没字幕我就不看了,你还要字幕？
我没有牙套啊,不是透明的那种吗。感觉好像啊
想好12000怎么花了吗,想好了想好了
2019重新开始,2018才刚开始
转战来芽庄啊，等你,没钱来，也没时间
我喜欢你,你是最后一个了
猪哥你表情肿么芥末喜感,表情帝不小心侧漏了
我当今天兔爷生日呢,嘿！我是兔姐！
战损成色？,闪光灯闪的
怎么又生日了呀,哼哼
额虫子是大表妹吗哦嘎嘎嘎嘎,我弱弱的问一句他是咱大学谁啊我对不上
不错不错，好久没吃火锅了咋没发圣诞大餐呢？,没拍，忙着吃都忘了拍大餐
大哥周末愉快！,三八节快到了、愿姐姐健康快乐！永远年轻漂亮！
你给我爱情和包就好，面我家里有,你一开口就让我认输
国内赏景就是看人,不凑那个热闹，找个人少的地方待着。
我家也是萨摩耶，请问多天洗一次澡,两周一次
我狗年愿望就是养只狗,哈哈哈养养养
快，拿礼物恭喜,大哥，您觉着这礼物成么？
一切顺利，平平安安,嗯好
一个巴掌拍不响这句话，得分情况,一个巴掌本来就拍不响，没有脸自己能响？
保佑你！然后保佑我二批的那几张相框这张不是我好忧郁,保佑
没有心扎了,扎心
不知道打雷了。。。。,你厉害。。昨晚更世界末日一样，
我在这盼下雨盼的好辛苦,我在这等太阳等的痛苦
胆子大的能告我狗狗怎么样了，我不敢点,不应该是狗主人怎么样了吗
哎！你在杭州啊,对啊怎么啦？
学校还没有可以应用的地方,有用户在图书馆模拟成功过。
小瘦子，你好。,你才是小瘦子
我要抱抱哇哇哇哇哇，禁言了,前天也回的抱抱哦
终于看见你戴这个发卡了,你应该说终于又看见我了
不要在意网上的言论开心做自己,抱抱
肉咬不动,就是要撕着吃啊
我喜欢绿的,还得黑的。神秘
小蓝垮了,垮了车子还能骑的。。
有代沟你是外星人好吗,你是山顶洞人
照骗,明明很写实
是这个妹妹睡衣和我一样么,哈哈哈是的
我来看你,谢谢您！给您拜年，祝您阖家欢乐，幸福美满
带着我儿子祝你们永结同心！,那么快就知道是儿子啦
据说X1性价比很高啊,买不？给你打个折再~
堵，别回来啦,你去天津了？
因为女生都是大猪蹄子,哈哈哈哈哈哈受到了报复
看到了电子秤,现在都不称了太重了
你都在想什么啊,很奇葩的东西
还想说一句，比你矮还比你胖,胖瘦无所谓，关键你匀称啊
记得去吃夜宵,哇在哪儿？
我可怜的孩子你几点走,明天早上
我经常掉链子,有时心意到了就好
致敬经典，感谢前辈，期待更好的易烊千玺,最佳封面人物
雾霾什么的，吃顿火锅就好了。,你就知道吃
深圳海岸城有吗,有喔
改行买衣服了？,时尚时尚最时尚
幸大佬带我上分带我飞,可怕，我才爬到白金
上班的人的痛你不懂,说的我们都不要上班一样！你飞德里的痛我不懂
岚岚你总是在夜间活动啊小男神更有种邻家男孩的赶脚了,辛苦吗
有头屑,大家攻击她！
祝福他们，养好身体再接再厉，未来一定一切顺利,谢谢
被子去哪了？,刚回来，清理掉冬天的那些棉被，被单还没找到就睡了
月子会所还是自己家呢？请的月嫂吗？,自己家里
生日快乐！,谢谢哈哈好高兴
多一敬业,可以给我一张敬业吗？
师姐放开那群饼干！,让你来么~
易烊千玺的小公主生日快乐,快乐快乐
你太能解读我的心了,哈哈哈哈，你太调皮了。
不罚批评教育这才是懂道儿,逆行在交通法规里是有明文规定的，太危险。所以才罚
哥！难道还不够黑？,哈哈哈哈哈哈笑死
老师你好萌,一般般哈！
我胸又小了,唉，没办法
你这是读大学吗,大概是小学吧
+1今年很成功地戒赌了明年加油把酒也戒了！,恭喜你。加油吧。
额人也会叫你不是人吗？,难不成你会叫真是太可怕了
你在内江了啊,对呀~地主啥时候回来？
角落里睡觉舒服点，哈哈。。,也是，根本没心情听
妹纸，除非失忆了，不然还是会记得滴！,会记得但是不会在乎了撒
我是羊肉串我骄傲,妈妈喊你回家吃饭
下次回克虐回来。我开不来球。力气太小了。,他也叫你妖。
老师，快娶老婆啦！,尽快
你这图p的我以为你的头在那贴纸那我手一抖,哈哈哈哈，随便贴了一个贴纸
明给姐带来尝尝,好的！！！
我影是帮你拍的好好看,你在回忆过去吗
我的前任班主任是现任班主任的学生,哈哈
不知道凉意啦啦他们一起去玩两天吗。,。。。。噢噢，不过应该是没位置的。。
加油加油~,哈哈谢谢
一回到家就卖萌,这必须的在宿舍一群男的面前卖萌会被围殴吧
大麦买比较好，黄牛的话小心被骗,好的，谢谢提醒
哇圣诞气息满满,哈哈哈这里好多颗圣诞树
网瘾少女，碎觉咯,貌似你比我还晚。。
原来你就是衣昂痿哥。,你不回来就没分了本来我负责你的
队长英明神武，拉废一个少一个,都参加了吗？谁掉队了？
好熟悉的天虹,想这了吧
我都穿毛衣了,穿短裤差点冻成狗
纪委在哪,好吃耶！！
跪搓衣板,跪榴莲皮，喜欢吃榴莲不
老奚新年快乐呀，期待新技能解锁,哈哈期待
哈哈，大表哥还是那么帅,过奖啦！！！最近咋样啦
要不要考虑和我在一起？,不考虑了在一起吧
我就想知道直播里杰哥有没有出现，我网不好，求告知,没有
昨晚睡得香，这场我一定要看！,相约3点
考来之后，自家的车开两个星期以后才不会忘记,知道我妈不让我开
赞一下么,莫咯
芬达什么意思,同问
过来八卦一下,哈哈，都这么关心我的
金大川帅上次见到他已经觉得他帅,气质不是一个档次的
遂道前面什么情况？,不知道啊
司机请把远光关掉,刺得我站在马路中间不知道往哪走哈哈哈
我早上安全到了海口又回来了哈哈,我到哈尔滨了
坚持住夜夜嗨！,失眠了
你怎么没去上课,事出有因
林海，正直的裁判替亮哥再次感谢！！！,嗯。现在正直的不多了
大晚上的，哼哼哼，我不饿，我不饿，我不饿,骗谁
扎人不,软软的，会爆浆！你要不要试一下
今年冬天不冷，花早发。,是的
喜大普奔,哈哈
你都不爱厦门了。,爱在心中
你洗头了吗,被翻牌了
生快,请我吃饭
大艺术家，俺家里缺副画,手到擒来，一句话！
脸太尖了一看都整了容,敢情脸尖的人都是整得？
来师大打,太远了我是有去至诚打过
你们知分数了？,还不知道啊，只知道错很多。。。
晒幸福！,晒的是别人的幸福，我的郁闷
随心所至做自己，不必理会别人的臆断,会的，就是一直善良就好
小腿咋瘦的阿,整体瘦了小腿就会瘦
叫我P图小能手,呀呀呀天生丽质你今年咋不去啊还想听你唱歌呢
我到现在18了去肯德基还是会点土豆泥,呵呵。
我钱包要空了,哎哟~~~~
女主变客串，我要去看微微一笑很倾城压压惊,我也在看微微压惊
有木有看到小猪~~~,今年没得去体育中心。
开发者大会咯？,过来玩玩
你在家？,可不咋的学车呢
吃肉还要吧唧嘴太过分,快换手机
明天晚上约不约,今天么？约约约
工作怎么样了啊,好难找
为什么不能吹空调,因为没有呀！
哇这是芒果么？挺漂亮的呢,是滴！就换了个眼片
我啊还有半个多月93就去学校啦,好好享受剩馀假期哟
本来以为是慧，结果是聪，女神这是什么情况？？,嘻嘻介绍一下，这是我男票
看不见我看不见我,好好好看不见你
乖啦我爱你滴,你是我的小苹果！
臭不要脸,我脸还没那么大呢
我也要吃，小妖姐姐快点回复我,回复
我想用来当壁纸，但是很多都有水印,我把水印去掉了做壁纸还不错我已经设了
直觉告诉我两个小时后会在榜首或者第二，甚至会爆,大爆了。哈哈
官博君的背景又换成新的烊烊照片啦帅气,西装帅气古装文艺
干嘛面试聊这么久？今天很闲？,都是话痨
开着空调上英语,已成热狗
多喝一点热流奶！,没问题！
你的小卷毛呢,慢慢变直了
我儿子都两岁了呢也没见你给买个牛奶啥的,两岁多了我砸都没见到你儿子啊就见到你相公~
加油前路还有好风景等着你,有点害怕有点激动
最喜欢你了老婆,我也爱你么么哒
着实，我们晚上也会冷到穿羽绒服，你有没有平衡很多,没有
那可不可以自己家墙壁加隔热板，防止邻居蹭暖气,那是损人不利己呀，对自己只有害处
睡觉睡觉你也早点睡晚安~,不安~不安~阿宝还等着我的电话呢~估计晚点睡
关注你的第三年了好看啊！生日快乐！稀饭你,嘻嘻
你们搬回北苑了吧。,是啊我在8楼
明天我就要去剪头发了,让我想想
抬头吧黑暗过会是晨曦，怀着乐观总有转机。,这首叫什么以及那天倒数第四首叫什么
我是来赞帽子的,先借你帽子用几天哈
左二的学妹迷之像钟小艾,哈哈哈别说真是
用的是土豆，为啥叫洋芋丝饼,云南话，土豆叫做洋芋。
快乐,哈哈哈谢谢不过是昨天啦天蝎第一天
对呀每天螃蟹生蚝扇贝的日子我已经厌烦了,你不给我寄
举手我知道,那个皮肤是我知道哦很棒
苗侨伟！！,谁来的？
今天还上班,对啊
早安，到学校早点睡。,明天才到学校呢晚上到上海自己找住的地方
在看隐秘而伟大,也好看。看流感了没
15岁生日快乐,你怎么知道我的真实年龄，天呐
将军你是在打水仗是吧,人在江湖飘
踏青很不错，就是还有点冷,我们这边这几天天气还蛮不错的
你是喜欢他的电钻吧。,顶你上去
贾冰真是一个特别棒的喜剧演员,实力派演员
过两天咱两开,嗯啊
麻麻的拍照技术比你好了不知道多少倍,呸！我拍的更好
你那里这么冷啊,没呢
最好结几个桃子灬,这是你现阶段的绩效目标
奶奶能不能晚点出现,我也这么想的
加油哦还有十多天了,就是啊
矜持一点,哈哈，很矜持了
以后要经常互动啊,不能经常互动了只能偶尔有空再来看你~
你可咋整，多穿点别着急减衣服，春捂秋冻啊,哎，前几天家里太暖和了
你也关注我吧,关注了啊
你不和父母在一起？,老家河北的，现在在北京工作，
我必须转发然后悔过,哼哼哼。不然怎么诉说我的相思病
你在哪里？,我在街子
可以去包榴莲了。,哪里的榴莲便宜？想吃榴莲迟到饱
我没流，因为我才吃了宵夜！,我枕头都湿啦！
农夫山泉最好喝,矿泉水感觉哇哈哈最好喝
下雨肿么了,下雨不能出门走走。
彬哥的生日到了，驰姐的生日还会远吗，你懂的,驰姐十一、
聪明的大姐！,可不么
我用玫瑰的，也不错哦,哈哈，我也有用
哈哈哈今天我忘记带口罩,我也
我都想去海边了,呵呵，来吧
你咋一天猴子吐不出象牙呢,那你去给我找个猴子能吐出象牙的
我越来越不喜欢肯了，喜欢麦了，哈哈。,麦吃得少，翅膀和薯条还行~
有钱人才买的糖,捡的
哈哈哈正确答案是公路还是管道来着求小天天讲解~,几时回去看小天天吧~
你在大宁？,对呀！
遇到奇葩了,电话奇葩？
哪天要去坑你一顿！,渣滓都不剩了
你们专业没男生？！！,没有啊！！欢迎来玩！！
这笔记本是真不错,被动散热笔记本你敢买？
心有所属,是滴
有馒头吃已经很不错了总比我们这喝西北风的强真羡慕,够了！什么鬼！
期待走在铺满鲜花的路上,开心
看你到处旅游的样子。,也没有经常旅游啊
嫉妒使我面目全非,你那个对象怎么样了
飞向别人的床,他不知道
完了完了下次吃饭得注意旁边有没有电影博主啊,烧烤店当然讨论烧烤啦哈哈哈哈哈
一如既往地美,那是一定的呀！
宁波好像阴雨天,嘻嘻，我们这里天气还好
不知这种夜里司白会如何度过,游魂野鬼？
你要自由那么晚给你全部全部的自由,那我要你
精致的下午茶,不是下午茶是房间的欢迎茶点
帅帅哒男生，请问加菲猫经常流眼泪是不是身体有问题,有些猫比较感性吧是感动的泪水
我有看到发伟的女朋友了，很漂亮的说,那当然
铁锅炖元宵,记得放糖
迟到的时间太短了，难怪被骂，活该,真应该向你学习！
好东西要共享的,额师妹不会你也要种子吧
生活总是这样，坏事情都堆一起企图你失去信心,一次次的要崩溃。今天心情真的糟透了
这个高中就看了彪哥的书,毕竟我没有彪哥那么洋气不
我怎么把这背影看成正脸了00,被发现了
从美食博主转行当旅游博主啦,哈哈真的太难写了
怎么才能找你像你这样的女朋友,这世上仅此一个
有大佬报销,向大佬低头
我在广西经常听到丢老衲,粤语粗口博大精深
自从家里买了暖菜板盘子碗都换不锈钢的了,为什么换不锈钢？导热更快还是？
幸福的孩子,你厨艺应该很好吧
你要减肥，我帮你吃吧,下次来帮我吃哈，呵呵
西安！,嗯呢
专门开了会员可是宿舍网太差了,我也是专门开了会员
有些照片终于发了,还有没发的
喜欢最重要，看上了就要拥有,喜欢是最重要的
天天吃我馋很久了,等你生完就可以吃了
加油啦,好配合我
给钱,没钱，你走
你的发际线陈奕迅看了都想流泪,我今晚就要早睡打卡
哇塞，来广州了呀,是呀来玩几天嘻嘻
也有一种生活叫做天天叫外卖,我似乎看到了你颓靡的未来
谢你当年不娶之恩,不！客！气！
敲喜欢王丽坤的很漂亮还有演技,对有颜值还有实力
一定要去吃小龙坎！,去年就吃过了
你志愿填完没有我刚因为志愿跟我爸吵了唉,又吵了？我还是老是矛盾
6月9号，西安站，等你们哦,西安在哪？
想减肥来找我哈哈,有效果么
超级赞诶太喜欢啦身体好点没。,哈哈哈我好多了放心吧我刚才还在犹豫要不要发怕挨打
元宵节快乐我上火！！！最近都素食主义挖,哈哈哈！元宵快乐哦
南方的女孩子真的是很温柔吗长的也贼水灵吗,其实也没有
我在平均气温20的云南曲靖,我在19度的大理
今天心情特好,那不就好嘛，天天好心情
下礼拜我去奶那蹭饭去,坏人
你曾是少年,抓住了重点
黄现在也高调晒2个人哎,黄和谁啊
小情人生日,你究竟有几个好妹妹
好人一生平安,多做好事终有好报
海在哪的,在我心里哈哈哈哈
今天开奖100名包包获得者,啊啊啊啊，想要
恭喜啤梨士多多时至运来，获得闲池荷香，真是羡煞旁人,哈哈哈哈哈哈可以的可以的
给猫找个女朋友？,也行，我不重要
我喜欢吃春饼卷东西！！,这个不算春饼哈哈哈哈应该算面饼？
亲爱的，早安！我是不是很勤快,是的，么么哒
我们这的花还没开白茫茫的一片,都三月份了，英国居然还下那么大的雪。
教主要唱歌哇，期待,实在是太期待了。
请带上我一起发财,我还等着李总带我发财呢
几天不见又漂亮了,又说大实话
乡村非主流！还斜着拍！,斜着拍看起来美哼
你们东北还是可以多穿会的,你是刚起床吗？懒虫
桃花朵朵咯,哪里呢
来，韬队长。你不想向海浪解释一下吗,我也想加入海浪
周冬雨真好看啊,还行吧
表哥，你跳池子里了？,里面是个亭子
你还要看歌词啊，另外唱歌的时候戴耳机都是为啥啊,收音效果好
重庆大厦好像不限购哟,尖沙嘴那家？
店里有破烂a黑色的外套么,没看到，我看到短款的黑色了，长款的只有红色。
阿金是谁好逗吖,诶！干嘛！
多喝点水，快点好起来,哈哈，好好多啦
一点点加盟要求得一线城市,？？为什么我同学说合肥也有
爷你心情不好时吃什么,甜食
辣眼睛我快瞎了,谁说不是呢
还好吧，教院有那么多黑丝吗？我没见过,起码我们班就有很多
你哥是掉到下水道的那个人吧,笑死我了
转发没在破百也是醉了，看来就得写正能量的东西,你是榜样棒棒哒
我也快开学了想想就,我在宿舍弄被子弄得我好想回家
拍完照了吧？花快还给别人,你快来解救我
我看到小云儿笑嘻嘻的那会眼泪就止不住了心里疼疼的,嗯，有点点心疼
不是都在看鬼怪吗？鬼怪我还没看呢！,没看也
你有小肚子诶,就你有嘴叭叭的
哎钱拿到就好哦解脱了,嗯对的还没来呢
你这被子叠得戏有点过了哈哈哈,？？？我这一礼拜天天都叠这样的被子，很奇怪吗
你有做过自体脂肪填充吗,没有哦
美丽,清纯
谁能欺骗你善良的你,真的骗着我了啊
我在哪呢！,在我心里呢
我要吃柚柚,不可以
白天理性，晚上感性。女生是这样，不知道你是不是,感性早就不存在了
大姐就是不一般,这不是我的花儿想我没有
什么东西着火这么厉害？,摩托车啊，肯定汽油
湖南零下一度,火炉烤起来别冻着了
穿白衣服的好像我下个女朋友诶,就是在下了
没人打扰静谧时光，仿佛意识已经脱离了肉体,期待武汉或者洛阳再相聚。
曹店滴月季花还蛮茂盛么,这你都知道差不多谢了好多
作弊技术要提高,分两半隔壁一半超级松这里超级严就挂了
想发生什么,想发生那个
七杀哥哥到底多高？年龄多大？？？？,一米八几我忘了19岁
我都巴不得带火炉,我决定多买点暖贴贴身上不冷了
哎呀，我还是，我昨天折腾到两点才睡着~,我4点过。。。
你也活的也太粗糙了，我都不用大宝了,情歌在用小宝吗
你喜欢萌七七？下次我也送给你,那怎么好意思
我怎么觉得跑步会粗小腿啊,速度控制在7公里每小时以下
皮皮哈哈~你去吃了那个抹茶那个了？看见好好吃~,哈哈还吃了抹茶冰激凌冰激凌比这个千层好吃
发梦里了,这会儿啥都记不得了
罗叔你怎么还不更博是不是饿晕了？,是你太慢了跟不上我的节奏
你和杰哥一样要永远幸福,祝福你
阿月最美了，不接受反驳，傲娇脸,没错
李老板你好,你是？
红豆最相思,那明早喝杯红豆粥
韵意文学社欢迎你！,Q君，如果让你写同一个标题，内容会是怎样的。
23333你们寝室的人真瘦,主要是我胖想课少了去健身房
你确定有我多？,看图说话
哈哈哥早安,早哈
我坐车的时候也见过这的人，真的好讨厌的,是滴。非常受不了。
你怎么了呢？昨晚上不是说眼睛疼么，怎么还闹肚子啊,吃坏肚子了吧，已经没事啦嘻嘻，放心么么哒
要卖掉现在的车，再啃下老的,准备买什么车？
期待你的攻略,嗯嗯，回去收拾下屋子，就写攻略
昨天买的毛衣？,嗯嗯，就是跟你一起那个
这女生不适合你,同感
哈哈哈璇璇瘦的,你没有看到我的肉
晚安单身狗,汪汪汪晚安
朋友，你学过拓扑和实变么,才大二还没学到
为什么你还在家。。。,蓝而我今天已经到学校了
海普凯诺天猫旗舰店没了,有啊
1分没花。我是不是双十一的一股清流,我也是
你的灵魂本就应如晦暗中斑斓，渺小却照彻河山。,世界以痛吻我
报告这位亲，你成功的误解了我的意思,永远都不是读者的问题是作者木有表达好
要商业互吹了吗~,那你倒是赞美一下我？
想辞掉工作，又害怕失去,我也是准备着，破釜沉舟了
因为你的脸嫌弃你了,没一处好地方了
不许以减肥的名义不吃饭,好吧好吧
我去短发,说没就没
要不我还是托梦给你~~梦里面给你~~哈哈,呵呵，，。那一定做恶梦好么。。省省吧
买新年衣服吗？,没错第一套更好看
家里很安静突然听见自己的爆笑声,，赶快看看你的是什么
胡子差评，嘻嘻。其他满分,我不会修胡子
煤气是一氧化碳不容易引爆天然气是甲烷,喔喔，我当成天然气泄漏了
生快,好好写作业，加油
去婆婆家了呀？,嗯这边天气好好
你有露脸了？,我露了我是鼓
有你觉得一辈子不够用,你谁啊？
有一种恋爱叫，根本没有在一起就失恋了,嗯，深有同感
原来那个路牌还可以拍得那么好看,你也可以
我们还可以穿单件衣服,冻死了我们这
您们这一寝室太酷了,嘿嘿，要做一个精致的人
下雪啦，下雪啦。雪地里没有小画家。,雪地也没有小仙女，小仙女会冻傻
好久没说晚安了,哈哈
我们大概七八月份。不过去哪儿还不知道。,我想去丽江厦门或者海南你呢
我都被骗了一万三了你还忍心在我这打广告？,亲你被谁骗了也不是我骗的您
两个主角年纪太小了，根本撑不起这么有心机的角色,撑不撑得起等剧播了看了才知道呀你说是吧
你们上一段感情因为什么结束的？,错的时间遇上一辈子忘不了的人
打个鸡蛋试试,我一直没敢尝试，哈哈哈哈哈
上洗手间，不关掉就行拉，劳动你被骗了,你不关掉就没人开了？不关掉那不是更好，现成的！
加油,什么？改掉抠手的毛病吗
你把他P这么帅，良心可过得去？,过不去啊，为了大家好。就勉为其难
看到你的鞋子就想到我一屋子的鞋子,你不说我都忘记了
秋老虎马上就走，还是那么热,能稍微好点
我也失眠！！！,太痛苦了我现在还醒着
国庆回家啊？,是啊
烂尾真要命。。就像刚刚看的迷雾,想到了猎场
你去看火星哥啦，哇哇哇,对呀现场燃爆啦
吃饭了没,现在回家路上
哇~你都毕业了啊？~,对呀，时间过得太快了。
我跟你好像也食过寿司啊。。放心不会跟你断裂的,世间上的人和物真的变幻莫测
你两眼神好像啊,神似是最高境界！
那只比较黑的手是不是没营养,可能吧
女人就是要好好爱自己,说的没错哦
可爱熊,可爱兔
东风误不了年华！！！,懂不懂！
每天只能抢四次你怎么能抢这么多啊,塞钱
今天狗粮吃到饱嗝,我也，是时候反击了！
新年快乐，一起加油,新年快乐么么哒
你哪天也出现在我面前啊。,你好生期待着
毛老师，会怪我吗？我是爱你的。,怎么会呢！！超级感谢何老师多让毛毛说话
我嫌弃你的贤惠,嫉妒我改天死过来做指甲听到没。
你本来就很丑,你丑就不要说话
你什么时候的火车啊,八点四十五的！你什么时候回去呀？
说句实话，我看成鹿晗关晓彤无缘结婚了,但愿但愿
来找我玩,在北京么在北京么？等我病好了就去哈~~
出来浪两圈一般心情就好了,现在心情爆好
我忘不了你，你可以回来嘛,你为什么不自己主动来找我
做什么的呀？现在还不下班！,美发的
想看灵狐姐穿礼服出席全球发布会,你就想吧
下周星期五几点，如果我们没事，就去看你们踢球,几点我也不太清楚，不出意外都是下午的。
照片要感谢美颜让我变白了,来，给宝宝我私发一张未美颜的皂片
今年又得过节了呗,是的
跟你说晚安,午安
这眼睛怎么泪汪汪的,或许这样才有保护欲？？？
五月天的歌听的太少了吧！多励志！,听的多少不重要，重要是要努力去改变！
没有男朋友,没有朋友
38度2呢回家了已经,那还行！坚持住！发烧是好事
知道了告诉我一声,秘密
写手还在跟进0爸的事情呢？,不想跟了，但是有些料还没爆完，纠结
一路平安哦！,谢谢！
祝福你幸福快乐每一天,你也一样
找不到你留下的痕迹预备唱,眼睁睁的看着你
那我明天通知他让他别刮了，让萱儿闹心了都,你真好嘿嘿，希望明天不要刮风啦
爱笑的美厨娘晚安,又是到晚安的时候
我也爱你呀要一直和猪猪在一起,哈哈哈哈哈哈哈，要一直在一起啊
淘淘长高了！,看名字不用想就知道是你！
哎我早就不追剧了是不是我也老了,追剧，要看追什么
刚睡醒,我醒了二十多分钟啦
这个多少钱？深蓝色有吗？,不再有了480
怎么可以辣么美,娶我啊
不用愧疚，走自己的路，睡自己的屋哈哈,等我哪天来劲儿了的。。。这都不是事儿！
过四天了,好了我删了你先看到了我再删
妆容可以自己改么~？,可以用复盖化妆的方法来改
挺住,死扛
可是脸那么大怎么遮讷换成房子多好啊,房子你给我买吗！
来我家乡干什么,我扬州人
想起了一个人，哪咤,你今挺闲的
兑换码可以直接兑领么,兑换码在哪里
搞不清楚的东西不转不评,也是！
关键词是菜择好了~,没错没错，好久不见
我能说你长发更好看吗,好呗什么发型都试一下才知道哪个更合适呀
记得下次给我来一瓶,等你被困车里的时候
得向你学习，真不应该浪费,浪费心疼
晶晶，是凤爪专业户啊~,哈哈哈哈对每天吃凤爪
最近传的北京政策是什么？,我没传，不知道是什么
我今天就在夜市旁边的小区住的,可以
你家有没有汤圆吃,没有
我这种不知篮球尼还不抓瞎,真尼，太雀了，多少人都认不得马刺嘛
饿我也想吃刘书记,不好吃
网友的头花很漂亮,买一个送给你
警花，你是在k歌吗。。。,是的哦！
富婆！！,哪有你富，座驾都有了，望尘莫及
本来今天想邀你幸亏没邀，不然你可能也会想杀了我,将近一个月没玩游戏发现你段位比我高了。
下次请男生提问女生回答,你想问什么，
室友有点帅，哈哈哈,我也觉得
咱俩生日正好差两个月,哈哈，差不少
要加油，别灰心,很受伤都要怀疑自己了
我就爱你说真话,哈哈哈居然大家都这么想
我四年前就许这个愿了一直怂到了现在,一起啊
猫咪到你家也是有福的！！,主要是我对象照顾
有多少人一直在追这部剧。,一直在追
一起云养猫哈哈哈哈哈哈哈,一起！
请客请客,论请客不应该是你请我吗
我没有狗。。。,要不给你一个
瓦是不是应该转发一下捏？？大和锦在你那？？,是的~忘了上图了！大和锦也开花了！！
娃娃好有爱的,我回家了。要不要出来见个面啥的。
我发你会反感？,你有发过？
做蛋糕夸我,你能你能你最能
我在家呢，什么时候请我,我不在家
我导生我气了我心好碎,我的导师也经常生我气
我男朋友太帅了,对对
看到马上去点个赞,哈哈哈哈哈哈哈能不能下次看到我也赞个
晚安,梦里有我
那个叫郑丞丞的是一直叫这个名吗,应该
晚安,晚安熊老师
你是风儿我是沙,缠缠绵绵
七天,师姐你家开的吗
这歌声太美妙,嗯不错
真的是越来越喜欢王源儿。越来越成熟，越来越优秀。,可别是个戏精吧
你准备变成网红博主？,有希望吗
边牧就是聪明啊,智商高啊！
做梦都是你回家,哈哈，你研究出啥节目没
昨天在郑州手机被偷了求安慰,人没丢，不错了
很喜欢你直率的样子，开启吃起来,我也想吃
好久不见，大家身体还好吗,我。
一刷出来以为你在呼唤我,哈哈哈哈哈哈哈唱了起来
桂林也有哈根达斯了？,不是啊在南宁吃的啦
文件夹命名什么节奏,我总相信来日方长，其他两字删了
希望你有朝一日记起我，也画一个我,可以
嘤嘤嘤，我来晚了！捞临安安！然后，慕叔叔生日快乐,前排被挤满了你真的很晚
我的孤单很丰满,我的孤单很骨感脸型很丰满
不知道啥时候再见,保重
哥哥有收到很多爱啊,为什么我老是说这句话啊
我们这儿也出太阳了,嗯嗯
想变白其实很简单,可是我本来就不黑啊
黑暗中漫舞,你个奕迅控~
你是最棒的思密达,真的很流行没有标点，我以后也要这样
嗯。我想活得轻松自在一些。先从自己调节一些习惯。,恩，戒掉猪肉浑身轻松
可惜家里当年盖新房子，搬家的时候那些磁带全弄丢了！,太可惜了
感觉到了来自你的深深的恶意,我错了
我在默默地收拾行李,恭喜你！我都没回家！
放暑假啦？,嗯那嗯那
发现你最近不正常,心情不好
我来问：忘记一个女生需要多长时间？,咋忘
心术，黎明之前。,然后
旺财！,土豪狗了变
上去搭讪,不敢
扭一扭更开心,哈哈太欢快
姑娘是山师的？,不是的，我已经工作了啊
单身狗们这里来交流一下你是凭什么单身的,我要是知道为什么，会单着吗
明明是大姨夫来了,呵呵哒~你黑我
生日快乐我美环爱你不变,好哟
去北京洋气,谁叫我在外面好好野的
你不是吃中药了么，调理的咋周啊,本来挺好的啊，最近又不太好了
我正在吃,好巧。
姐的热点开了，给你用用，密码是123456,你个坏人
你的头一点也不大，是帽子太小了,哈哈哈哈哈哈哈哈哈好可爱
辣么好的工作谁还出油,每天加班，还老出差，严重影响夫妻团结啊~~~
发工资的时候我选择原谅公司一分钟,这就是上班的全部意义啊
赞赞哒下次继续,话说你40秒就回也太不走心了吧
菜建雅一定也是吃货,是啊据说她平常就很爱做菜
哎哟喂，花裤衩老爸抢镜了,哈哈，重口味吧
没事没事！你是最棒的！加油！,虚伪至极
请问你的头条作者认证是需要什么条件的？,是不是要多发头条文章先？
这个奶酪包是有多好吃,我会觉得有些腻，不过它火了，大家都想尝个鲜
这么多美食诱人的不要不要,到晚餐时间了，多吃点。
万事无绝对，这句话绝对么？,请考官尊重考生让考生自己答题
不去厕所就安全了？上去扇他啊,我打不过他！被揍了怎么办！
秀秀加油么么哒我也上学,上学不是军训吗
月亮都是爱你的形状,爱你哦
你红了,可是我都被你截胡了啊
昨天梦见你了姐姐,哇哈哈哈与你相遇好幸运
早生贵子啊,一起吧
辣妹静笑一年哈哈哈哈,哈哈哈你住嘴
我的心腹大患终于抓到你了,心腹大患
念念真棒！练字有了进步，喜欢也沉淀出了色彩！,谢谢啦
请问那个红色帽子还有吗谢谢你,没有了
实习面试？,恩四大第一间
愿梦想成真,肯定
夜深人静你陪我哭一场好么,不会我满身正能量
猪肉芹菜是我最爱的搭配哇~,我讨厌吃
看完睡不着,睡什么睡起来嗨
员工可以免费吗,专供员工喝的
你个猪头,我吃多了难受啊
晚安奔奔,晚安哦
你见到偶像，为啥我特别激动,因为你懂我
舍不得回来了吧,想回去。关键是跟什么人来！
锅炉少一点，最好就我一个人。你再帮我找找,一个人？干啥？直播？
小日子过的不错,哈哈今天把南城都逛完了明天开始待在家里发霉了
没有回家,而且现在觉得生病的时候在家好幸福！
叔叔伯伯不是一辈吗,问题是蜀黍也许可以很萌，而杯杯往往不太萌
你是不是今天放假太无聊了然后就疯了。,我就想这种好吃懒做的生活
平安回来好！,Ok
咱不会做饭的人就是这么酷,会吃就行
生日快乐,嘻嘻谢谢你
易烊千玺真帅,我也觉得
爱的刚刚好是什么,是爱情
办不办会员：？,不用办。最低了
晚好哟有没有想我,嗯嗯
你家灿灿准备去杭州了么？,哈哈，一切都是值得的
我要告你我还有考九十的呢,可以我暑假回去好好招待你
没钱,就是让你看一下念该阿联酋有钱人任性几
大土豪又在秀优越的生活啊！,吃了几个樱桃生活就优越了啊
福袋随机送的话码数不对咋办啊大叔,人工智能，会根据你购买记录的尺码去匹配的。
从哪里找来这么多妹子呢？,嘻嘻
发生了什么，昨天你不还好好的吗,是昨天粗来的
生日快乐,谢谢
嗨皮一下下英语数学某问题,啊啊啊数学魔咒啊啊啊
你上什么课哦？,哲学入门
最不怕长肉,说对了。
啥？你做饭最好？你确定没逗我？,我说了跟宿舍三个师姐比，我起码会切菜会炒熟！
你干嘛了么,拿货
为什么不要喝飞机上的热水呢,不卫生啊
记忆抹不去也有不走。你们的缘分尽了而已。,对吧，重新格式化
平安最重要。,祝福！
大房下的毒手！,戏精
一年好多节日的，拿到你手发软,还好，还好，嘿嘿
无论如何感谢经历,加油
哦我看到了撒我觉得我们这边就要降温了,今天下午通知完各个都无心工作
锁骨露得也挺不羁的,你有本事说别人，你有本事也露一个呀
你是要屯多少货。。。,一年一次，一次屯一年的
都掉漆了是不是好心疼,都不好看了。。
北方饺子不好吃，没有汤。吃不下,我们都是蘸醋或者蒜酱
周一一早收到的悲伤的消息,请允悲
顺利！,好嘞
我有友善，谁有富强，换吗,我有！
要记得取票哟，不取票不算票房的。,嗯嗯
学霸妥妥的,必须
你两一个去安徽一个回东北？,绝啥时请我吃饭
我回家后也要来一张，发表感叹,一起撒老婆
加油！期待在厦大相见,嗯嗯，竭尽全力。
实力网红,兄弟，美颜太可怕
摸狗头,狗头给你
你可以见证从最干净到一步步变脏,有专座就好了唉哟。双层够挤了，现在还单层。。
你说你，回家呀，你病了,谁知道这是杂了，倒灶了才
看看，亲，你已经瘦到我看不见了,哈哈，笑死我啦呢句话
下周开始咱们火华社的模式,约约约！
第几次保养啦？,第三次哦，这次是送大保养
我无复习啊，好慌！,几时考啊
没见你对感情嫩个积极！,你要吗亲
儒雅帅气,少爷您捧我
表白最佳代言人易烊千玺,易烊千玺
现在小尼不挑着回复了是么,会不会回复我呢应该不会
蛋塔看起来,是啊，我明天早餐看来是肉蛋奶全了。
书店免费给你用的东西,嘻嘻
生活如茶，令人回味！,知竹懂莲，岁月美好
Mmp又被自己帅到了,明明太帅！
难过的恐怕是而且V8也没有颜值,你话很多
上衣真的美爆了,嘻嘻
你和你老爸的鼻子简直如假包换,好看不
牙膏洗脸还是洗面奶刷牙,是边刷牙边做面膜哦
早开了,所以你明天聚会晚上马子的局就不去了？
我的天明天跟我好好说说,扎心了
晚安静姐姐，这么多天店里比较忙。,注意劳逸结合哦
心情不美丽,不开心的可以和柒柒说喔我是你的小树洞
这背着的是个啥？小零食？洗累了来一发？,刚吃了饭回家，有时候晚上回家坐那看电视都一直背着
你的阿尔卡特拍照效果很好~啥型号~,什么型号不太清楚，是蓝色屏幕的
我也来凑凑！菊池先生生日快乐！！！！,你你你。给我过来！！！
手毛瞩目,我手毛太长了都不敢近拍哈哈哈
因为脸可以是100分，其他就不需要太努力了,太夸张了，大部分看电影的真的是为了看电影
烟熏妆嘛,我眼圈黑
在银行那么辛苦,就没有休过一天的
周末可以去岛内！一起去,好的。。如果手头这些事忙完的话
送谁？我已经所有的衣服都穿不上了，夏天怎么过,那天看你朋友圈照片还行啊
别戴口罩啊让他们看看什么叫盛世美颜,他们都是凡夫俗子不配看我的盛世美颜
我想知道，能出一个小码女孩子穿么？,试试S
发给你的女朋友们,那是你
先打3对面9我在10对面出不出无所谓了。赢了,无限单点，就赢了
嗯哼很可爱,小小春
我女儿真漂亮,原图脸色差地好难看
表白最爱的奚梦瑶包包看起来好好看,对啊
喝一壶老酒,啊哈哈哈有品位哦
可爱,这是团长
生日快乐,哈啊哈哈哈
求蔡文姬出装！,可以可以，马上去试试
这只猫今天跳我腿上了！,6期？
2018年的第一场雪咔咔的,真好看呢
今天，你打水了吗？,室友很给力，
大才女感脚好久没画了,噗哈啊哈其实我是想让你看看吐槽的字好好敷面膜
西安、黑色玫瑰、段位什么东东可以吃吗？,我也在黑色，除了中单不玩，其他都Ok，敢约吗
之前在12楼上自习的时候都是走下来！,下楼伤膝盖
摸摸头小缺加油,嗯嗯呢
我那是懒得理你,疯狗一样，打你脏手
衣服挺好看的呀,我知道只有衣服好看
你们已经到了？,对啊，你到了么？
安东变帅好多,嗯哒
发一条就算了，不要重复啊,谁让它总发不出去嘛！！
我的夜宵,这是什么啊
早安，不知道，,了解一下不
最后的羞涩小表情亮了,献丑献丑
我现在都踩紧单翻工！,健身正啊
今天我爸还让我喝养颜哈哈,嗯嗯
没头脑和不高兴？,恩但他不承认
毕业快乐,我回家了终于
你去韩国了啊,对呀
嗷嗷嗷嗷！好想去围观表示毫不知情的！,你不是在考试吗就没叫你
去上海工作了？,嗯，都来一个月啦
每个人出了国都会变成大厨哈哈哈哈,是滴
好用吗6s升级后,升级中
我要看正脸,你倒过来不就是正脸吗
好的哈，我这似乎来早了，九点才开始考试,那么积极
红薯，今天是好东西了，以前它是粗粮。,一直都是好东西啊健康食品
问一下大家我喜欢一个人该不该表白,放心大胆冲！
来！咱一起剪光头,真的假的？
你还在追星,追星使我快乐
还在排队吗,没有，我去的早。
1215周末啦,吃过饭好吧
你还会回来吗？,朋友啊再见再见
潍坊的确实做的好吃,只不过关门了
你要变美食博主了吗大晚上的我恨你,我，
不要说出来嫉妒,我是不能去，
最近脸圆了。哈哈。,肥了
我在惠安啊想我说明你爱上我,你又矫情了！
我在深圳在想同个城市的他,羡慕
愉快愉快,同乐同乐
你居然看韩剧啊,关键是这剧真的还不错
吃饭米有,刚吃了地瓜，刚下课一会。
看你街拍就养眼睛,好看
论文改完了吗就喘气周一还开会呢,看到这我甚至有些窒息
反正这里人多没人能看到，给自己打个七分庆祝一波。,我看见了
你是我几个月的收入了,我要控制拉！
生日快乐,小提琴来一曲！
发现不在岛上住头发倒越来越好又黑又亮,何止头发！离了那岛我整个人都神精多了！
有种坐在婚车上打招呼的小两口既视感,对对对，就是一种感觉
手动艾特钱程,哈哈哈哈哈哈哈哈你咋这样
我也刚创作完，晚安,该给我看看
这女孩挺漂亮的啊，就是腿有点粗,腿是粗了点，但腰挺细的
我是新来的秘书多关照,给我捶捶腿
你的暖男大叔已经在赶来的路上啦,你说我吗
很久没摸护手霜了手都干了,要抹均匀哟，哈哈哈
应该多带一个观众呀,那个观众去厦门浪了
周杰伦《园游会》这个世界约好一起逛。,我顶着大太阳只想为你撑伞
谁说平凡人不能成为英雄呢？,没有谁说过这句话
不可爱的你带不带，我有一颗王者的心,你那么可爱的，包是要带的快来加我
无从揭晓,你最想要热巴，我知道
新加坡真的超级干净,就是呀云朵超级漂亮
看了你这个我突然没有了不想上班想睡觉的念头,辞职吧
听不见你的呼鼾我都睡不好,哦我录给你听？很难想象那么多年你是怎么过来的
听说你要开演唱会了我可以去现场吗,我也想去啊
听得懂六级听力么？,狂睡三个小时
恭喜恭喜,必须个
你是够辛苦的,等我把马尔代夫的钱赚家来就在家休养了
话说你抢到选修没？,没有啊！你有没
这饭是和里特一起吃的啊,是的
最近流行潮汕牛肉火锅,我已经闻到味道的感觉了
别跑我来了,你遭了，你是我的啊
易烊千玺帅,千玺牛不牛
泡芙下面那个是啥,大面包
你不爱我为什么要撩我。晚安。,哈哈
求介绍,这不一句话的事嚒
你要去哪里,额玩
学霸都做第一排的,这个学霸可不一般哟
好害羞的表情都是男孩吗可爱,都男孩出生的时候是双胞胎现在越长越不像了
只有我注意到下面的动态了嘛？,说子晴是喜欢的类型
这周你在学校不？,不在了，还在南充
你做什么？,自己开店
我吃花甲会拉肚子,不好吃不好吃
腿长就是好,哈哈哈。拍出来就这样
你们孩儿出世了？,又抓到一只土豆
俩人唱K带我,快回来，约起来
既然有人问肯定有原因三所以说有基情的,你不懂的
宝贝真的可爱,我也超爱你
同高二文科狗的雨辰小天使来帮你扩,哈哈哈说的感觉我们不认识一样
推荐你虾爆鳝面,吃呢我要去奎元馆了
拿尖一点的银针一穿就好了,听着都疼
猪鑫,猪鑫又是睡呀
生日快乐丹妮儿！！！！！,谢谢！
宠物真的感慨。。真是文艺宠,你结婚那天主人会飙泪吧
师兄！！！！！,怎么了
你论文写完啦,没有还有600字但是我在看电影看疯了
你这个头像真好看。,谢谢好拉友
你是减肥成功了么感觉比以前瘦了好多,只是脸小了我感觉
那艾特我什么心态？,告诉你有这么回事哎
恭喜春林！,同喜同喜
我想去北温泉,要得想多久去约时间
你俩杠有意思了,你在一旁默默看着我俩胖子互怼
终于回来啦,想你
浪费在最美好的事情上，也是一桩幸福！,是滴，非常幸福的事
周五晚上，不得瑟就浪费了。,了解！
学英语的就是不一样，我都不知道你上面那个英文啥意思,突然想不起来就飙英语
加油,不然会粘底
最近不孤独,哇那很棒
很少见你一本正经地跟我亲亲啊,所以我一般是一本不正经地跟你亲亲咯
好友傍晚愉悦谢谢好友,好友傍晚愉快
减肥太难了,一点也不难想不节食就找我啊
这个世界上居然真的有人在用发膜这种东西,当护发素啊！超级好用的！！！！
求配送,我我我我我来我来我来
机头朝向是牵引车师傅的活吧。。。,牵引车师傅也是机务
亲爱的男朋友领来我看看,哪个挨你说的呀，肯定是老蔡给是
你还没有走哦？,没有走呢！
最近小K比较喜欢吃辣条，无辣条不欢啊！过年吃辣条！,不是要吃芥末馅儿的饺子吗？
老婆真可爱！,老婆最可爱！
我上班回来也是天天不想洗澡,天冷了都是这样的吧
退款退货他就给你处理了。,不处理，让我自己联系
你快回来我一人承受不来,我一直在你身边你左右
下午一战六级的留个名,举个手
河南人自己都认为偷和井盖是河南人的简称，怪不得别人,河南人素质在这个楼里都能看出来
桐么这是,这应该是玻璃吧
你不是最胖的！,啊哈哈哈哈
呸呸呸~没要辩解啊，我懂你的！！,乃来的自信？
大家伙卖么,都卖~您看上哪个了？
您胸襟真大,事实而已
回来了？麻将准备起的，等你哟！,今晚吗？
冻腿的感悟！以后专门误车好了吧,然后我就厚着脸皮去敲门哈哈
腿软要补钙了,老啦老啦腿脚都不灵活了
你去开药了？,嗯，一堆中药
树都快给吹断了,嗯，雨下的太急了。
黑哥带劲吧,带劲极了
穿上袜子睡,我睡着睡着袜子不知道怎么就脱掉了
妹妹，你在哥哥心里，永远是那个长不大的小丫头,我觉得你比较恐怖
我好像吃了那个热狗的,样板间没逛到
早安快乐俊宇~,快了的一天。开心开心。
大黄你的双下巴露出来了,仔细一看，除了胸果然还有双下巴
我去成都的话你要带我去很多地方耍啊,你搞快来三。
前面全是我最后一个有没有人要对号入座,嘻嘻嘻有吗
蓝莓为什么不切？,直接吃
去哪里完了啊？,海南避寒来了
怎么分屏，按哪个,横屏的时候从右侧拉
午好,我把午好看成了好牛
二姐，你不会是把你养的薄荷泡水了吧！,对呀
你家真是太喜欢了,你家我也喜欢！
转发送会员吗,对的，送会员
写什么作业？是手机不好玩？还是觉不好睡？,真是的玩个手机都不专心
如今巨星口气蛮大的。,这个估计就是那个文艺圈叶老师吧
我已经过了好几个假周末早起练车,哈哈，没事没事，练完了好好睡
你咋不上天那？,我倒是想啊
终于回来了吗，有时间聚,嗯嗯
这家店如何,一样的价格却不如星巴克
明天几点啊,人不多哎，怎么办？
我想知道你是做什么工作的？,那你以前是学画画的！
早安你那边下雪，我这边晴天。,唱：你那边是个晴天
金的好用的！左边日常右边高调！应有尽有,你这句话说的我动心了
可以手机号找回,我也可以帮着找回
川菜看上去很不错的样子,是的，很好吃，够麻，够辣
你们就长痘吧我吃辣条从来不长哼哼,我要我男朋友打你
我一口盐汽水,咋子嘛
准备考什么？,瞎准备好盲目
可怜一下一次都没中过奖的我好不好,可怜可怜你
我能有多骄傲，不堪一击而已,不堪一击好不好
眉毛厉害了,太粗？
猪，哥早早就陪小朋友去喝早茶了,又没打包给我。是说出来想让我羡慕吗
尤其火车开过后，对面并没有女主，最后还是没在一起,可是不懂他都把人家亲了还用表白？
安全感缺失,每个人都
不吃辣，你怕是个假的贵州人，我不吃辣可受不了。,小可爱现在是歌手了，少吃辣对嗓子好
最近都没运动，光吃了,我也是好久没运动了
有多少人一直在追这部剧。,又来了
今中午看到你了，,都不打声招呼
你像个鸡精。,明明是浓汤宝
您乘公交车少早这样了呢,少见多怪
很难找到能超越陈坤的男一，心中金燕西只有陈坤,对啊完全符合那种高级冷郁感
他还没有跟我断干净的时候又迅速找了另一个,原来我不是一个人
哇！数学好高，蹭蹭喜气,哈哈哈祝你好运！
仿佛听到了你心碎的声音XDD,凄惨落魄
天天都要快乐,您也是！
出来吧，楼下等你,你等着
争宠,你跟一个架子俩轱辘争啥宠！大气的！
一路平安呀,谢谢
你什么时候出生的？,我今年16岁了呢你自己算算
啊啊啊虽然很孤单但还是要说第二张可太纯情了,啊料理人只有桥的部分能看
不长不短是什么,生活吧
比较起来我喜欢坐高铁，不喜欢坐飞机,我也是。
晋国在哪？再想想,晋城？阳城？不知道了，反正就那一片
帅极了！车子怎么样？等反馈,这车子就是我环岛那台，所以很棒哦
提前预祝生日快乐，三十而立一枝花，不假,谢谢
p5是不是有胳肢窝毛,真的啊哈哈哈哈哈哈哈哈
早知道多写一篇卖你了,抓紧写一篇来
终于可以只看诺一了,哈哈哈哈哈哈哈笑死我啦哈哈哈哈
自带烟嗓，都不用吸烟熬夜还好吧，只是酗酒快空了,今天才周三，作死模式开早了两天啦，安然，顶住啊
这样的女生为啥喜欢你啊,告辞！
你居然这么早,就是醒了，还没起呢
好想去北京看落叶,快来准备落完了
新年快乐呦,是过年好
刚刚看了《我不是明星》你唱的好好哦，加油,谢谢
恕我直言，吃狗肉的先死一下,恕我直言，吃东西的先死一下
这条裙子好看呐,最爱这条裙子
万事俱备只差对象,总结的到位
你不用上班吗？这会了还在外面溜达,取钱发工资喽
为毛不买2470的？,什么2470啊？
不准发食物我要饿死了,刷下厨房或者美食系列饿困
族长我可以加入葬爱家族吗,红南京亮了
这种碗，不好洗,热水就还好。
你好黑,比你白多了。。
我想说这人我认识吗？,不认识
最近睡很早,确实是很早啊
棒棒我们学校下旬才有嗷呜,加油
我的现在只有三四个小头，希望明年变一坨,别急，它随时能带给你惊喜
房子太晚交付了，让我们俩很郁闷,急着结婚么？
你系最棒的,你是最美的
祝你分手快乐,祝你也分手快乐
我今天心情不好见到你的照片才比较开心,你为何心情不好
等消息挺心累的,把自己从过去解放出来，前进的唯一方法是别往后看。
真好。我们那个时候去长城遇到下大雪上不去,那我们比较幸运
你要去韩国吗，如果去的话帮我带点东西哦,等通知呢，有消息在喊你，要去的话是7号
想吃薯片了,呐啊啊啊啊张嘴
添哥，你最近可好,你猜呢
为什么是两个香蕉？？？,那应该是什么呢？这个吃了给力
表白范丞丞,给你心
做梦吧,这么快就让我的梦破碎
这书肯定是盗版的，小帅你编的吧！,是的啊
休假,家中有事
互相取暖中和一下，哈哈，注意保暖哈,好的，你也是。
兄弟，放假我们去彭中称霸啊,好啊
七夕不要太辛苦哦,头像丧心病狂
为啥你内丑,因为长得丑
支持杨幂的有多少人,这里！
不要闲着没事就发照片,发了咋滴
9点再吃一颗苹果,刚醒
选择相信我，时间会给你们答案,相信你！
豆花呢,亮点你寻到了
努力努力越努力越幸运,在努力了但是真呢倒霉2月到3月
我们分手吧,言简意赅
别暖了洗洗睡吧明天开始上班了,我又不上班，中午吃饭吗少年
关狗真垃圾！！！,你是垃圾场
易烊千玺最帅,易烊千玺最帅！！
你居然写诗,这个居然是什么意思
为了生活没有办法，你要去哪里出差？,都是一样的地过几天回来一起吃饭啊
我同学就叫我去打了，我害怕疼,是挺疼的
然鹅缺少一张学姐美美哒的照片,并没有
如何科学上网？,啥？？
有相聚就有别离,只盼再重逢！
亲你家条件很好啊，居然去度假啦。,去玩一下阿
钢笔能写出这么粗的字么,我那支英雄285是美工笔08粗细的
楠哥现在敢抱高兴吗？,敢啊，就是抱的不好
有人知道西安怎么样,西安一样
看到我家婷婷了,哈哈你们也认识呀
节假日不放假么,没有。。
好想吃新花生,早说啊，送别人一大袋子
你是有好几个小孩了的怪蜀黍,阿迪你学坏了。
我就说一句：刘昊然最帅，应该没人反驳吧,哪都有你诶
那条比较大的狗有嫌弃的眼神,它们心里肯定在说我，这货怎么这么麻烦
暗恋我,你你你竟然还不睡我都要起床了
我已经失去我的小仙女了吗哦漏,不我还是
万宝路爆珠,七星的
感觉他打球太凶狠了,但是很可爱
有没有吃蚕豆的感觉,喀哧喀兹的
发生了什么！！！,你什么都不知道，你来吃什么瓜
保时捷版是屏下指纹？（7没看发布会）,正面屏下指纹，后面又开了个窗弄了个后置指纹
咋不发我们的合照,这是之前发的
我们在家打榜，他出去撩妹后悔死了啊啊啊！,哈哈哈，谁叫你不信呢
我暗恋你很久了。,你不是说崇拜了我很多年么！！！
还要上班，早晨路上慢点,谢谢关心！早晨不少路段结冰了！
吃饭走,你在家吗
晚上不见不散哟,来了来了
给你个穿天猴你还上天不,你给我也
知道什么综艺吗？,记不住了
姗姗，这件搭上期的轻婚纱可以吗？,可以嘞
亲爱的下午好又下雨了,我们这也下雨了
出租车司机啊帅！,帅！
受不鸟惹拍拍拍等等先吧剩下的镜头拍完再说,明天我还要穿红衣服吗
马上周末了,！！周末也要坚持！
小甜甜你变了,欣姐像失踪了一样
白成闪电,过曝的效果就是如此去试试你也可以这么白哈哈哈
立马戒烟！别废话！,不废话了现在戒不掉
我还想穿长大衣穿落地长裙,可以挑战！！身高在那里
眼光厉害,我教的好
国考没有你可以报的吗？我找到眼睛快瞎掉才找到俩,我还没看龙岩的你翻到什么岗？
我的爱,嘿嘿，下次一起来
你回家了啊不是要考驾照？,早就到家了下学期接着考
快乐啊,嗯嗯~同乐哦。你是
何时才能摆脱青铜,快了，你现在打开再来两把！
把你手剁了看你买不买,这样干什么，别这样
加油,加油努力
你是觉得活得不如狗么,我有我的开心
董公酒是贵州的！？我一直以为是山东的，,山东没什么有名的酒厂
桃子妒忌心太重,难道你某觉得两个都是渣？
磊磊，最近怎么了，考试？,太困了没睡好！
楷楷，我想帮你吃鸭翅，太辣了，怕你吃了不好,一点都不辣
人本来就丑了手丑一点还在乎什么,我在乎你丑
看来捡漏的卷很不错的样子,又暗自欣喜一下
刘海长了真可爱,不过刘海变的好厚啊
现在预约签名照一年内能排上队么,够了
我在家穿着秋裤看着你穿夏装,你那还没升温吗
你们没开展清网行动吗？,当然开展了！
美男子,这可是你说的
我也超爱小鞠,我是吃你的安利开始关注小鞠的！
幸亏我昨天没什么购物欲,幸亏你拉着我走了
你真的不写作业？,写啊明天先
小当家又来了,我太惨了
你咋又低气压了呢我觉得你有外向孤独症,是不是来一下
我把骂你的都赞了一遍,还有我
我要远离你,啊？因为我是直男吗？
喜欢这种能说会道的胖子,大多数的胖子都能说会道。
我也违章,违啥了？天太黑看不出啊
晚安！,好梦~
都不艾特我，再见,我以为你没有时间！
酷呢，新年快乐,新年快乐
家乡与偶像，很难抉择,一天投家乡一天投偶像
孙俪姐比较酷！！这角度好像超哥！！,夫妻相无疑了
嘤你也是今天生日么,难道你也是？
文武都厉害的小伙,都一般嘿嘿
羡慕你那么清闲啊？这是哪里啊？,我辛苦的时候你们都没看见
我们都老了哟,不得不承认
我们那边管外婆叫家家,湖北人？
笑而不语是一种态度,可好
在哪买的啊多少玛尼呀,我店里有卖哦
不做低级的事就会饿,一直都在吃所以没觉得饿
我睡到1点19,你是猪吗
你喜欢奚？,何出此言呢
聪聪，想你想你,我也好想你
告诉我你的定位为什么是在厦门？,请我吃饭吗
没杀青，杀青我会说的哈，下次空多回复大家，晚安,老大晚安
和谐换敬业有吗,敬业换和谐
叫醒你的不是闹钟，是梦想,最近是不是有点得瑟了
不看你名字看到我薛的头像还以为是小号,老薛小弟的号，俗称小号
平安夜快乐，晚安！,好妹妹
猪哥哥记得吃晚餐哦！,猪弟弟还木到家，应该是吃晚饭去鸟
哇，终于来内蒙古了！期待已久,你会去吧
520迎接周瑜小乔情人节皮肤返场好吗,排排队。
爱你爱你,爱你好好
暖心,想妈妈
我们的二姐还是很暖心的说,是的
这种尬演剧都拍电影了,没什么看头
走，老司机结伴赛车去！,我跟你走啊
准备开奖了啊,好紧张
注意安全,好的！！！
怎么不睡。。,到了心里有事的年纪了
我又圆了，好在妈咪要回来救我了,我见证了你从夏天到冬天，一寸寸囤起的肉肉
只要天气是好的，心情就会晴朗,棒棒哒
有钱,还好吧，没有鞋子穿
一天就晓得发这个哈狗,你不跑步你不乖
为啥？我就喜欢用九宫格,因为好久没用打不来了！！
最近肥了多少斤,保持着体重啦！目前100-102斤左右徘徊！
听力也分好几套么,是的
请带上我,得等上十几年吧
爱我不要你受苦,谁信啊
小松松来嘛,不认识你哦
有想开网店的朋友吗,有有！！
头没歪,哈哈哈哈没走心歪
大咖,感动
我膝盖很痛,开心
跟鹿晗分手了吧,别人好着呢，不需要你去掺和
秃子天冷了假发是不是不够用了,哈哈
杨洋真好看啊,对呀
晚了送上迟到的祝福吧生日快乐,谢谢啦
麻婆豆腐被点，不好吃！,哈哈好的，推荐几个菜呗
瓶身好特别呀,设计非常棒了
妹子好清纯,对呀对呀
请涨点智商,智商是什么？可以吃么？
考研的结果？,估计不是~~~
大叔舞鞋粉色的没有吗,这款鞋子有粉色的？
终于要开卤蛋店了？！？！,实物入股，以后蛋就我包了
少在这撩妹,你被撩了？
看到最后的钻戒好有爱祝幸福,嘻嘻谢谢
晚安,好好吃饭！
徐曼姐，求歌名,《特别》
来吧，刀子和下雨天更配,来吧
来我这里给你,你能给我什么
散个步都能拍这么美哎,生活本身就很美（这话是骗人的不要信）
你的一切表达，我都觉得棒棒哒,就知道甜言蜜语
大晚上的我差点把电脑给吃了,为什么叫熊之伙伴啊
看了这部剧、明白了对自己最好的永远是自己的父母,永远的
魅蓝好用嘛？,挺好的，我不挑
尖叫准备好了都给易烊千玺,无法忘记
晚好,才在吃晚饭。
你是这个点还没睡还是这个点起床哦,那个点在机场
姐姐昨天差点遭撞,火车汽车
又过来？好频繁啵,换网卡，所以才要过来的。
初中节水意识强烈,洗发水也节约了
我要去买一瓶，想象自己睡了刘昊然！！！！,快买起来，真的很好闻，很温柔安静的味道
你看好摊位我去,那我是不是能吃免费的
你这个中单真的无解保护好腰猫,好的
好笑咧肥仔利,希望你下次和我一起去散步都这么穿
我很心痛，最近一直错过谭妍喆更博就很烦,超级星饭团下载起来！！！！！
已经订婚了？,矮油
双下巴,哼哼
你哪只眼睛看到我看啦？狗狗,你长得真丑，跟你主人有得一拼
就想知道什么时候可以允许开业旅行一点都不想错过海景房,6月差不多可以啦
老子要抱抱,抱抱你
来张高清大图如何,现在还木有
眉毛长得可以啊不用纹了！,听出来背景音乐是什么吗
什么是智齿,就是牙
你在说你吗？我笑了,我觉得我挺理智呀
沉迷学姐,我都不好意思放出来见人
你看看人家的脸多瘦,可是给你脸了
哈哈哈，你家是圆形花生阵，我家的是长方形花生阵,你懂的，为什么有阵形
想起一句歌词天空灰的像哭过,退后
一到回学校就难受系列,瞎说什么大实话
剪成短发了？,恩。。。
这妆太棒了。,嘿嘿
靳东老师真是随时给你惊喜的那种人,是的，每次都是不一样的惊喜
亲爱的，抱抱,抱抱
我今晚要贴墙纸！！！,亲你这是卖房子了吗~？哈哈
车车很漂亮喔,比纯纯还漂亮
吃火车上的饭！多么奢侈的狐狸啊。,这叫化悲痛为饭量！
纪念伟人,纪念！伟人的诗词大气磅礴！
又去西安干嘛,没去，在家撸串，怀念西安的串串
谁都说我好除了你。,所以你好再见
恭喜猪哥哥,谢谢
回家了吗我的小可爱,是真的迷
爆鱼面，大排面里面加点咸菜不要太好吃哦,食堂的面很难吃
秃鹰怎么做好吃,秃鹳不是秃鹰好吧，秃鹳是水鸟，秃鹰是猛禽。
好可爱的梨涡,哈哈摘下一颗送给浓
可爱逗比很受欢迎,温柔不来
看来妹子又寂寞了,寂寞寂寞当然寂寞
去韩国啦,是的呢
22岁感觉遇不到喜欢的人了怎么办,这有什么好担心的
2018加油，一切顺利，元旦快乐,元旦快乐
对于拍照的人，摔相机是正常的,感谢安慰。。。
孩子很上心的看游戏,是的，一丝不苟的在那盯着
9月20拍的要什么时候才能到呢？,我也是，一点消息都没有
牙齿好白啊,哈哈哈哈牙膏的功劳
你怎么天天吃,谁不是一天吃三顿
我多纯，各种纯,2011年最后一天金鱼终于承认我多蠢，各种蠢
这样的佟丽娅让人很喜欢，很坚强。,是啊很坚强
请问一下，我十二月底去台北，穿什么衣服合适？,台北现在好冷哦20度左右要带外套早晚温差大
最萌身高差到底是多少啊？,你想要多少是，那就是多少是
PPT可以代做，要得话私我,要得要得
等你适应了之后各种烦心事就来了,讨厌
我带你呀,别说话行动起来
为了下一代的颜值,你怎么会这么想，难道你也想这样？
我要胖蒙圈了，好长时间不练了,我练但是总吃
什么叫不开心,就是不开心。
我要大封的，你要比心机你的骑士很快会来的,无所谓求介绍
出国读书了？,嗯是的
今天也很喜欢你,真的喜欢
抱抱不哭,没哭呢
里边英雄多久更新一次啊,反正每次版本更新就会更新
嘻嘻不好意思，我1501,哈哈那太遗憾了
我好像发现了什么不得了的东西,譬如说
人美歌甜！真天使的歌声,好听！
此情此景想吟诗一句枯藤老树昏鸦哈哈哈哈,下一句：周末下班回家
加油,你也要加油，我们一起加油
下蛋了,你说的话为什么我听不懂
啥假期这么好,年假
三月不放假啊治安君,辛苦了
以后能不能多发点照片！就问能不能！,主要是拍的大多数不好看
衣服和人都好乖哦,你的小不点儿好久出来哟，很期待
我上班前随时来啊,你什么时候上班已经离开公司了？
明明11点就熄灯了,老大，我的关键词和摘要题目
好好工作有空去探望你帮你买个面包,可不可以加支酸奶？
我感觉你把别人的脸P大了,谁的？
你等着,等什么呀
为啥过年不吃饺子？,吃我们也吃
合照凯永远都是这么甜,头碰头，他说怕搂我你们不开心
满眼繁花，已入小窗横画,春光美！
且行且珍惜,珍惜点点滴滴！
梦中人,一语中的
一大男人竟然这么和女人说话,快有个老实人孤立他
你累吗,不累
好人一生平安,我就是楚雄的，真人真事，昨晚确实很冷
好皮肤是呵护出来的呀,对呀，从卸妆开始
冬天来了，我们这种人本来就是又高又冷,好冷
今天也要跟哥哥聊天,叽叽喳喳的
我一个朋友也是长出来了一个空气刘海蛮可爱的,哈哈哈，准备去剪一个算了，要不太难看了
没男友，在一起啊,好啊好啊
你是喝奶茶喝到脑堵了嘛婆儿我彭是我那个小朋友,好像真的堵了那就让你彭抱抱你亲亲你
你什么时候走,22号，你回来啦？
你一定是吃不胖我为了减肥已经好久不敢吃零食了,我就这一个优点了
怎么不叫我一起呢,你是？
我会再弄一地鸭毛,鸭毛掸子
想问好用么plus会不会太大,大不怕宽姐拿着显脸小
吃不了辣的,其实不辣的
你就喜欢内心强大的人,是的我觉得研究所的孩子都内心很强大
人生哲理啊，多么痛的领悟！,人生哲理就算了，多么痛的领悟倒是真的
有钱人,只是两条鱼
看到我？,我看的我们学校的看到了你说的那个小学同学
离网红不远了可以寒假请我吃烧烤谢谢,可以
打广告你还敢要我们说你攻很违心的会遭雷劈,认命吧你们
不知味道是否更为纯正？,没买。应该一样。你给我买的也是从这寄去的吧。
挖掘机,挖掘机是真的贵，小的都好几十万
少年？？等你长发及腰,我也在等
晚上请你吃饭,我会信！
我的斯里兰卡红茶呢,哈哈，你又想起来了啊？
世界上就少了因抑郁而死的人,多好
你的喵吗？好可爱啊！,对的，叫八百万
梦见你结婚了,梦见我跟谁结婚了？
俺们匆匆走了,得嘞
有人送你吗,在等
这么瘦了还要减肥吗,追求完美
哥快点减肥,减不动啊。一天没机会运动。
新年好！我帮别人出的试卷，一个单位的安规考试,这样啊！我的思想好局限，就只想到中小学生的考试卷呢
支书又美了,看不清美颜下面真实的我吗
13岁真好,真好
星期六吃饭哈,吃不成妹子
生日快乐么么哒,谢谢爱你
吃了一把狗粮,嘻嘻
你以为只露半张脸我就不知道你是中分了嘛,厉害厉害
没牙疼过哎,牙齿真好
熊猫眼,为了显眼大，涂了个眼影
你好，我想参加，可以拉我进群吗,可是我没有帐篷，可以吗
脸太尖了吧,找了好久的角度噢也不容易哈哈
格子裙好漂亮,很漂亮
某宝99包邮，用了一年了,是呀，这种的不贵
你被发券的盯上了。,没错
我会陪你，知道哪也去不了,嗯嗯嗯，我愿意不顾所以的跟你走
有啥好,啥都好
你来北京啦,潜儿哥慧眼如炬啊
谢谢老婆我回家啦,啥啥啥啥？走啦？？
我走过你走的路,是不是就离我更近一点
努力又可爱的小七了解一下,喜欢！
早早,早上好
回家了？？？,农安县，好几年没去了
刚开始砌砖是干嘛,后面的烤炉啊
佐里姐的新店也超好看:D,是的
衣服真好看,哈哈哈，瞬间小清新
长的个性的小羊,动物真厉害，刚出生就会走，生存力很强了
受不鸟,受不了我
感动了你自己，而我却无动于衷,你是不是要闹
我看见一个漂亮妹子，还有我的裤子和鞋。,还有我舞动的双手。
回青岛了？约啊,吼啊！我以为你在上班
艺兴是男三，所以出现的迟,第几集去了
我在洗头发,又在约会，约约约
原来你们都穿这么多衣服了。,你还是夏天吗
伦家要上海的么,等会去附近河里给你捞
为了生存没办法,心累
亲你神马时候回来呀呀呀呀~~,我19号回去，真不想回英国啊唉
张子枫，喜欢演技挂,厉害
有新欢的节奏,你说地球语言
睡前先抱抱自己,可是做的都是噩梦不是你死就是我亡要么就是车祸
你为什么跟我提大龙焱，南京没有！,来找我啊我请你吃
刚刚吃完夜宵不好意思,你这个垃圾。
我已经一周瘦了将近十斤了,为什么？怎么瘦的
我应该算浓眉吧哈哈，还比较喜欢做家务也爱工作,中等，不算很粗
哈哈哈这黄玲p的我好害怕,有啥好害怕的！
看什么看什么！！！,手工品喜欢就快去要一个~哈哈哈哈
玩召唤啊,怎森
水果应该在饭票吃,我是为了凑够四个菜
四佰是谁,400我--
元旦快乐呀,元旦快乐元旦快乐
加油宝宝,嗯，来，给我五！
你要回学校了啊？,不回
土豆吃毛豆,好吃得很哦
我每次这个时候都特别想吃烧烤,又饿了
你们换宿舍吗,我还没换
你养兔子么。,对啊
觉得自己会孤独终老,单身省钱
有个模特叫呼唤，你去看看和你像不像,听名字就不像我就是我
想去找你蹭饭！！！,来来来做给你吃
女神,作为曲靖人，永远支持你！女神
已拉黑,不该让我帮你找男票呢么
加油，坚强！,恩。
四方都澄清了。媒体别每天没完没了。多关注作品可以吗,你真的相信澄清吗
真正的穷人该是像我这样不认识衣服牌子的,同真穷人
那些年，和基友们去网吧打过的通宵,早点睡吧，晚安
回来厦门吧，感受人浪,报销机票
我恨你的腰,好不容易减下来的呢！
我天天只能宅寝室,找对象去哈
肾亏，鉴定完毕！,对了
这就是你秀恩爱的理由？,呸！胖子
清一色带根，不错嘛,就整了一把剩下都输
你想挨打的病犯啦吧,我怒着呢
我跑到了160最快,超速啦，举报，哈哈！
两个人领证结婚，然后收养了我,可以
寝室这么暖和吗,穿这身不冷
你想要的浪漫，他给了你现实,我真的只是想表达三观一致很重要
才有空，来刷，好美啊！每层好匀！,谢谢雪儿、换了新的不粘锅果然立竿见影
还抵赖，不想活了是吧？,你敢讲某那么几碟不是你食的？，听晚宵夜你噶
卖萌可耻不过你萌就是可爱啦啦啦,她一直都不承认。。
蹭一下必须过,一定过
上得厅堂下得厨房的好男人啊！,哈哈
我回去找你游泳去呀,可以快回来
真想知道那个人口中的他是谁,我怕说了招黑
想问下眼睛整过吗？在哪里整的？,眼睛没整过
男票对你百依百顺,能不能好好聊天了
今天我妈还跟我说绝处逢生,哈哈哈也许会是我哦
有假可以请吗？,有，扣工资呗
二师兄，潍柴动力成本11，需要下车吗？,突破位啊
宝宝加油,嗯嗯，
喜欢照片中的你，他会给我来带无尽的快乐,希望新的一天，你仍旧是幸福的
我的重要性！！！,你太重要了
其实我很帅而且帅的很特别,来一曲过火吧。。。
我说发一百个你就真的发一百个所能再傻点？,我会X100撒，真以为我是猪啊
你女儿怎么突然那么高了？,长大了，当然会长高了
这精致绘画可算是大师做品,你可说对了，这还真是大师作品。
勤快！！,没人给我洗只有自己洗咯
被催婚？！,你这样很容易失去我这么帅的小哥哥做朋友的
烟雨微朦下江南,特意找下雨天去的，果然美啊，还有些没发出来呢
冬天衣服卖完了，只剩春装,天天守到衣裳穿，说的就像莫的穿的
边跑边拍照影响速度不，哈哈哈，风景不错呀,绝对影响速度。。。。温度、风景、空气，都很舒服。
昨天看到你在猪场滑雪,是你吧，你玩得可开心了
亲爱的，开心不？,开心到爆
我又看见国字啦,累死我了跑了一天我想回家碎觉
跪久了。。？,躺久了
我要对象！,我也找
回家来了。,我国庆没回去。
晚安啦,晚安你也
喜欢汉字,美字如其人
恭喜,人老了，现在人已经腰酸背疼了。
你每天都从哪里找来这么多啊，不会你全记脑子里了吧,不告诉你。。。
我想要耳环,买买买！
继续发撒耍开心不理我了所,哈哈啊
怎么都学乔布斯穿牛仔裤开发布会。。。,以后开发布会还不能穿牛仔裤了？
小哥哥好帅，给小哥哥打call,很帅
他来了你也就可以走了,一点小礼物就被收买了要不得
琛琛讲真你拍照好好看,来我给你拍
橙子快快长大,以后去你家吃免费水果
可以来换福，多了敬业和富强，今年福很好集啊。,想要敬业
两年前通关,大佬大佬
宝宝手真好看,托师父的福啦
头发烫过吗？,烫了呀剪短烫的
你弄了什么烫？,额，什么意思
怎么让摩羯男生回头啊,回什么头
广式月饼不爱啊，高油高糖高热量,可收到的月饼都是广式
你走路的时候小心点别踩到了我要吃的土,没得事反正我也要吃土了
生日快乐,嘿嘿，谢谢啦
感觉很开心的，雪景真的很好看的,雪景真的特别好看
哎贫僧有话不知当讲不当讲,那你还是别讲了！
睡醒啦,额，回的太迅速了，刚醒，下午再睡一觉。哈哈
女神你好,在北京回来了吗
说出我心声了,是的吧
不要钱，要命。,先甜后苦
是不是顿时觉得同桌貌美如仙？,我一定是没睡醒
六月份考试月简直想哭,同考试月
看看姐的,你牛
还缺哲学家,这个职业目测得50以上学者身份，没有野生的。
还在继续放寒假哈哈哈,舒服啊
我是怕你喝三鹿喝得理解不了，怪我洛,哦，那说明你喝啊，不然你怎么打不来？
我也想要表情套包,发给你
二爷来！！！,啥时候，在哪几人
打牌么,哈哈，对的~~
我有好多天没吃肉了！,好久有空吃撒
哈哈，沫姐你功力尚浅！,谁功力深厚，你吗？
不买糖吃太多对牙不好哈哈,一票反对的。
哥，要不给我吧，我也是暖心的小哥哥,怎么证明啊
有没有送书的强迫症。,没有
写字真好看,你喜欢哪个时期的我
为什么蔡健雅的歌配的是陈奕迅？,可以可以，听得多
你个弱女子。,有本事你也坐汽车来。
有时候看不懂姐姐说上海话，多数是欣赏美照,这句是日语
这就是你掩饰你被绿了的理由？？？,我被绿？不存在的
自助餐,惬意啊！
我来,噗哈！（伸头）
吃那么多会肥你不知道吗,哪！里！多！了！
好开心啊，我怎么不会感冒呢，我怎么不难受呢！,早晚的事！
那是不是说明我鱼还是稍微注意一点形象的是吗,可能大概也许是吧
是饿了的时候有东西却不能吃才叫可怜,一个是可怜，一个是讨厌，不一样
你咋也下班这么晚呢,太苦了
穿这么帅跟我吃饭也没见你如此打扮,有吗？？？？？？？
终于发照片阿，话说你都克爬旗山阿,嗯登顶
想问你的很多不知道从哪说起,那就我先说吧：最近还好吗？
打牌赢没,打比说赢了嘛
宝贝儿你肿么了,做了个错事
吃得好饱，进来打个盹~,嗯哪
搞不懂你为什么能洗白,你也就会把我拉黑了，不敢回复我
喔喔！你起来这么早！谢谢~哈哈，等我回来分手信,上班啊还没出门要迟到
你怎么不回来找我,你好好过自己吧
我的特长是什么,你腿特长
为什么指纹解锁还是很慢，是手机的问题，？,一样慢
我以为班主任是爱我的,说出你的故事
怎么减，我最近各种忙，一直没锻炼都胖了,我也想知道啊
我是路人，我一直站鹿晗,想想您
还不睡觉,失眠多梦
香油是个好东西,抹嘴唇儿特好使！
期待芝姐的新剧。,同期待
佳，你阅书无数啊,我是卖书哒！！
都是有女朋友的人了,不是男朋友吗？
连自己都不爱如何爱别人？,我就基本上不怎么爱自己！
旁边步行的我也害怕秃噜下去,每一步都是那么的惊心动魄
来来来，来我怀里,我冻着就好
大丰收,没吃到过
无时不刻都在敷面膜啊好棒的,特别棒
你也说了人无完人，这个时候又来要求一个完美受害者了,你这么酸日子一定过得很苦吧
表白摄影师,想看摄影师本人
如果一个男人真的放不下你他一定会再回来找你,我等了好久了，他也没来
亲你想太多了主要是日有所思夜有所想你懂的,太恐怖了
人气美食重播开始啦！,那你再看一遍吧，，，，
为什么最近大家都在秀恩爱,因为春天了
恭喜小德也快嫁给zs,垃圾战士
原来你也长了一颗陈柏霖同款痣,也许这就是命运的安排吧
时间距离越久，愧疚感袭来的越沉重,怕是见不到了会遗憾到最后
我裙子都买好了，你给我看这个,就不给你升温让你穿裙子
陌陌是什么,那你都玩什么手机聊天软件？
哈哈哈我那天穿彩云去看到妹子了,真巧呀~
找算命先生算算,我给领养的机器人取名为了我男神的名字
又开始耍帅了,哪有嘛
在这新年的第一天就证明了你爆表的人品,等不起
第一,都说你们自己第一我信谁
鼓掌！欢迎！送花！,快把充电包交出来
睡觉的时候架个摄像机录一晚上就知道了,我怕自己吓到自己
喜欢一个不喜欢你的人，这就是一个梦，醒不来的。,这样的梦总会碎的
哈哈哈是不是那个号称看日落最美的地方？,哈哈哈哈似乎是
表害羞啦菜菜爱你啦,么么哒
生日快乐,你们都什么眼神
说明你一直都在上坡中呀，坚持下。,嗯啊好的
你能告诉我，如何泡妞么,不要啊
如果今天特别美，我实在无法想象她平时有多丑。,我丑~
天气好好哟！涪陵下大雨啦！,嘿，这边风和日丽啊，那涪陵岂不是都没到门？
武当小奶狗我一点都不羡慕祝福你们,噗哈哈哈哈哈哈。主动才能有故事
吃多也累不吃更累,活着好累
生日快乐,谢谢，给情敌笔芯
亲爱的包包在哪买的呀,我家有高品质同款噢
我早上上班一直遇到GC,几次？
恋爱了,嘻嘻！
晚上好友,这么快晚上了！
赞我的待会晚上选个人一起开车,哇这是什么车
选手们好认真,是啊，决赛
你为啥又回家,看下爷爷奶奶，顺便试驾
恋爱了啊？,没有啦，好朋友回重庆了
陈月伞不能跳舞了！会修复么！！,我也是！
做刘惜君的歌迷每天充满惊喜和惊吓,想知道其他歌手也会这样吗？
太喜欢这套了！！！！！无敌清新！！！！超软,喜欢了
你娃既潇洒又美丽，我是羡慕嫉妒又恨。。。,亲爱的，请问你是羡慕嫉妒恨什么？
为啥都希望勋鹿重逢啊，为啥没有期待12只重聚的,期待，都期待
山茶还得到昆明看。我没图但是看过你不会后悔的。,咦？昆明哪里可以看
为自己而活,忠于自己
建汇呆得咋样？,不错，离家近，诶嘿嘿嘿
青苹果好吃，今年夏天第一次吃,第一次
我一般是选择性晕，比如遇到心仪对象,演技派
有一堆爱国和谐，想要富强,一大堆富强，就缺爱国
哇我竟然也好想念烟台的雪,有时间可以来玩呀，今年雪超多
你好，怎么请教择能把桃蛋养这么圆,多晒还有学会浇水
你开个西餐厅算了,哈自己吃吃就好
我家的才74天，我就感觉抱不动了一天下来手腕要断,而且抱完腰很酸
樱桃哥要哭了,赔偿应该会吧~坐观后续
晚上来我家吃饭。,你是要吓死我们吗
真幸福！祝福,谢谢，到时候结婚跟牛一起来
出行啦，还是没有按耐住呀，有空来我这玩,没时间
不攀比，做自己,嗯嗯自己做好才王道
上周末去看了女蓝,现场闹他
跟爸妈在家想和男朋友和好,分手了吗？他对你够好吗？
我昨晚还梦见你了,太想我了吧
有钱人才吃的上糖葫芦,赊着啊
可以给我一份攻略吗？我是从北海道往东京走,你在北海道几天？
我不开学你陪我玩吗那你上学吧,我陪你玩
我反正还躺着，早饭是不存在的东西,这就是你体质差的原因
继续睡,还是睡不着啊。身心俱疲。
我觉得经常不运动，心脏真的不好了,对啊。这是必然事件
你光嘿嘿，知道F1是什么不,不是赛车？？
路在脚下,你在心里
猫猫注意身体喔,好的哟
嘻嘻好棒呀,开心呀
大晚上的我的宝贝怎么这么煽情,想你的夜
我跟我2个朋友嘛,好吧
你是不是傻可爱呢,难道不是吗？
你在哪里读。,珠海
鞭策我练字去了,来呀来呀
你的性别？,我是萝莉的外表女神的身材女博士的头脑女汉子的内心
死那么多人还救赎,说明没救成呗
感觉大哥最近瘦了好多,努力减肥
带我一起瘦,不吃
今天你开心吗？,还可以
再见几次瘦十斤,我倒是想再瘦十斤
手好美,哈哈
佛系巨蟹抱紧我,抱紧抱紧
我还想说，你又老了一岁了，咔咔咔,你今年没唱生日歌给我听
此时的我肚子空空，看到这个更饿了,来呀，我请你吃
为什么我只有71,哈哈哈！不知道！
堵车,是的
为啥把脸遮了喔,不敢见人
第一张照片，我猜左边小毛，右边大毛,我也不懂
胡柴是最稀有也是最贵的柴了,可爱
扣钱扣钱,你是猴子派来的
兰迪妹妹好美，今晚看得我眼泪直流,我也气炸了
哈哈，阿姨走的就是亲情路线,哈哈哈，去北京找你蹭饭
我家蓝胖子,好快的很啊
让我永生难忘的经历~祝老师永远幸福,你们也都要幸福啊
有齐刘海就够了,推了
山东的打卡,这盒子从山东来的丝带都太！好！看！了！
今天忙啥呢？,宅着
来西安请你吃正宗的肉夹馍,想吃！！
我去陪你吧,来吧来吧
来不来常州玩,你的试考的怎么样？
猛哥你这什么时候回国啊？,暑假了吧。。。
今天是吃月饼那个节日？,不是哦，是19号
天冷了多加衣服美妞妞,嗯哪
又到了吃西瓜和穿裙子的季节。。还有可以在水中游泳,哈哈哈哈是的虽然我不会游泳
跑步是件很美妙的事情,是的
给你转博了,哈哈哈看到啦我多讲几个给泡泡她叫我回她
为什么要把帅气的我的第四张下面那张的腿裁掉,为了匹配其他照片的软妹风格
土豪啊。送筐威,这是爱的表现！
我爸妈最近在家追，一集都落不得，边看边讨论,我没看诶，听了歌
切开家家家乐！,都是
欢迎大家参观我女朋友的新男友,以后可以不和你玩辣
注意身体,你怎么样了啊
马卡龙少女的酥胸！不错不错兄弟祝你幸福,这你都知道，哈哈，谢谢
这个手机壳帅爆了,羡慕啊
我以为你结婚了,我姐，我要结婚了第一个通知你
瘦了瘦了我萱瘦了！！！,送你上去
支持女儿国,哈哈哈哈。支持
今天的,真好看
你可不可以在我眼前消失,可以
可怕的是攒够失望哭过之后他伸出手我还是会跟他走,说到心里去了讨厌这样的自己，总让自己受尽委屈
嘴巴画太大了哈哈,我只是把原本的涂了哈
我没看见什么都没看见不要杀我！,啥？
老去后还爱你,你找我？
诺这就是你的男朋友,对啊，你才知道吗？
师傅好久不见,刚刚不是友尽了吗？
睡这么迟,都在办公司通宵了
祝贺,别说太早！我论文还没交呢！
衣服很好看，好羡慕,我也看中了
你们好棒,不知道要啥奖品啊
妹纸，卖萌的表情好可爱阿,哈哈
抢注我的四分之一阳光去吧,有点创意行不行！
心疼暖男冬流言止于智者啊啊啊啊啊啊啊,事实胜于雄辩
少熬夜,真贴心
我要睡了,又上夜班了
腿肿了,还没到肿的时候呢
你的床单要完了。。。,勤快的老伴儿给我洗
小心点，多保重啊！,好的
你好了？,没有
读大学真的有很多烦恼,同感
你这是分分钟要剧透的节奏,我都还没看呢
百度输入法的词库很强大，这点没毛病,联想功能很强大
这就是年幼无知，连颜也不在乎,又到事发地开心地玩耍去了
二代的富帅生活,你够了
生日快乐。。。,谢谢啦，
28芈月不吭气儿,我打多久你打多久等我南波湾
00的我很害怕,听海吗
贸大女生英文就是好,混英语饭吃的
要不要这么帅？童鞋,你不一样吗
希望丫丫今年有古装戏接咯,咱们就继续等待吧。。。
哈哈哈新年快乐,看你开心的，继续保持哦，新年快乐
你恋老了啊？,什么鬼
我遇到了一件很难过的事想去剃光头,我快掉发掉成光头了
原谅我不懂时尚,找到组织了
我仿佛听见了有人喊我,哈哈哈哈雷达？
明明你也很爱我,你就不要想起我
有个高中同学也去这里了，有陈冠希是吗,是啊，今天有陈冠希，我感觉全是本地人
你在英德不？,还在学校明天回
我不吵，我只是在和大学生谈观念呢,她是我朋友所以我不一希望你们互掐啦
钱给你，你自己买香水吧,好，我要买衣服
以培训的名义打牌,我在用扑克牌搭房子
还是换自行车儿吧,我看我适合去鼓浪屿住。。。
你在哪里,在学校撒
多晒猫子,人不如猫
桂林不是开了家小龙坎吗,好像是
爱你！亲爱的！我会好好的对你直到永远！,好的啦
现在在洛阳火车站要回武都了,答辩完了哈
这周没看到妞女子达好想她哦,她今天回去了。
赛车手，你好！,你好，请勿模仿
祝生意兴隆,非常感谢
六一快乐,小朋友六一快乐
看成藏剑跟宠桂桂,我也是哈哈哈哈哈哈哈哈哈哈
一直幸福啊,谢谢啦
菁哥一如既往的能喝,我已经倒下了，真的不行了
可怜的孩纸,爬上541了。
我保持沉默,又来隔应我是不是
带我飞,你还需要我带吗
作为客栈唯一的厨子，也是艺高人胆大了,哈哈哈，我就想知道他请假谁给做的饭
吃吃吃吃吃来拼个桌,你好不拼
中午比早上还冷,超级冷
我走呢？,你走开心
p要来，你带孩子来找我我也求之不得哦~,会的，肯定去，等孩子大大能出门了，就去哈
有好店推荐没我想买毛衣。。。,现在买有点晚了吧年前还能到么
我在昆明，今天大雨好冷,你是昆明的吗我也是我们是老乡哦
我来成都就是一个错误的决定,非常明确、
他家的东西好吃吗！,还行吧，就是那样
听说学文科的小哥哥都很帅？,很少，但有，而且气质会很好。
大热天的，瞎跑啥,不是说地铁里有空调么
一家三口美美美,一家三口我最丑，还好他们老了
愿不畏将来,加油
学姐,现在要叫师姐
嘿嘿施主是心在动还是风在动？,哈哈哈一定是风在动！
咳咳我还年轻，努力努力出去祸害老外去。,哈哈哈哈，心年轻，人嘛~~~
我也好久没回去鸟。楼猫回去考什么？,考广外国际交流与合作处的一个职位
你是个不发愁的小宝贝，哈哈哈,是啊睡一觉醒来又是一个好汉
下午去你那里好么,好啊
看你那点出息，我要卖奶茶,奶茶汉子你好，来筒冰淇淋不加冰谢谢！
冰确定,英雄啊
我知道，想要妹子,是啊这都被你发现！
眼睛要瞎,还有三个小时
我155，可爱的身高,没错是这样
榴莲,吃到嘴里稀啦啦难以下咽
胖哥哥，快生,生啥？
感觉十一就应该去这种小众的景点,其实也还是蛮多人的，但没到人挤人那种
55555发烧的真不是时候,好了就去！
送个女朋友,哈哈哈哈哈哈，把自己送了
开门迎好客，地僻总宜秋。,你确定？
爱要不要不要给我寄来,给你
我我我我我今天偶遇了,神马
你的桌面好漂亮,什么桌面？
他的桂花拉糕也很腻，害得我吃得肠胃都不大舒服,是的好腻！
因为下午要上班,哈哈哈哈对
黑不溜秋的是什么啊,黑夜。。
节俭，看出来了,我正在查摆问题
多大岁数了，还卖萌,最近她疯了，竟然时不时爆照卖萌！！！
土豪手,哪里土豪了
高二的时候被一个公交大叔喊小朋友感觉怪怪的,不是看你们脸小只是看你们矮而已
就说跑步有效果吧,嗯还有坚持核心训练但是副作用也是很明显的
我来北京上课，希望能见到你,你好我目前不在北京十一出来玩了
五楼厕所修好没,哎呀我没去上厕所唉！
我发现我们是早到的命。,只能说我们不喜欢迟到。
10号！待几天？,周天走不过估计没时间回黄岛
抛弃我们一个人去潇洒,羡慕吧~
嘘我正在思考人生,无聊
小哥哥穿着黑丝吗？？？,哈哈哈哈哈哈第一眼第一反应
我喜欢这双下巴！你咋样我都喜欢！,我想笑
说卡的可能没用过美图，新买一个月就卡到让你怀疑人生,为啥我的美图不卡用了半年了
看字体，估计是个女的，男的一般不会留字条。,嘿嘿我倒角得必是蓝士字体，名字也不是女士滴
裤子真好看,这期新品
这么多还是小聚啊，太奢侈,人少就是小聚
有没有问我问题的亲，请发问,话剧还能等到吗
想和你睡,来，我铺床！
狗带,好好领悟我说的话。我看懂了。
你有没觉得，漳州的蚊子都特别大只？,岂止大，蚊子还能直接透过蚊帐吸血的
叫唤叫唤、就好了,嗯嗯！
你来北京了？,对啊
加油互动,加油加油
表白九娄，表白曲奇，表白蛐蛐真喜欢你们啊,你说你是不是暗恋我很久了，表白就早说嘛
二苗子这么女神干嘛打码-3-,因为不女神所以才打码
这个姐姐是真的有气场合影都是指人翻牌,不知道为什么感觉胸有点平
易烊千玺真可爱,可以说是很帅气了
天悦星期天在开化,上个礼拜啊
乖哈~等你好了我带你去吃~,还是少了一顿
虾爬子是我的菜，觉得好帅。,我们两个都觉得很帅！
非常佩服这位男士的修养,男士真有教养迅速吃完丢掉就对了，也不至于吵成这样
没有鸡腿，难过是吗,你懂的，彻底没心情了
日常丧,中秋快乐
嗯身体健康是第一位,嗯，身体健康第一
你看看郭嘉来我给郭嘉吃的啥真是的，顿顿大肉,我还去呢，等的哇，机会多着呢
很多东西我不想告诉你们，是希望你们自己去摸索，懂不,希望我摸索啊
官网能找到活动,你的穿越火线是手游还是电脑版的，我是手游哦
哇哦这个橘色好好看啊,超级显白！
你就各种幸福吧，我晚上也和老妈出去吃饭拉哈哈,额咯是嘛，，，你老妈也进去啦
每次转这些都没人理的,是吗？
哇咔咔咔咔，我也是昨儿睡得早，今儿三点就醒了,又睡着没
免费的你们来吗,有双休的吗
发给了我喜欢的男生也不知道他喜不喜欢我,支持应该是喜欢你哒
你牙疼,我不牙疼！
没陪奶奶,哦她们去跳舞勒
工作是谁,肯定对你很好
话说海大的星空镜有必要买吗？,光害滤镜？
我经常会想，要是不分手我们会是什么样子！,明月光变成白饭粒
回复我有惊喜,惊喜是每个人都有的吗
我当备胎,太丑你不会要
早啊,早早早！！！
我们今天也是早班,我是夜班琳姐
襄阳牛肉面太辣了,就爱那个味道
国富民强我就放心了,你们混好了我就放心了。
现任看完变前任,看标题大姐
宝宝决定要收拾收拾出道了别拦着我,宝宝上吧背后支持你
嗯哼~同祝生日快乐~,谢啦~哈哈
先要户口再跳槽？,补得到位
来了，不呼叫我！,忙的吐血哦
早上看到一条不吐嘈的温馨短信。,哈哈！
大餐呀，自己做的吗,嗯朋友做的
你是不是傻,那时候有点，我妈妈也傻哈哈哈哈
网恋吗我萝莉音,哥哥咱俩这件衣服好像呀
拿游戏币去买馒头,巧了，我是拿着游戏币去买零食
周黑鸭每次看剧就吃，只喜欢鸭脖鸭架,我喜欢鸭翅和鸭架
还没放假？,扎心了，我也想啊
我回来了呀,注定看不到你咯
要戒酒了,酒很无辜
喜欢这个钥匙扣！,做戒指吧很特别
我要去睡了,呀！人家起了，你睡了。。。唉！
大笑三声，接着干！,一点都不想上班了！
因为心术才学了医,我也是
似曾相识的地方,你懂的
你这是周游吗,本人贪玩，喜欢陌生的地方。
黑小可爱,我们白着呢
随心情,我会保持心情积极向上的
钱包可还好？,所以。没有入！
快生快生,生不出这样的，不过跟我弟弟小时候超级像。
在国内提火车票这件事伤感情,哈哈~你又不用坐火车~不伤不伤~
贼漂亮了,贼稀罕你了
我毅哥怕什么！,我怂！
结果我今天来西昌,刚刚错过
这种女生一般都单身,如果有这样的，我来收！
c位小樱花了解一下,我只看她的颜一般最初c位都打动不了我
想宝宝,囡囡忙完了？
我十分想见谢广坤,嘿嘿那我想你
下个极光加速器,商店里没有呀
想发一坨式给你，去三亚没有,没有明天去
结婚,好的我同意
我是将会孤独终老的158吗,158吧多好啊
湿父父，你的眼睛还好嘛,瞎了
哪天给我来份早餐也,送到你家都是午餐了
都上12万的车了，不如在添个四百万来辆添越,我见有人直接加钱上辽宁舰的
坐公交都要好久的,对，先坐地铁，再换乘公交，再换乘一次公交
永远天真,你也是
两颗黑心,哈哈，我的心要吃吗，妖怪
海关会有问题吗,希望不会
学姐,不要这样显得我比你老好吗
感谢奔奔,不客气哦
想吃瓜子,嘎嘣脆
眼睛比你的大呀怎么办呀,那我也还是她小姨
你截了老子原来的图！嘻嘻我要长智齿啦,长智齿不是应该很痛吗你咋这开心
拉仇恨啊蹭蹭好运,分你一点好运
可不可以蹭饭啊,30栋924，来吧，也不是好远
穿秋裤吗,穿！为了老了不老寒腿
公共场所不拴绳的狗，都应该消灭！,你有病吧
大神求带,刚嘚瑟会又被秒成渣渣
友友晚上好,你好你好
恭喜恭喜晒黑了还是湿透了,都有！
车~知5知我个考号阿,你学号几多？？？
你要离开~~我知道很简单~~,妳又知道了
你也晓得寒假要出来耍哦,当然撒！白富美静姐也要一起哈~
你后天不就可以看实物了吗！,可是我好奇呀所以你为什么要选
求捎带！,不干
出来我们聊聊，为什么趁我不在的时候去吃龙虾一绝？,跟你没发聊，人都不在
你家是水果大户唉,也许
头像那么美,明星啊，当然美了
允许人家多刷刷牙,你给他吃绿箭吃对了
这么早就去逛锦里？,是嘞
我们这天天上班算啥？,哈哈，不一样
什么时候翻我,爱你
背心好显胸,其实没有
没有备注我之前真的以为是突然冒出的网红,你这是中了什么邪，一直在拜年
还没睡啊，陪我燃烧生命啊,这就睡了我的朋友！你还不睡！夜店呢？
喜闻乐见,洗澡去
生快~~,谢谢~
本人有，多馀和谐友善各一张换其他任意三张，,和谐，友善换爱国，富强
你许的110斤一定是达到了,哈哈，那还是有一段距离的
寒假必需的娱乐之一！哈哈,是的！
很好奇你的路线，虎跳峡都去了,连跑带颠儿的能去的都去了
让过去过去吧，让未来到来。,是的
老师洋葱的作者是五月天的阿信噢,我还以为原唱是丁当
喜欢的人不喜欢我。,祝你早日遇到再次让你心动的人
你个酒鬼烟鬼！,你最好表食言！我的截屏还保存着呢！
秀恩爱咯,对呀对呀
白球超亲人,恩恩
我没看到你啊？我在4车呢,来找我！
宝宝想吃！！！,过几天开卖。
恋上一个人智商就已经为零了。,单恋吧！
你迟早会找到有归属感的领地。我相信,我但愿吧
女生是不是都不喜欢老实的男生,不一定吧，
幸好没跟你一起回家你去玩，我就落单了,事情太多，能不能去还是个问题。。。
我觉得斑马长得特别喜感像脸上有鞋印,为了你决定去看
礼物还没拿给你,你的礼物太强大了我研究了一晚上也不知道该怎么用
老话讲:男不养猫，女不养狗,打破封建迷信
易烊千玺超帅气,很暖，很帅气
我还没整好,我觉得整理一下子要休息好就好，才能继续整理
又咋了，火车上有人打呼？,常态到达宿舍，睡觉
你复习了多久考的？我也打算考！,上学期我有去上课，自己准备的话一个月。加油哟
念汝何时归？,待到秋来九月八
你大概就是那种快瘦飞的了妹纸吧,哈哈飘了飘了
早得很,你也厉害
我这里晴天，不过刮风，好冷,好冷的
周二来我们部门串门撒~,在哪在哪
真会安慰自己辣就去吃一顿吧,又发现一个火锅店不错
我要去蹭饭,来吧
发色要变回来了,对诶！这两天掉色很快！
抢水兵月台词，应该浇盆冷水反省一下,已经被冻傻了不要浇冷水了
你看到我艾特你的啦！,你是私发OK？
你这位置有点贵哦,还是远，只看得到很小的人
我走开？？,~不要嘛~哈哈
你太年轻。。。,唉我好桑心
生日快乐,谢谢您！哈哈哈哈哈
加油，一路挺你,稳定
亲你拍照的是鼓浪屿那个地方的景点呢,多是鼓浪屿上的街道哦
哈哈哈最喜欢任贤齐了，太有趣了,是的
坤音女孩不认输,绝不认输
妹子，告别三月，节日快乐！,哈今天愚了吗
这里这里，闪光灯照我这里,照过去了
求你现实点,真的
你羡慕嫉妒了啊,没有啊，我只是觉得有些情侣装好好看哦
春天到了，最适合拍一套美美的婚纱照了,首先要有一个对象
不开心,摸摸头！
玩剑灵呢？,你排队能排进去？
小凯，中午好呀,要注意保暖
站军姿站的想吐,端正步端的想疯
就问哪个地方娶媳妇不用花彩礼钱？,四川不要！
悟空，为师就等着这一天呢,你个死和尚
人在旅途好像是卖户外东西呢嘛,酒吧
用OPPOr11多好，反正一个样,这说的，呵呵
小女人滴颜色,知道你也是玫红控，小女人情怀
适合送女友，,女友用完会变成神仙或者是小仙女之类的吗，
你要变网红了么、,不会吧
真情美景相交融,一路风景一路情。
希望大家看到子奇的实力,对，
你回家了吗？约一波,现在在家，明天去郑州，还不知道当天能不能回。
变条毛出来,10毛
爱国和谐友善多了可以送,我也要张友善
春秋的可以吗,同问。春秋顺不顺利
哪里帅了,我也没觉得帅
我觉得伍佳丽唱的不好啊,我也是啊我觉得应该是汪洋啊！
吃点橙，或者维生素吧,好，明天试试，难受！
我今天也是跟好友一起度过很开心,很好呀
你们不要骂我，这表情包是你们私给我的！！！,你们先睡，我要去煮面了
估计没几个人知道紫龙是谁,紫龙是里面最好看的，你还真会夸自己
你的孩子要生了,生出来跟你姓
在一个伸手不见五指的夜晚，他的六指分外亮眼,迅雷不及掩耳
其实明眼人都懂看破不说破,橘子什么梗
多一个富强,我需要富强，可以跟你换吗
你可以和小可爱约,约什么
微微带帽子超级萌！,嘻嘻下次带个兔子耳朵
你什么时候和鹿晗分手啊？,分手也不会喜欢你哦
西安太好吃了恨不得时刻捧着肉夹馍,羊肉泡馍吃不惯
一哥别生气啦新年快乐,谢谢！新年快乐！
哇你起这么早？,姐姐我五点多就醒了
可爱可爱！！,嘿嘿！！
你要去哪里,留学
新婚快乐！,还没有
你敢不敢提前一点说神马时候回去？,明天
爱你哟,啦啦啦啦你去哪玩了
看了桌子我在想，他是不是要做风筝。。,有可能！
今天中午我们在玩歌词接龙哟！可开心了,哈哈，虽然我没玩但有偷看到，你们太可爱了
浮果是什么,泉州特产好像，我觉得很好吃
唉，二叔偷了真爱的图让真爱无图可偷啊,他得急得下油锅
愚人节,555干这活才几天
今晚见到你路过我店,有次见到你好恶的在门口丁住在选特价三的妹仔
路过,爱过
你要常回来看我,我天天看你
宝宝挺住,我还能站起来
今日头条今年五一长城竟然不堵赵又廷夫妇长城遛狗超速！！,为啥不堵
错过果照了，我的男神阿！！！,来我这里看
宋博对我大上海意见很大嘛噶,嗯，有点意见
车展就是看人去的,可以看车模
那个人昨天和我在一起,那肯定也跟我在一起
你为什么还没有男朋友,可能因为有点胖有点逗有点二把
我们的女神~哈哈~生日大快乐！,赶紧收拾东西早点睡吧！注意安全~~
芦荟胶贼好用,已抹
我不听我不听，踢翻了狗粮。爱心衣服什么时候做啊,蠢爪鱼
恭喜，努力加油吧,我会的！~
哈哈哈，哪里有开团信息？我就想问哪里看到的太搞笑,就就是
烧包，泰国有艳遇哇,我又没去
话剧看的好认真啊！都不上线,好看
加油啦,你也是啊！别那么容易被我超过了！
坏人,太腻了，正月里多这个
麦片好喝,我还是喜欢简单的牛奶
大学最狗血的剧情，熟悉了四年就要各奔东西。,嗯嗯
这个圣诞装好好看！,我也很喜欢！
好可爱妹子给撩吗,看心情哈哈哈哈
下次带大名,忘记了下回一定带
你有胸,没有
求口红色号,滤镜
佳儿，提前预祝圣诞快乐！,谢谢
饭饭快拿最后一张当头像！！,会不会太小
晚饭停了就行,真心不管用
朝花夕拾超好看,对对对，好看
我的小麻雀啊,超帅啊
投票！！！！！！！,我全投了！！！！
哈尔滨有沙县啊？,有啊好几家呢
还在继续运动没有,没有，一直生病
你是真汉子,那当然
我家狗一高兴就叫咋办,狗叫都是不高兴，你看它们吃东西，撒娇，日狗时叫吗
同学说我胖了,我最怕听到的话
求领养的话把地址什么的写清楚些比较好吧,地址回复我就好
学姐新年好。,新年好
我起晚了,哈哈，早上我起来的太早了
早点休息。。。晚安啦~好梦！,早上好
旦旦有没有很感动,我好感动啊
妹，，，你错乱了么？,为嘛错乱，姐。。
素匠泰茶那家吗！,新街口有一家
来啊快活啊,我要使出洪荒之力你就等着不要不要的吧
你好像跟我住的近,嗯。就隔了一条巷子
我只是回答你的问题！反正我买不起！我是穷人！,买得起的就一定是富人？
我的假已经结束了,加油为了软妹币
美没有你被挤的凶，好好照顾你的孩子吧，哈哈哈哈哈,不要让我看到你，夜苞谷
失眠难受,要早点睡！
俞灏明很绅士，还打码,就是！
老板活该生意好,怎么听着那么别扭，都不会说人话了？
耳坠好好看口红颜色好好看！眼镜好好看,虚情假意姐妹花
今天的大哥像小公主,怪这裙子太斯文了其实我内心是拒接的
怀了双胞胎,你要对我负责哦
早上好赶紧上班去,早上好新的一天
生日快乐,哈哈哈哈哈哈哈哈哈明天早点肥来
跟着我左手右手一个慢动作,并没有
漫水湾有这个地方，这么多年居然不知道,不是啊。在漫水湾住的
群里见,缘分已尽，不见也罢
爱喝，我还在汉中找到一家正宗的,在哪？？
袜子太丑了,我都没发现袜子这个梗
因为要夏天了露肉的季节,希望他们能坚持住，他们真坚持住，我退出健身房
早上好我来打卡了,早上好呀
所有注意力都在大长腿上，忽视肚子,哈哈哈，腿可以弥补肚子嘛
脸上口红印注意点你,天黑走不丢
830路过,羡慕
招蚊子,想想而已
一起丧吧,要不要组团丧
180大长腿高冷帅哥,好像超出字数了
我刚醒刚好回你是半个小时。,我也起来了
其实对于普通人来说，有个上升渠道那管那些道德什么的？,确实是
么么好久没联系啦,就是就是跟奇瑞也好久没联系了
我老公要是陈晓，我得天天守着。,可不，看得紧紧的，哪有闲工夫。
白裤子弄脏了！,哈哈哈就这个和旁边那个是干净的！！！
奔奔我发际线那边有时会长痘是因为我不爱洗头吗,我也会长痘主要是因为卸妆经常没有卸到哪一块
幸福的样子超级美,你也是
有宝宝看出来了吗没错胸大了,我觉得小了
祝越来越好越来越瘦越来越美！！！！！！！！！！,啊呀呀有钱且瘦深的我心
格子裙显胯宽吗,不会哦
我朋友在这个俱乐部当老师,是么，教什么的。
主页君早些休息吧别忙累了加油,好的！
感觉每次看别个谈恋爱都好快哈哈,哈哈哈是的自己也没察觉
女的可以亲密接触吧~,这个不好吧，我不是基友啦
今天是不是能连线诶？我要给你打电话,事出有因
听姗的《觉悟》睡觉了，姗姗快出新歌，出专辑,觉悟和爱我，还有无泪都很好听
准备二刷去。剧荒了,我拒绝看这部
老虎滩这怎么连雨点都没有！,不是吧~我住的离你很近啊
我正巧看了一个推荐巧克力的公众号,快给我
饿了来看没有更新宝宝好难过,今天或者明天更~~~
还等着666呢,那不是嘛！
我爱帅哥我也爱你,这么说把我当帅哥爱吧
你为什么放假还这么拼！,大学貌似比高中还累
拔牙会瘦脸哦~~,我终于拔好了！
我们还能回去吗,我还想爱你
绝对卧床休息取半卧位进高热量高维生素高蛋白饮食,哈哈，没有比这更熟悉的了
吃醋了，我都没蛋糕照片,曾经有个能得到实物的机会你不要奴后悔了吧
准备矫牙的我,做好心理准备
终于见你发状态了,好久不见
朴有天啊,不是
期待我们的寻找,我们都要好好的
带不动诶,这是谁的票
我也爱着你的！！！！,爱么！我不爱怎么办，我只爱照片上的人。
有没有去好莱坞,去了哈哈
我说你又饿了啊,啊。。馋了。。
猪头妹你够了幼稚的大二学生,姐姐我是爱你的。
不要跟我说你回来又肥了,我瘦了。呃。应该说是我轻了。
555还能有吗,下次接单有些款还会有，售馨的就没有啦
谨以此图怀念我的短发,怎样都好看
哑姐不是不熬夜了吗,哑姐熬的不是夜、是自由
楼下梗接的好好好好,这个表情等同于文字呵呵
你去北京游泳,你懂的
也不知道刘昊然这么好看的人以后会便宜了谁,已经便宜我了
我睡觉了,睡吧
你怎么在温岭,玩呗
我的会咬人,咬人了轻轻弹他鼻子，轻轻的哈
想狂欢但是考试临近，无力吐糟,同感同感
玩玩手机，看看电影，不错了,看啥电影
妖精妖怪地那么好看,啊呀丁狗飞会说话
毕业服？,对啊嘻嘻
喝奶请用力,不得不说，滤镜挑的真好
加油你还会长你要嫩个想,年龄不饶人
妞妞，你居然把我给丢下伤心啊！！！,我昨天找了半天一直在打雅字没找到你
线锯怎样。,线锯也不行，拼接如此细致只有水刀了
写多少字可以加薪,不加
早安面包看起来好软妹！,软软糯糯的
怎么你们宿舍的人越来越像了？？？？？,一方水土养一方人
额！我吃麻将！,额！有家火锅甜点是麻将圆子！
我是来吸猫的,尽情吸
男人都变卫生间这样确实挺好,哈哈说的对！
外国人眼眸淡，没办法。,淡到室内的晚上也要戴也是没办法，是吧
都累吧可能我闲太久也封闭太久不太适应,恩其实在学校也蛮闷的
红衣服女孩不就是你吗？,对啊
假胡子贴片在哪儿买的？,自己做
我刚从那里开会回来原来是你们在拍毕业照啊,是的！
我怎么又有提示你拔牙了？,可能因为爱吧
第二天傍晚好,傍晚好
315打假,难不成是那天受伤了？
加油顺利,谢谢
小刘今天上新吗,对啊
曼桢，这是戏哦，不要入戏太深,捞窝窝
想起了大磷子的外婆说的话,我也是
你看不惯我,我啥都没说
帮问问我啥时候能瘦,他说看你心情，想什么时候瘦就什么时候
下川岛哪里消费贵吗？,我不清楚哦我们是公司组织的
哇，好羡慕这谦友，能得老薛抱,太羡慕啦
你喜欢短头发女孩子给你买牙刷吗,我喜欢光头
你哪里露牙了啊喂！哈哈哈哈哈哈哈,那唇红脸白？
头一次看到芦苇有用我们学校校徽做头像！,心之所向嘛
好残忍，小蝌蚪只是想找妈妈而已,哈哈
早就听说这里很美很想去看看,去吧
方特好玩吗？多少钱一个人，比迪士尼好玩吗,低配版迪士尼
好久不见，新年快乐！,多久？
你是最棒的怕什么,我是真的真的很不错最近你好吗
我勾搭谁啦！,比如我这样回不了家的
有品味！,可见我们从小到大有多少课本！
毕竟我对不起的人真的太多了,我爱你
你忘记身边的我了吗,你也好逗
睡个好觉明天就可以看见你了,太棒了早安
你可以向我学习，留着！,我还小
我今天还被我爸抓去公司，给他们拍看直播的照片,我说我在外面我妈回我四个字：回家补看
白菜的力量不可小觑喔，,就是，就是。
哪个豪送的介绍我们做朋友吧,你这个样子
哇！宿舍都要冻死了,哇，就剩你一个人了啊
得瑟继续得瑟吧,木有得瑟
一单一双，右眼内眦,真的很好看的眼睛啊
唐山打砸收费站有处理结果了吗？,问唐山
你回来吗,不回来！
帅！！！贴近生活！！,不是被你嫌弃的职业么！
咱们一起努力一起大笑一起进步一起飞！,嗯嗯，一起努力
早上好！,我看着没剩多少时间
杰伦还会做蛋饼了,现在光会捞鱼喝咖啡不行了把不到妹了
养个蜘蛛不就有了,好冷
收到杨洋的祝福啦！大家新年快乐！,新年好啦
大半夜穿什么海,喜欢酸的甜的就是真的我
羡慕广东那里的气温,之前去了重庆感觉都有点不适应去那边时间更久
后背，手臂，还有腹部有一点，还痒,有空快去医院查，皮肤病很难受的
赞！,早点睡啊你！
再次感慨一句鲁班在世啊！,嘿嘿好久不见啊
人不如狗,但是我比狗子胖
脚踏实地谋发展努力努力再努力,努力努力再努力
我就是路人,丸子头的路人你说自己是路人不害臊么
该下班了,你是打卡机
小可爱，你最美了,哈哈，适时的拍下马屁
帮我买面膜,啊哈哈哈哈菲律宾还卖面膜的吗？？？
怎么看你嘴有点奇怪,过敏整个脸都很奇怪
我想这位优秀的船长和我一样大,3岁半？
雾霾,雾里看花朦朦胧胧
牙比脸白,我想知道牙比脸黑的人经历了什么
只有我一个人催哑舍6，哑舍0汉朝吗,算我一个
莹叔，你个大骗子,我咋的了
我名字里有枫,我也是
你不带我飞,大师求不闹我怕被你虐
有些人不适合演戏，就非想往娱乐圈里钻,不不不，是往演艺圈钻
自动豆浆机里放山药丁大豆和水就可以,谢谢那看来是打完不用过滤直接喝对吧
你是小公举,我是王子
分手那天我觉得你将是热搜第一,会的
顶住！一定要顶住！,北京已经严重雾霾了。
已经开始收稻子了吗？,嗯又到秋收季了
再试烧烤！,那是昨天的宵夜。最近日子小滋润。
碰到个好人就嫁了吧，别等我了,啊哈哈
额请个假调整一下吧,嗯就是啊
哪个地方打扮了？,洗了个头
今天真是太值得了,好感动，我觉得像做梦一样
我喜欢重庆小面,对，但我觉得这家味道一般
你在西安呆了段时间竟然没有来找我,下次去找你玩
嗲的嘛~~话说叫你捏我捏了几年了~~,我捏不来真人拉哈哈哈
如果凉拌黄瓜里没有香菜，就完美了,呵呵！
我还饿着呢,多吃点
别跟我说你昨天去过儿童节了。,并没有
老年活动中心活动真丰富,也不能说是真丰富，一般丰富吧
老师啥时候去西安尝一下面食，不过南方人去了大多吃不惯,去过咧，可喜欢西安的小吃了！
一个人撑起了整个电影的颜值和演技,是的
没有人推荐毛骗3部和杀不死么,讲什么的啊？
长袜子不搭啊,故意搭的长袜子现在很流行
早安！美在其中，醉了！,早安。快楽。
你竟然还有机智,打错字了，理智
你个大男人还用手膜,还分男女给你差评
可爱,快买了送我
揭穿过自己的谎言可以么巧姐,可以
我都是周末很好,搭档傻了。周末好
超人、放假回家？,不回家啊。唉。自己在宿舍
我还有一百多天，你就慢慢等吧！哈哈哈,等就等么你到时候安排么我上份子现在都AA
我超级喜欢这照片偷图偷图,版权费
没有绝对合适的两个人啦越大越难遇到,我还小
祝大家女生节快乐！,好吧
吃吃吃吃吃吃喝喝喝喝,明明还有密室逃脱哈哈哈哈
博主是男神,嘘可不敢这么说
好好对你前女友，我不会打扰你，不再见。,真的要看哭理解你
养冬膘,一起养啊
积分很重要么？,强迫症不可以哦？！
穆中无法,非常严肃脸
男神今晚沦陷了。,今天的我好开心
六年前还没学会美图,但六年后也这交警支队拍的啊，他们不给修的
我可爱的爹,幸好我没乱说话。
手信手信手信,分完了
早啊,早啊
13岁的姑娘非主流,你是二岁。
什么时候到祢哦,八字不见一撇的事
南方人不会晒黑吗,我天生黑
哈哈我明儿早上想去你们那吃煎饼啊,好啊，我陪你吃，你来了给我说我下来
现在的天气是适合在家的,对啊对啊上毛的班啊
马上周末啦！,我又没有周末啊
易烊千玺,与其互相呼应
你们居然十四天！,对啊！哈哈哈哈哈
为什么大家都说你好萌？,因为都没有你真诚
今天吃饱了明天再减！,不能再吃了我
我们一起呀？,什么时候
就问影帝有没有被KO,不可能的
猴子配桃子天长地久啥时领证啊,少不了你
到泰国大家都会买红牛,感觉比国内的好喝
宜家的标配是肉丸子陪蓝莓酱好么？？？,哦那是你的标配！
等夏天来了,要还回去感觉很愚蠢！还做这么好看干嘛
青年，你好，节日快乐。,同乐
头痛,多约些就不痛了。
可喜欢你拍的照片了,我可喜欢你啦
可否把店铺地址发给我，谢谢,已发送
总是有你想都想不到的事情出现，这才是人生。,你说什么都有道理
好兄弟应该顺便再买本字帖练练字,你知道吗我最近真的在练字呐让你猜到了
你来到我的城市,结果吃得和你一样胖
求同款帽子连接哈哈,要么？我私你
你可以选择回来请我去吃,等我回去还有龙虾嘛？！！
你是不是觉得这是我写的，是不是觉得我特别有才,绝对不是你写的
重庆604填志愿麻烦死了,可以
可乐，我只喝健怡的,健怡的，还真没喝过
请问怎么才能把肉养那么美,条件满足了，等着就好了
一般都晚睡~晚睡不是病晚起真要命哇,来一个更晚睡的
时差？你在哪儿呢,新疆
吃东西的时候别看,你在吃东西啊
你在北京？,北京天津都有
北京也6度哦，刚才吃饭回来，冻的够呛,嗯。笑点是地震。
炮哥是网红了？？,我可不是
幸福哦，要永远地这样幸福哦,嗯，珍惜幸福。
千百破碎的壶心映衬着出数个你。,这句话好诡异呀！！！
今天我生日呢,生日快乐
你克手机的事情早有耳闻,都远传八方了么
你对南方女孩怎么看？,没谈过南方的
哈豆子生日快乐啊~,谢谢
吃什么,家常小菜
想看她的撕我就好了,撕我
我饿了带我去吃烧饼,我做个你吃羊肉串
糊糊都不叫我一起,。。。你不是不听乐队么。。
以前好怕狗然后和我朋友家狗玩两天之后发现蛮可爱的,不是蛮可爱的是爱死了哈哈
奚梦瑶笑起来特别好看,对啊对啊特别美
给乐事打广告来了,一波一波
我的青春。。,大家的青春
我之前和你一样想现在好了,怎么好的，大概多久
明白啊我就是一条大穷狗,不，你是富二代
大红花,哈哈~~
像这种聊天记录我一截一大把,好坚强的你
我也想要画指甲,画呀！画完可开心了
毕业快乐,其实我大二学姐学弟大三啦
路上注意安全,我到啦
播报小天使,小天使受到了惊吓
秃子你是不是只有数学好让你写个八百字表白情书可以吗,我背一首出师表给你
这发型成熟呃！,显成熟
还接受报名吗,几个人？
茜茜最近很悲观这样不好哦！,嗯嗯
好温馨的晚餐！,还等什么，快生一个姓高的女儿吧。
人丁兴旺,没错
请私告诉我是谁,这是不能说的秘密
好给力的师傅哦,包工头儿每天陪着
大叔萝莉~~,蜀黍你的小萝莉呐
感谢四年陪伴,同样感谢你
为何，快让哥给你滋润滋润,滋润了也没用
你对自己要求太高了！你已经非常棒了！,你真好
为什么你后面有个夜,我也不知道。。
一中零八届某班高富帅炫耀一个鸡蛋饼和一副手套骗炮成功,不共戴天
为啥我的外卖没有卡,同情你
猜对有奖吗,奖手拍黄瓜吧~~
最近特别想吃炒粉,随时欢迎
我觉得你要励志当网红了,励志？？？？？我没有
能打出饕餮二字的我愿意认做他爹！,层主成功收获一个儿子
思想真跳跃,我想了半天，可能是因为我饿了。
团团圆圆,同祝福
加油工作好好吃饭,刚刷新就看到你回复了~
切，怕个球！我认得你又能力呢,我不是你不要高估我的能力
好久结婚,想来耍直接来
芽芽昨天轻十斤,我黑你家，请说实话，好吗
上班了，藤井鱼,还没回去
我不跟你玩了,我还不爱你了呢
我多了一瓶提拉精华，有空来拿,提拉的不喜欢，下周在上海否？约饭
希望他可以回来找我,有时候有些遗憾是注定的祝早日走出！
我是你姐姐,别逗了，你是我弟弟！
这弦好使么,还不错咯
多配几把钥匙我在永旺了一会接我来！耶耶耶,你的技术。。。
这一笑，露出了多少颗牙齿啊，数不清了,一口漂亮的牙齿
请务必给我拍下人妖！！！,你这么喜欢人妖？！
想演一出自己是上等人的戏，结果没控制好情绪。,哈哈，说的好
羡慕，你为什么可以约到？因为有钱嘛,还有才华
让你宝宝决定,宝宝说要妈妈不要小熊
喝不动啊。天天累的跟狗一样,是因为换新手机的缘故吗
亲，要打起精神喔,太没精神，太泄气
你够了，干嘛一直赞啊,因为，，，因为对你的仰慕
我这师妹读书读傻了,星期五晚上一二节帮我去不上课不
生日快乐没信号的我晚来的我但是是用心的我,辛苦了
人家又帅了,人家是？？？
哥，咱不吃醋,浮云
已经开始找工作了吗,嗨呀加入秋招大军现在基本是网申笔试阶段
没钱怎么办？,没钱当然是努力赚钱啦
你又怀旧去了,路过你回来没？
有屏下指纹吗？,没有应该
衣服上那两只猫不错,其实你想说这个人也不错，是吧
表示穿不了同款连衣裙,因为你凶大
为啥学位证不一样,不是同一个地方进的货坐坐白
你居然有护身符别人都没有,哈哈给要分你一个
什么网，价格贵好多一般,真心推荐打开网站看噢
gaga是不是瘦了呀,不过还是喜欢她瘦的样子
你又不胖，怕什么,我一吃就胖
天凉好个秋！,是啊是啊真的冷
绿萝该换位置了,是挺长的了
你抄作业的时候怎么没想到可耻了,三观呢？抄袭很对吗？
娜姐，你是在翻译么哈哈,被你发现了
是不是你们都喜欢好看的男孩子？,够帅就好
你也天天吃吃喝喝嘛,马上就来和你吃吃喝喝罗
期待今晚的快本，任嘉伦。易烊千玺,好激动
今天啊有300000人要回家,你去家
得多喝水,我都快把水当成每天的主食了
一个超越小时代的电影,哈哈哈在黑小时代吗
815过中秋,对啊，中秋节羡慕不
我怎么看见三只眼睛我瞎了,-我是啥我忘了。三只眼睛的那个。
你怎么了？什么时候回来啊？,2号到洛阳
我的大胸弟！,哈哈哈哈哈哈笑出声
还有你这点粉红顽皮豹,一看中就买了哈哈哈哈哈
你睡了吗,我早就睡着了
上上学长现在拍照技术真是越来越强了！,嘻嘻
美美哒最近发现认识的拍婚纱照的特别多,哈哈哈哈哈这个天气照一点也不好冻的我都快趴下啦
北方过年会做酱肉酱鸭吗？,不会，晒腊肉
吸住了有没有感觉到我的悲伤,这行字在无情的嘲笑着你
这个头像我给满分,难道不是101？
找女人吧？,没你这么肤浅
你就是想说我平时不好看呗！？,平时看不清！
作为一个东北人锅包肉是我的最爱,在我家乡，锅包肉和糖醋肉段不是一种东西。你们呢
在哪里,你单身么，哈哈
求求你了。。。,已点看在我们都失恋的份上
想求t的海报,中午要吃肯德基
你那是白天啊,一个小时时差
309的要团结,对啊！
为啥！！！！我的脸有那么大吗！！,这我就不乐意了！
尧大越来越萌了啊求保养清单,美颜即可，哈哈哈
我在等裁缝,同！我也在等！但是蜡笔我也想要啊啊啊啊啊啊！
我一直在想这么好为什么他们自己不是金V。机智如我,这是他们的小号
走着走着就睡着了，然后醒来发现瘸了，哈哈,这样一来感觉主人公很傻的样子。。
你都要把床睡死了,它都可享受了
我就喜欢大胡子！,翻牌了
祝你安全着陆！,哈哈
天太冷了，快递员不爱出门，估计得6月份到了,哈哈哈哈简直！
跟我拍照就不露脸自己拍就露个大脸你不要脸,我那天的脸能拍照？
明天我要嫁给你啦，明天我要嫁给你啦,早点睡喔！约了几点？
恶魔碎片谁看过,对对对噩梦碎片画过这个
哈哈哈，昨天我朋友说我们土美土美的,到底是土还是美
短发了哎,一直都是好不好
冷啊，，手都冻肿了,嗯。。没有
发现你很爱粉色啊,可能是年纪大了
晚安,早安。。
心里住着一台缝纫机,那就打碎缝纫机
谢谢你留下这份值得珍藏的回忆,我是听到你在唱歌？
加油加油加油,你想几点
要过年了快点好起来,会的会的
这种东西我都直接把辣油倒进米饭吃,我感觉辣椒比咖啡效果还好！吃完奔儿精神！
想撸狗弟哈哈哈哈我还没摸过秋田呢,这是阿柴吗
声哥你是往段子手那方向走呢么,没没，段子手能挣钱，我就随便一发，娱乐大众
永远支持薛之谦,支持啊
哈哈哈师傅一向好有自信！,按照常理我下句是不是应该要接他哪来的自信啊哈哈哈哈哈
男生在什么情况下会感情泛滥,遇到爱的时候
去旅游了,嗯嗯旅行中
幸福的童鞋吖,嘿嘿
柴柴姐姐好好看哦,很漂亮
什么孩子什么样的人需要怎样资助？想知道的详细些,详细流程这几天官网公布。
你看到几门选修课？班任说的有吗？,没有，完全没有！
怎么磕碜怎么来的合照我只能说非常的好！！！！！,非常好
亲你以后要做影评吗,我倒非常想
晚安吧,晚安。
你试试冬泳就什么问题都解决了,钟老师你想多了怎么可能冬泳
胸市炒鸡蛋应该配碗白米饭啊,没来得及煮米饭，和米饭绝配
保安有免费的马丁靴穿，非常适合你了,哦我可真想要
为什么没有打野,人马
我写伟大的论文写出了一下巴的痘痘。,还是年轻啊~还起痘痘呢~
真朋友,那是
为啥不在苏州工作呢,因为要去别的地方读研了、还没有工作的打算
金毛是一对吗,嗯嗯双胞胎
伟大的母爱,母爱原有的样子
我是那个会陪你到你不要我的人,不曾要过何来不要
咱俩神同步，我正准备往群里发呢。,不谋而合，神同步
这个我要疯狂打call，停了，爱过它。,这个非常好用
给我也来一打好吗,找男票买！
大冬天来厦门吧,感觉自己像个老年人
小心被咬到,没事
我真的希望暮光的那一对可以兜兜转转在一起,对啊对啊真的可惜了
我准备00：00整抢一下榜姐的热门就睡,所以我继续去找，不信找不着
周末加,成的弄个小号呗
听说你最近小酒喝的厉害,哈哈我现在是无酒不欢昨天自己喝了四个
林丹马上出场了,我看到了啦
宝宝手长脚长一定个子高,怪不得我脚手那么大
晚安，两斤麻麻，我也准备睡了,晚安
哎呀你怎么那么棒啊,哈啊哈哈哈，巧克力棒
三哥不好吃了！如果你要吃订时间嘛，我请,我们刚刚吃完
画楼梯好玩么,楼梯还好了，主要是要画构造
小可心被亲了,可以说是非常开心
长发美短发帅,不同风格喜欢哪个
臭美2哥生日快乐在哪里混？,都过几天了，哼
今天加油,呼，
你男人是谁啊？,莫莫
明天,一样
真不知道您会把女儿养成个如何高情商的女孩儿，爱文哥,她的情商能有你的一半我就知足了
什么看不懂了？防弹的预告吗,我说LR呢
大脑门儿是大脑壳的标配！,脑壳大脑门儿当然也大还发光
请问眼镜是什么牌子啊,没有牌子实体店买的！
认错人了吧,你不是？
啊哈哈赞一个！！！！,也就这首好听
林永健老师真的很不错啊，演技很好,老戏骨
你这么好看钱不还了！,你去帮我催债
通顶木柜一般造假多少？,造价
梦瑶姐相信的品牌我一定支持欧莱雅值得拥有,说的对极了，我天天用
老师生日快乐>3<,谢谢！你每年都记得
那个酸奶超好喝,对对没错
怎么了啦，有事找我聊聊,没事啦，只是一些小事情而已啦
你这是在哪呢？,上海外滩
在深圳宝安机场看到这款手机的广告了。,求照片，如果有
狗腿还要不要了,哈哈哈哈哈哈哈打断！
哈哈！我走路比做饭容易！,岂止容易，简直是很强大啊
你是胖的还是填了娃娃肌,想揍你
不买车！看你还爱我不,嗯嗯嗯！
重做马可不知道法球效果能不能回血,能的话很强
我月的美颜呀,好看爆了
要爱惜自己哦！,黑眼圈掉负一楼了吗？
你连堂两节原来为了,为了更放心的吃
你们村里才通网吗,对咋地杠精
我看到了你凌乱的头发,你是真爱
天！我都快忘记还有剑三了。。。,剑三是不是重做了？
你是要结婚了吗,结婚？？你想想力真好，我家只是翻修一下别墅而已。
皮一下舒服吗,舒服
颜值高的人表情包也好看,哈哈是的
我一个大学生不想开学,不想处理破室友关系
一个刚分手的,+1
学姐，要幸福,谢谢学弟你也抓紧
生日快乐！,谢谢哈！
你怎么在合肥啊,是不是备注错人了
等我今年大赚，姐给我搞一套,必须的
不要吃鸡蛋了！我家宝宝一岁两个月，一吃鸡蛋就便秘,不给她吃鸡蛋营养会跟不上的
卖萌,当时可害怕了好么
怎么没冰的样子,注意看地上
我也去打学生会内部的篮球赛，女生待遇和楠姐你一样,伤不起啊太悲催了
为啥假期这样长？,年假啦！
去东湖玩都吴叫我,下次叫你我去影相的你来正好！！！
我网名咋了,我以为是你和你对象的
狗粮！原来你们五年啦,对哇，恍惚间
加油，我们同在,嗯，谢谢
天津跟北京一样天气吗,不一样，可能就是阴天有霾
亲，你是不是已经体会到了,人人都在体验中
毛巾袜子晾一起？,不然就直接铺在阳台上了
什么时候带我飞！,我也是被带着灰的来台州带你去捉螺
男主强势一把,希望接下来都强势
纳尼。什么东西这是照片么,进击的巨人里边矮巨人
过年回来了一起聚聚,好呀好呀，去年都没见到你呢，今年咱提前约好
我以为你穿了白丝,我知道我白
潮汕绿豆饼最好吃了,嘿嘿，是啊，好吃
有钱人的生活哟,没有没有
刘海戏金蟾更好看,两个我都看
加油，八亿电视观众期待你的回归！,八亿电视观众一看我，立马砸电视了，哈哈
你心机真深,她觉得很可爱呢
我去过三次有一次熊猫都很烦躁,人多呗，今天还好，来这儿必须错峰去看
如果你的闺蜜遇到了渣男你又不会劝，就发给她看看,当局者不仅迷还倔呢
每次都是自己大老远的搬着宿舍的凳子。恭喜大事开学,没开学。。只是报道。。然后我就回家了
田螺大车，五毒毒域。剑纯玄门，并称剑三三大幻觉,还有花三天啊
我今天超嗨的说。。。,买票买票！！！
完了，九天玄女要做饭了。,哈哈哈期待我的第一道菜出锅
容易招邪祟滴，猫咪你还是不要玩的好,是吧？想玩玩看
医院很多护士本来心就黑这不是误导而是共鸣,对对对，医护全部都是黑心的，你丑你说什么都对
你不是信誓旦旦的戒了吗？弹板着噢。,你戒了吗？
花痴,你名字什么鬼！
怀念成华区怀念沙河校区,哈哈哈哈笑死我你个高新区的
奢侈的小刷刷到了,东西到了但是心疼荷包
为了宋仲基我也是一定要减的！,加油
有资有味,鱼味儿么？
我也不想再胖了,以后再睡觉后，后醒的给先醒的1块钱
对不起我没忍住,好嘛原谅你
万老板的酱油厂重新开工运作了,日常打酱油
你懂毛潮流？真心笑了,难不成你懂？
稀奇想看,没有了多早我就跑出去照啥都没有
你在外太空,你不服哦
我们挂科吧。，,不要肯定是你传染我的。。。我不要挂
看你瘦了呢呜呜学习累不累啊！想你,没有啊啊秋天胖了最近忙着减肥呢
过不久共享女友是不是也出来了,这个不是一直有么，你要大学生还是空姐还是白领
买几个杠铃放包里带上！,没刮跑先累死了
666比我英专的都刻苦,我需要你的辅导
这是哪里哟，我们学校？怎么好陌生,学校不大的嘛
新年快乐小强！,好队友新年快乐
是否拥有了一口流利的英语,说的太轻松了以后是能的现在不能
换车了,两个都用着了
好快啊时间，我女儿也一岁了,是啊，又希望他快点长大又希望时间慢一点
突然要考试,加油
万一反弹崩到脸上,防弹衣反弹子弹
以后是不是得穿制服了呀？,都穿好几天了
为什么没有我,你来横店
你去重庆,你这个肠胃是不打算好了
南方人，怎么洗澡的啊,就那样洗还能咋洗
不爱！不爱香菜,大爱！大爱香菜！
这件衣服赶紧扔了太显胖啦,正常情况都是打底，不会外穿的
我是自己啊,一起一起
哥哥依旧这么闪耀，难以企及,本人很谦和的
易烊千玺,期待不
学校的爱难以承受,哈哈哈哈，毕竟学舍得为我们花钱，我们要默默的忍受
男神，论文写不下去了。求给力量~~~~~,显灵！赐予力量！
紫金港路3张原图能否赠与我,我私发你
啥时候回家喝两杯,哈哈，估计要过年了
工作还是太轻松！,苦中作乐！
没下雨才好阿，下雨你的计划就乱了,没关系一般下雨不会持续很久
作业做完了吗？,旧的作业走了，新的又来了，子子孙孙无穷匮也
东门没好吃的还是得去西门吃,东门，确实
你超声刀做完效果出来了吗？,没效果
大美人高轻鸽好,美丽如我
我期待龙卷风而已！,顺德不是有吗
你打算去哪,我还没想好
哪里有一成不变的美丽呢,是的，一生中的各个时期都有不同的美
去现场了吗？,嗯商演现场
我又不是唐僧又不是法海，怎么收,扎他
那个密室逃脱好玩嘛？,你要不要去玩
说出你的故事,故事太过于生动说不出来
在下雨就发洪水了好吗,好的
你怎么又去旅游,什么叫又去？
一个饭团分两顿吃,现在还剩一大半不喜欢吃啊我叫外卖吧
没人要才是最苦的,不要争了，我这种肥宅会被嫌弃的。
周末好去处！有孩子就是这样充实,还是闲点好
接收福气,福气到
原谅绿,你成功引起了我的注意
你喜欢吃什么我去给你做免费的,管好你自己
你们都过啥啊？农历还是阳历？,阳历，我都不知道我阳历几号
你要去哪儿体验啊？别回头把你给挤吧的更瘦了,矮油亲爱的我现在已经一百多了好不啦
那你帮我分析一下后羿该怎么玩。毕竟只会玩后羿,必须站的远
我之前都呆在成都你咋没找我,我才去了两三天大姐
觉得自己好像要秃了,秃秃更健康
我果真不懂这个国家。,愤青
为什么不喝水呢,我不喜欢喝水
开心，走路都得飘了，上课去了,难怪你走路都在蹦
萌妹子一只,哈哈哈。最后真相了
葫芦脸这是我给你起的名！,我会瘦回去的，也许
我们可以去叼小美眉了,我不想这样子
约我约我,放假放假
哪里这么冷了？,以前的。。。
真早啊,早起的鸟儿有虫吃
你一定是在诱惑我买资料,哈哈哈，是的
我昨天还是把我的4s电池欢了,老子的电池的螺丝咋办
你想把我笑死，好继承我的蚂蚁花呗,谁想继承，花了还得还！
2014你完了,啊？
和你一起晦！,一定是我看错了你说什么
师傅这寺灵吗,不灵
每天都很闲,你在哪上班呀？？语言念完了？
帽子发过来,还没找到！
有志气,嘿嘿必须的
我也要！！我要强吻玥玥！！,没关系，反正我们都是一张床上的人
我男盆友说这个妹子正爆了啊我猜你们会觉得他有品,有品，眼光独特，赞
你能喜欢切爆感到很开心,是的两个人在一起意外很萌！
前不久，其卧病不起，只能逗留医院,原来如此，原来在你的属地
晚安,迷妹~中午好
人家要吃新奇物啦啦啦,神马食物
晚安,晚安哎
干啥我都最酷,做梦呐
最近的更博频率惊人,好吧，那我少些点
生日快乐！兔子今天过生日？,嗯呢
好天气啊,还天气好心情，不见得都遇好事情
我1月10号生日，可以对我说句生日快乐吗？,提前祝你生日快乐
专注做一件事情的时候，也是种放松！,太对啦
准备好想尖叫，结果没中玺包，嗯。。。。还是想尖叫,有心
团队全在北京吗,北京&上海
不跟你聊了，我要上天了,你太沉了
土好好看！这是哪儿啊,东极岛
男人面对女人坐在凳子上？,难不成是拿来放筷子的？
谁又惹你了？淡定和我们一起吧,来来咱仨
感觉你头发还挺长的,就是刚到肩膀
这是兔子,幻想下是条二哈
好好报志愿~好好享受假期,嗯嗯
您老表白呐？,呀，你居然知道意思？
还没睡,不过明天还要早起接着奋斗嘞！！没做完，
你被攻击了,怎么变聪明了
你回学校了？这么早？,是啊
你终于开场了！,我昨天心烦受不了一录了就传发泄下你快来唱
居然不爱我的,可是我师傅是我的最爱
美中不足就是人家给我的面膜型号小了,已经是最大号了
记得最后一次学舞还是去年暑假,继续尬呀
夜猫子！没抢到,是一只可爱的小狮子，难道新加坡有时差么，你也没睡
165的世界我怎会懂,哈哈哈小胸的狗要咬人
给你带个牙套,我不带不带不像你
你们洗澡还是单间？,那可不咋的
土豪我们做朋友！,谁再提土豪我跟谁急
有人收掉小手真为你高兴,我是妖孽么
偷摸嗨去了吧,没干啥就洗个澡
不来你怎么等的？~,等了才知道不来啊~
你做足球记者了？,什么叫做足球记者了
吃咋能不吃嘞？今天吃醋到都没给我买早餐,还能叫你起床就不错了
这个六一好桑港,为啥
你是计算机的？,对大计基好绝望！
你在哪,我都回杭州了
你居然发了？！这可怎么办,别装了
什么专业？（准备好套瓷叔叔了）,我是真不想读书了
傻鹅子那我们就将就一下你肉偿吧,支持肉偿！
王演员新年快乐拍戏照顾好自己！,up
浩克呢？喜欢浩克,下次的
好想看管着妹妹的碧姐姐,跟我说话的口气一模一样
来，告诉哥哥实话,你应该没我大吧
欣欣儿带我飞,来跟我一起跳舞
你有对象啦？,你疯了还是我疯了
我要回去了，,你不要回了
为啥不想长个啊,身高差多有爱
3号吧，回去洗东西,都差无多啦
报上经纬度让老夫亲自探访,你可能进不来
你报名了吗。没有毕业可以报名吗,不能。马上大四明年可以报名
带我,你快点找对象不就正好四个人了嘛
我约你吃串串你不来,减肥啊瘦了吃
本猪杂有他真是太幸福了！,是啊
失眠，是枕头之上无尽的流浪。,？？？？恩这么文艺
国产黑泡圈已经有30页高楼了！,火了火了！
更新无线网驱动试试吧,不行。。。貌似网卡有问题，明天去看看
你现在还喜欢我吗？,抱歉啊，以前也没喜欢过你
请问酒店的名字是什么呀谢谢啦,哪个地方的酒店呢？
荷叶有露水，是特意起早拍的？,眼神能好点不
过年时候充100送100，现在里面还有180多块钱,我还有20多块钱
说瘦就瘦？,才瘦下来
明天一起羞耻,嗯哪
网吧看到你的签名真亲切撒,你你你谁？？？
黄油煎三文鱼么？,不用黄油，干煎就行
我简直是大明星,那当然，你是主角儿
成年队确实和青年队要求不同，不过还是让我们看到了希望,对有希望也是后备力量比前几年都好了。
淋淋更健康,二哈
有毅力！,那必须
秀一脸,谁像你一样，换着秀。
我觉得娜扎也还好啊,她有什么好哭的啦太玻璃心了啊
小时候总是纳闷，明明写的麦尔丹，怎么叫蒙丹呢,我也是
我不是只会喝枸杞茶，我也会吃雪糕,好好好知道了你最可爱
我从太仓开到千灯再回太仓吗,王司机接我
趁着末日之前，及时行乐吧,及时行乐，及时行乐！
一顿怎么够,你太狠了
整张脸都过敏毁了我怕啥,怎么搞的
安好便好，有空去太原或者来运城请你喝酒,好好，最近出差，走走看看也是好的
好想抱她，,快回来三
青岛现在热吗,今天阳光很好，但气温还挺适宜，没咋出汗
学校游泳馆开吗,开啊
好友，节日快乐,节日快乐
支持姗姗！,整天都说这些台词不累的么
欺负我没有会员孙子,有本事你充一个啊
岁月静好好好珍惜,好好珍惜
真心的羡慕我自己。。。,还有整一个月，接下来怎么打算
你错了我只是爱上了姑夫,谁没看过。。。现在朋友圈都看不懂了
13关怎么过？,我也是
哇，思维哥真懂得享受啊。,汕头牛肉丸
你是再说我吗,不是啊
快睡吧。以后还可以聊。我记住你啦,超级激动嘻嘻嘻女神也要早点睡噢
回肯定要回的，你骑车载不载我就不好说了,那你驾照怎么办
小登很纯也，哈哈，比断奶好看。,我也觉得是
第二张，手提绿纸袋的是你吗,嗯嗯
饺子饺子，好想吃啊,来吃！！！
刘总，有想法了可以提出来。,这已经在表达了
来我这带个奶茶什么的,晚上一个大夜查
同感，交个朋友吧,好啊好啊
啊啊啊好喜欢你,谢谢你
期待426,我睡了
你这是在哪里？快回家吧,到家了。。。天天十二点多下班。。。
快点减肥阿，小胖妞,我是哥哥。
詹姆斯很牛的拉。,确实蛮牛~
哈根达斯来土豪,你来请你吃
昨儿喝酒去了吧哈哈,是啊喝了不少，应该有8两
我花了一块钱买一个不是盲流子的身份。,你不是一个人
地方暴美~,是一个叫法国村的景点~有时间过来玩啦
你真的那么喜欢他吗？喜欢。,他只是不喜欢我了，约定好的未来，都是假的
你的指甲油好看,呵呵，到时候带来给你涂
我来啦刚起床,我等了您呐一下午了
你是在说我么,请对号入座
你朋友啊,哈哈哈是右边那个小柯基吗
用别样自己海淘吧肯定正品不过我等了一个月,用过时间慢还贵
哇男神在上海！！,你应该比较爱我
花呗欠了一千块钱的我无能为力,买了以后就可以有理由节食减肥了
太冷了，风大，晚上都没的逛街了,就是，还不得不捂得严严实实
你快去早点睡觉,知道啦
赶着去干嘛，去相亲吗,对方是你我还可以考虑
老师新年快乐，压压惊,谢谢，新年快乐！
我们的饭可能要明年了,那就明年见吧
睡得了撒,两点过才睡。。。
柳橙汁是谁,你这简直是神回复
恕我直言，真不知道等差数列是什么意思,哈哈又一个不知道的
读研是不是很忙,是工科女比较忙
好孩子，好小伙，一定会好运连连,因为是南方人
外面一直闪电其实我心里也是有点慌的,以前看的恐怖片不够多，那时候还小
脸肿的不应该是松狮吗,也可以
没有下雪吗,下雪之前的
感谢天，感谢地，感谢命运让你们相遇,感谢风，感谢雨，感谢阳光照亮了大地
目测水游城,我好喜欢这一块儿哦
大连大学，了解一下？？,了解一下
祢养的蚊子、好大。,嗯，伙食比较好
好久不见,是啊，好久不见，还好吗？
记得带礼物回来,已经准备回来了
拍房多少钱呀,看情况呢，多少都有可能
明明自己最爱演还说我,怎么那么闲，休假了啊
现在大众也开始往美颜发展了？？,意外发现
幸福！！！,嘿嘿嘿醒了
不用伤心，喜悦还来不及呢友友晚上好,难舍呗，有情物快快乐乐
滑雪怎么滑,到那你就会了我跟你讲
吃睡吃睡吃睡,最完美的过法
胖就完了,想吃吧就眼气你略略略略略
我下午在单位也睡糊涂了,我现在都不敢躺下午一躺晚上就睡不着
怪衣架还是用完了么,50个类，用不完
头发颜色好看呢,嘻嘻
有多咸,要听故事么
蛋糕自己买的吧,你买的你忘了吗
等你一起跨年一起进新的一年,捞到喵喵啦！
吃樱桃,樱桃可以解闷的
心灵手巧，太厉害啦,哈哈哈哈，最近只能做这个了
该穿美美的裙子了,首先得有双美美的腿
我也正在纠结养不养了,养了粘人的出门又要多半个小时
红烧肉还是柚子？,EOS
然后天天睡到中午十二点,那差不多也可以休息了，怪累的，周末双休吗？
有钱我就有自信了,橘子我就吃两颗
我求你别刷屏了呐,不听怎么办
突然想起了《白月光》,有机会唱听听
我今天累死了,早点休息~
我怎么也是个孙女吧女,你不是男人么？！
呆多久,7天啦
坚强现在已经变成一种本能啊。,是啊这点算什么么~~
看不见看不见,你！就是你！
我也不给她睡觉已经揪到姥姥家了,牙好啊
难道他觉得你是猴子？,你不吃香蕉吗！！
186的求不下雨,不下叫你缩回去
多多增加营养才能有劲锻炼,大概是缺觉精神不够了
我自从又一次自己剪豁了之后就再也不敢自己动手了,下次我给你试试
瘦身成功,身材很棒了
你看教练的眼神未必有些太狠了,哈哈哈哈哈哈哈哈哈哈笑死我了
我自己安好过动感单车感觉非常有成就感,天呐你也好厉害
汽车换成自行车就对了,公交也得换成浅黄刷红条的
什么时候回家~？,这周末哦！师兄呢估计应该是要快过年吧
王思聪，夺父之仇不共戴天！,哈哈哈看到这么多人骂他就放心啦
不要想我哦,会想很多人的
所以你现在孤独吗,对！
三亚人多吗,不是很多
换了顿饭，值！,不亏
我下午两点喝三口丝滑摩卡到半夜一点也还没睡着。。,三口你比我还厉害！！
我的青春啊过去了,我呢我呢
我的一直在写字,我的俩鹅子旅行回来就吃吃了好几个小时了他们不撑吗
祝福大学生的颗粒哟,谢谢你
跨年必看湖南，不管其他台有谁，芒果必是第一！！！,看主持人也是一种跨年情怀
贵宾席？求带,妥妥的贵宾席妥妥的不能带因为我也不去
男神你每次来武汉我都看不到你我不开心,能帮个忙吗？
下个月见,5月约~
祝福,谢谢啦都想你了
夏天来了,裙子裙裤你准备好了吗
易烊千玺期待四周年的SOLO表演,千玺千玺
你知道自己有多帅不,知道一点点
心疼梦泪！！！他已经尽力了好吧！,今天梦泪完全没毛病好吧？
我七点的时候刚办了,哈哈你在哪办的。感觉过年后大家都办了。
开心！奖状！,高中？？
你去长沙了？,是啊，录快本。
有没有什么泡水喝的东西啊，冬天不喜欢喝白开水，,有呀
饺子啥馅的？,哈哈！香菇，芹菜，肉
为啥不吃不喝？怕堵车？,没有，累了之后就不想吃不想喝。只想吐。
艾玛，好喜欢！！！,一定！你也是哟！
防盗窗，国外五星以上才有,这种窗户有什么用
钱最实在,好的
我爱你在我身边的永远都是你,不要太感动哦，今天高兴点
看我秒赞,这个时间点怎么没在自习室
花式炫哥,好久不见啊啊！！！
我妹妹要准备高考呢，要冲刺了呢,不很快就考了嘛！！考完带她来嘛！！
好想见他好想拥抱他,我也想拥抱他
你也准备考会计？,我明年捏，现在在学着这东西
我最喜欢的多啦a梦,你你你，蜡笔小新呢，
你和雪一样白！,雪给我打光了！
加油我也在备考你要加油呀呀呀,加油！！！！
你好,你好，吗
腿好漂亮,嘿嘿
僵尸有智能不错,扯淡
老实女孩真可怜啊还得被你祸害,我就是老实男孩我们很配
那边路面滑不滑？好纠结要不要去上班,还可以呀，不觉得滑，是不是我车技好
安全第一啊,唉，因外卖造成的交通事故基本每天都见。
哦！我下班去看看！辛苦你了诶！你现在在医院？,没事哦，是的，在医院。
瘦得没曲线啦！,就是没曲线才要练啊，愁死我了
英语职称！好腻害,是职称英语，四级水平
为啥没人请我吃饭咧？,你来了也可以啊啊啊
你牙齿不是好得很,这是带了牙套，不带笑牙齿就露出来了
哈哈你懂得武生院就这点名堂别的不会,对屁事儿多璇姐，这次迎新晚会我主持拉
我嚓，偷了这么多蛋壳~,不是偷~是光明正大的装
集体欺负我！,真的木有嘛不过还是很可爱的。
市一中给你们退补课费真的假的？,真的，到手了
有没人要30号，480跟580的四连坐,咋卖
坐等明日的好运,机智如我
换福卡？敬业福来,我的只能扫到两张，就不能扫了，你们怎么都这么多
搭档你怎么被狗咬了啊是不是经常逗狗的原因啊,人品差到爆
早安深深宝,早安
你真的是睡得晚起得早哎，少熬夜呀,因为工作需要今年内争取换个工作真的超累的其实
看到DT第一反应居然是陶喆,为啥。
要拉黑了要拉黑了,我都好久没发吃的了
想问下飞鹤和启赋怎么选择呀,我是一段吃的启赋23星飞帆现在开始换超级飞帆
每一个决定都不会太平常,听自己的就好
聪明的人儿，一般长相多有欠缺,哈哈哈哈哈哈哈看你啥子口味了
怎么做到记得梦的内容我每次起来后就忘光了。。。,这个因人而异吧，我通常都有印象
推荐一本书杨绛先生的《我们仨》。,并不好看
乐仔冷吗,不冷啊今天也蛮热的
两只老虎的旋律,大家没发现我把这件衣服穿反了吗。。。
城里套路太深了我还是回农村吧,哈哈
有你并不容易，感恩有你。,感恩有你感恩有你们
矮油被你发现了还不叫猴哥！？,猴哥，猪儿给您跪安~
哇，求携带,你来了
日夜思念,彻夜难眠
为毛这个天了还这么害羞,俊不俊！
女生随便烫烫都不止180好吧,我一个头剪了200
把你的准考证号和座位号那些告诉我我发给你！,说到做到啊
什么时候有的看微电影！！,哼都不关心姊每周都在播的嘛
讲个笑话今年00十周年,这个热度已经蹭过了
去哪，干嘛,媳妇，没有29
为什么我的点在于你朋友圈的巅峰颜值智商以及内涵修养,是的，是你
变美好多~~晚安,晚安呐~
找男朋友就为了给你送外卖,可以陪我吃饭
愚人节,今儿说不准又被谁愚呢
我地乖乖，这么委屈的肖姑娘,真的，鬼知道我这几天经历了什么。。
分手一个月了很想很想很想他,我也是死不回头的那种，只是一个人难受
活得不如一条狗,日子艰难
果然粑粑都是爱妹妹的,没有啊，一男一女好玩
舞动起来！霍哈霍哈~是谁，带你来到我身边,快唱起来！你最棒！！
你呢？还处于抓狂阶段吗,我很平和的，吐槽完就完了
直到流浪的和尚中了蛇精病,他就是
正宗好凉茶，正宗好声音昂,好像是正宗配方加多宝
唇笔，卷笔刀应该有替代品。,原装的卷笔刀真的不会削掉膏体吗
你买到票了吗？,买到了
看你和瑞瑞今天这么秀让我有点羡慕,时间很快哒~~
让姐夫驾车呗！,姐夫不在家
半掌怎么减肥,其实我也不造哎
你可以开始想你的礼物了,不急还早不过我啥时候物欲都是满满的
同时追两部戏很容易串戏啊,是的我都是攒一堆一块儿看两边一起看格外有趣
表白刘亦菲毕竟是仙女,天仙最好看了
盆用这个出门记得关掉,你还挺内个
最近好吗？,还行啊你不是要过来玩吗
什么时候回泸州呀？,今天。
早就告诉你不要削骨了吧俏十岁里不允许有削骨项目,哈哈哈哈哈哈哈哈哈哈哈我倒是想！我没有钱
可以去你家玩吗我保证只吃东西不胡闹,哈哈，就喜欢这样的熊孩子
哪儿能看直播？,同问
折现还是给你邮过去？,必然邮啊
然后你一件我一件海燕肯定要把我们都拉出去,那我们买吧！
滤镜真的好看,谢谢需要告诉你吗？
用一首《关于郑州的记忆》喜迎未来三十年,一首凉凉
五花肉改成牛上脑更健康一些,必须大五花肉才香，可以不吃它嘛。。
喜欢蔡徐坤！！！,这个人好不要脸哈哈哈
为毛还不发工资，我要买衣服阿,就是啊我的衣服鞋子
我中午成汗人了，晚上倒是好多了,自习室不是有空调吗？
请问需要购票吗？购票渠道呢？,不需要购票~是免费的~
你家岩寺的？啥时候回穗,对啊岩寺的明天回
第二人生，这是要结婚的节奏啊,说来话长，下次见面吃饭聊！
去吃塞,改天去
魂斗罗级别以下的曲子别想让我出手,你继续装，我不揭穿你。
小新过来逛逛了~~~,欢迎欢迎
你比烟花美,她比烟花寂寞
你买到票了？？？,提前买的
老友中午好,好友，午餐愉快。
下次再艾特你。,我的意思是我也要一块
问一句保庆哥现在在哪,在大连鹰屯吃火锅
晚安，眼镜眼睛好痛，先睡会,注意身体
你不是大姨妈么,超人叫小姨妈以后就都叫小姨妈了
你猜我是谁,不知道。。。最清醒的一个
我在陪你聊天呀~,我好无聊也
我寻着你的路径去明孝陵看了，好漂亮,我今天又去灵谷寺里头看的，更多更美！！
UC姐姐，早安,早啊~
同感这两天快递的提速！我也提前收到东西，惊喜,是啊是啊。。哈哈
果断林更新,林更新
愚人节快乐,节日快乐
鱿鱼不长肉不怕不怕,不是十口肉
超级美好，羡慕羡慕死了,是很美好呀
蛋哥恋爱了吗,还没呢，你呢？
守护是沉默的陪伴，早安！小凯。,亘古不变
我吃他家的烤面包片根本停不下来,巨长胖
蓝色毛衣被你穿的好好看,嘻嘻嘻这个颜色好像很上镜
玻璃心是什么心。。。,就是玻璃心
别人的蔡文姬mvp，我的蔡文姬是点歌机本人无疑了,我的也是
关芦荟胶你就买了13罐、那边香奈儿口红卖多少啊,只是一部分两百多
早餐呢？,吃掉了
满意，期待沈月的李安生,这个阵容当然很满意啦，真想快点看到他们演的这部剧
脱发的时代到来了？,看来你是没经历过
腿却一年比一年粗,年龄也大了不想穿那么短的
怪我怪我，没有带领你沉迷于书海不能自拔,不我把你们带到了坑里面，然后被你们越挖越深
吃货的世界我真心不懂啊哈哈，胖点也挺好啊,太胖就不好了
本人已大厚棉被盖了好久了你居然还在犹豫扯不扯凉席,没办法，今天又穿短袖短裤拖鞋出门，任性
不跟你绕，快点严肃的，你的性别,爱好男男
生日是今天吗,不是
你可以找我,你来找我来
友善和爱国有人要吗，我只要敬业福,还有敬业吗
我也不喜欢冬天戴帽子，头发油的太快了,对呀冬天洗头太累了
为啥难过难道我的话灵验了吗,以后你给我闭嘴
新鲜男生逗松鼠，你忘了大明湖畔的小叶子了嘛,抓住一只抢热门的小叶子
劫匪没抢到钱还丢一把枪,这波血亏
你这种装扮跟谁学的，还有你咋叫人家小董呢,哈哈哈不怕，他不知道
蓝天好心情！小道具营造出了童话世界。,尝试不同的风格，多拍拍，找些感觉
你又不回复人家！我以后监督你,胳膊肘往外拐
今天怎么样,比昨天好
最后男主和谁在一起,第二季吧第一季没有放和谁在一起
粉色的小帽子可以说肥肠可爱了,还有粉色小鞋子
这肩帅哭我,嘻嘻
一定顺利哒,嗯呢
等她来一个东北漫展,等炮炮是哪里的？
隔着屏幕闻到的臭脚丫子味儿,人家香着呢
我哥这是怎么啦,悄悄地
22岁那年，我以为身旁的人能将陪我走到暮年,我们都是以为
学长学姐都老了,早就老了
看不懂文盲来了,老说实话
我觉得自己也会孤独终老,不久的将来或许会过上这种日子
爸妈嫌我在家碍眼,等你上了大学他们就该想你了
得了一种一到双休就像过大年的病,哈哈哈，同感
昨天昆明明明大太阳哪来的雪,春节期间适合自驾游到云南吗？
我花帅呆,老帅了
文采不错,还好啦！
让你减肥吧,才不是这样。
希望你和娜扎幸福的赞我,不希望
姜哥粽子节快乐,谢谢，同乐
还不睡？,要睡了，躺半天在想事情
班长谢师宴搞到点,东悦轩：东泰厅3席中午12点
陶姐姐读的是什么专业呢,汉语言文学
亲爱的我想要,好哒，到时候我问你要地址喔
多喝水，多休息,都发热了
让我来温暖你吧哈哈,不要
下次能不能画个乖巧打嗝想想都觉得可爱,哈哈哈现在真的有打嗝了
你唱歌好好听，能发张明明就的歌谱吗,明明就的谱子我已经不记得了。
今天也要开心哟,你到哪啊
你现在哪里溜达,湖北啊！不是早和你说过了么
发现美少女,超级无敌美少女
下一站继续,下一站幸福
我真是半天构思不出一句话来回应你,话题终结者
深夜放毒啊,哈哈快出门吃宵夜！
这几天空气不太好了,这场雨应该洗干净空气了吧
我那是失眠,你天天失眠
可以去吃火锅了吧！,吃吃吃就知道吃
黑胖黑胖的养你,黑都将就了，不要胖
鞋的错一定的，其实我也想笑,忍着！！
咱一大早也祈祷过了，啥时灵验,天若有情天亦老，人间正道是沧桑。
我要去你家！,快来我做给你吃！
居然车站车都被卖猪仔悲哀啊,求安慰
吐嚎，告诉你个小秘密：今天才9号。,这个秘密对于大部分人来说都是晴天霹雳
雯雅，请问你的店铺名是？,还没开
宠物不能带上车啊。带不走，哎,太可惜了那就等我收了这只小乖乖把
翰，怎么又删啦,他又删什么了
我宝宝已经很完美很酷了,哈哈哈一看就不是珮珮回复的
你不是一个人，今天还早上起来赏月,加油加油！
我还在家诶,票价八块八
举多高,比天还高那种
你好瘦,你制定的目标也要完成啊！我年前要升到绿色等级的！
蚊子那么狠么,嗯嗯
脸上是什么？,痘！
你的手机丢了？,是呀，包被拿走，包找回来了，手机被偷了
哪有什么内幕！83考嘛，他都会背了吧？几级呀,好像会了，是2级。。
走啊。小龙虾。她心心念念每天在念,你们快定时间，单号我都可以
你是14班的艺术生？,恩，你是
摸摸头,摸回去
没有大闸蟹不让进宿舍,同意
呦呦呦恋爱的酸臭味,是清香
我也累,抱抱
加班,辛苦了！
刚还说好饿吃完狗粮立马饱了,我现在也好饿
考砸了可丢人了啊,有的时候，鞭策比祝福更重要
冬天拉肚子伤不起呀。。,确实很伤
继续睡吧,超甜的！
这个上衣多少钱,乖卖完了只要顶了
小亚约不,不约不约
惬意惬意,一起啊
这个狗1毛钱特效么,我也不知道几毛钱！反正我买不起
我怎么感觉你像一宿没睡似的,睡了，但醒的特别早
他和前女友和好了，我还放不下他,等，等他们分手
现在网咖盛行,毕竟我的青春网咖能比？！
大兄弟新年快乐啦,新年快乐
你的头像,又换了！
新年快乐,你也是哦，新年要快快乐乐！平平安安！
周末好好休息补一补,嗯嗯
感冒了，咳嗽，不去了,多休息！
我也要高考了我在山东,加油
你这个表情简直治好了我的眼睛,你的眼睛咋的啦
来北京了呀,嗯嗯今晚就走辣
脖子上的珠子还挺带劲儿,是吗、？
生活不止眼前的苟且,还有远方的苟且
可爱！,嗯哼
生日快乐宝贝,讨厌人家生日都过完了
抱你,爱你
多幸福的画面呀！必胜客约起！,毛毛是想给廖俊涛穿一件对联吗？
要考科一了吗,嗯可是准确率低呀现在
这张表情一点都不凶诶，竟然还有点暖,难得不凶的角度，看看这个呢
漂亮宝贝,我马甲女神
我滴家在东北~~松花江上啊~~~,你就浪，可劲儿浪
手好美,我的吗？
我要把你拉黑,咋的友谊的小船要翻了吗？
大自然就是艺术,是的呀
感冒好了吗？,好啦
睡觉去~~我睡觉去~~亲们晚安，少爷不晚安,我也睡了，晚安
朋友说我化了妆，一定要拍照,皮笑肉不笑的。没有灵魂的笑容
因为有些事有些感受自己最清楚,但我好希望有人可以跟我有相同的感受
又吃到了什么黑暗料理,别提了根本不想呆在家
正在看直播,这会儿没有直播了吧？
香玉龙好吃,这个也蛮好吃的
爱你啊啊啊啊啊啊啊啊,害羞
感觉明年又是欧洲年,是的呢
我再也想不起我的狐王了,想不起加一
一个人在那有什么乐趣？,在那等人啊。。
来东荒来东荒,那还不如回阳光
阿咧人家卖女款,我就说，看着怪怪的。。
重庆好安逸,阿你不是重庆的阿
秀恩爱，死的快,你还摆蜡烛咧~
这样走维秘真美,你能活到现在也挺不容易吧。
女神我爱你,你讲的笑话都不好笑
你同学结婚吗。。,你快点的，等着你俩呢
要回家了？,嗯呐，明天就到家啦
我就问一句，汪星人能不能上,不能
宇宙中心长大了,估计是个黑洞，觉得自己能把全宇宙都吞了
哎呦呵还没睡呐,没，我觉得明天晚上十二点之前我睡不着了
来呢，去云南6t5y1780,好便宜！！！！可是没有时间阿！！！
好多天木有看见米老头,期末来了要去开启学霸模式
仙人我要减肥单,管住嘴迈开腿
真漂亮，托叔有没有下去漂一下,漂了一下下
我们几乎每天都回不了家就办公室住,我每天就睡4个小时
不要带坏了祖国的花朵,我发现我自己都快被他带坏了。。。
你今天都干嘛了！,去时代了~
两只一起，就不是单身了,套路这么深是在下输了
我要看教练踢球,下次
雾里看花,晚餐愉快！好友
你旁边还有熊？送我！,那是虚构的
好友走一波,好的呀
开个会员就好了,对气得我想开会员
能把资源放给我吗？谢谢啦,我有
你们在等什么？,等钱
早上好，新春快乐,新春快乐！
哈哈哈我特意看了下我的脚脖子,你就别组劲别凑热闹了
新年好吖~今日有没行花市？几时翻来吖？,无行哦。我约朋友初三开车翻去啦
寄快递还要身份证报上去，还能有什么隐私？,就是
几点睡的哟,两点啊
富强换爱国，换吗,换啊！富强换爱国
带一条棉裤来北京我看看棉裤是什么,是这样！
zan我免费领超可爱洗脸仪,免费洗脸仪
爸比赶快看下我是不是第一位,你是第十二位。。
记得把我香瓜带回来,我不
快手没让人骂啊非主流子,那女的谁我骂她啦？跟谁俩呢
无感，为什么我越玩越烦,你想别的事情就不烦了
雾这么大的？,嗯，月黑风高了可以说是
生快！工作只是生活中的一部分嘛！,谢谢
这是我永远一次喝不完一瓶的饮料,难喝是么
朝花惜时超好看，快看的,是呀
哈哈哈哈！我也有定期清理关注列表的习惯！,庆幸我还在你里面
累了就坐下开吃吧,又吃？
只想问你有没有再买一个箱子,没有，我拿了两个32寸的
啊哈哈哈哈，我听到了自己猪叫般的笑声,看到你的回复，我也差点发出猪叫般的笑声
好多人,人山人海各种好吃的
筷子摆的不整齐！葱花撒的不均匀！,马上改正。
小编的化妆品很多啊，爆个照吧！！,就你知道的多~
昨晚正好赶上末班车,辛苦的夫妻俩
你得排队！,好的
不管怎么保存，上面的字都会随时间淡去~,就是因为这样才想把它留住，谁知道
陪你一起不能打球,难受
20周年的画册你有多拿几本吗。我少拿了一本。,我都不知道有这个东西
在澳大利亚干嘛！旅行吗？,是我，我在这上学
想问下今天没有彩排吗？,这周没有录制，下周直播
你知道吗？说别人就在说自己。没素质！！！,别用老子的名字！
还不发工资我真的是要喝西北风了,你爸妈不资助你么
那个鸡蛋你有吃过么,每年都吃
辛苦你了,你不懂，我很快乐
啊我想了一个多小时连写什么都不知道！抱头痛哭,我从下午三点写到现在才写了一半加油加油
东北就经常吃血肠什么的。好吃。,它是生的，我是东北的也吃血肠挺好吃的
抓娃娃高手啊,这个正好快出来了路过没人抓我就抓了
柱子都歪了,设计如此，哈哈哈~~~不是我拍歪了，哈哈哈！
满足了你一颗变胖的心！,！！！你不要一语道破
居然有尖下巴！,本来就有
反手一掌打傻咖,没啊
《生日快乐》里面的话？,是的
费纸不怕，费脑怎么破,可以用你的小头啊
我开始觉得自己长期被综艺神祝福啊,真的神手
我饿了,来歹点啊做个满汉全席哈哈哈
以为大大又去接机了,我接谁
喜欢易烊千玺,好看的
我不想生，我想生,到底是想生还是不想生啊
赞我领柿饼,赞我领柿饼啦
来北京么,11月5号北京
哥你还能爬起来么,起来了太厉害了
是想问我吗？我很好,是的我就是想问你这样都给你猜到
老朋友，你怎么长那么萌了,老啦
我一直想知道皮皮虾到底是啥,虾菇啊
小心点啦你那么不懂事！！！！,我会懂事的真的
明天还要考试么？,后天数学
剪短发，关键要有颜值,哈哈哈会化妆就行
毛绒绒的好想抱,来抱一个
你多大？我也想长高,多拉伸，多瑜伽
这小伙喜欢你！,我想也是
我要成为世界的神,我只想过平凡的人生
农农最好吃了！！！巧克力味的,农农什么味都适合哇！
明天放假了吧,哎！你痴呆了么
你有大肚子，可以暖小手我好有才,你毁了这句话的意境
明年的这个时候，在考场上的就是我了,我也一样哎
那你去睡你的法拉利吧,我的法拉利是敞篷的我怕下雨
去张家界了啊！好好玩,恩，是的。
我顺风车约过一辆拉木头的东风货车，真事,还好不是拖拉机
节日快乐老师辛苦啦,快乐哈
为什么要勾搭一个有老婆的人,给你看看他的近颜
笑洗我了哈哈哈哈话说泥鳅背后那个纹身是真的吗？,是的
你应该待见黑莓吧,还是苹果吧
我今天和远仔在一起玩,哎呀，你们两个背着我偷偷去玩，好坏
后面一句有问题，空气是踢不开的！,说错了嘛
我在四川城市之音听到了太好听了,恭喜你
不回头向前走121,嘿，你顺拐了
斜刘海的东东,巧了
很无语一进直播间他满口脏话一进去就感到反感了。。,啊，不好意思。火力开的太猛，误伤了
清晨狗粮,吃吃更健康
好漂亮的花,月季美则美矣，据说很爱招虫啊
没事儿多闹闹才静得下来呀！,奶奶明天我给你电话
谁也别想下车！,一起开车，浪起来
刚看到了，有点心痛，12个石头，没了。。。。,不是没了，而是你早就有了
逆天大长腿,摄影师拍的好啊~！
为什么我的蓝色电池那么不抗用,我的也是蓝色，但是不会很耗电啊~
本来不感觉委屈看到你就觉得委屈了,从来不会哭，看到你突然就会了
我小骨成女儿了,意不意外
6666怎么会在背上,估计是小白拉的
想到暴藻就头疼,多放螺，勤换水
蜕皮结束前是不是不给水了？,是的，不给水了。
这些病秧子上岗前都不体检吗？,没素质。没家教。
毛胖胖你很棒棒哦,那当然了
浪啊浪啊浪,哈哈哈哈是啊是啊
就飞去热带的岛屿游泳！,到了雪糕的季节了！！
人家认识大网红,感受到压力了么
你也入大基三了？哪个区啊？,电一龙争虎斗
不感谢赞助的帽子么？,谢谢谢谢哥
开心哦,你在就开心哦
腿美死了,哪儿有腿？
潘多拉魔盒一打开，就过敏啦,噗哈哈哈好点！
好好卖飞机杯不要太跳,什么叫不要太跳？你是个什么东西？嗯？
刚刚睡醒好想把图上的喝的拿出来猛灌一大口！,去喝桃桃！桃桃真的是最好喝的星冰乐了
你终于开始相亲了？,自由恋爱谢谢
我当年从空中下来，结果碰到了地震,那你厉害啊
你老公棒棒的,是哇
我的超级大眼照,说撒子哟听不懂听不懂
老板问我刘海怎么剪，我说，爱你的形状。,现在脸老板都撩了
生日快乐猪,快乐快乐为啥还要说自己是猪
呀呀，恭喜恭喜！我们等你回来吖！,带我去吃好吃的。
我让你吃吃吃吃，现在好嘞，不过咱们同病相怜,亲爱的，你也是啊？
说我呢吧说我呢吧,你跟大脚一起来吧，我请客。
又去，米线打包回来，你看着办吧,打包了快来
晒字啊宝贝,有什么好晒的那么丑
早！,我都会来了
我的迪又变美了,我迪在变美的路上不断成长中
你每天忙碌的时候我还在酣睡,哈哈哈哈今天大雪早睡晚起多睡
我觉得你应该回秦皇岛继承家业,卖个烤冷面？
又怎么了咯！！我到家了！,你也认识他？
让我使劲看看今天和谁出去了,反正不是你
这么短居然不是裙裤，那你咋会买,因为图不短啊！！量了一下长短感觉也可以啊
看到你我就有了减肥的动力！,你一点都不胖好不好！
一直会等着你每次直播不能少我,直播是必看的，坐等直播
每天都要开开心心，我们等你,我不要考试，我已经放弃了
英语很好吗？,散是会唱两条歌儿。。
原来我们两个有身高差,就你和亮亮有身高差，其他男生都一米五八
我根本得有贴身的裤子,因为太瘦了么
我回去早了没有地方睡啊,8月上旬，行嘛回去早了就和我睡一起啊
恭喜,要长更多的肉肉
我咋感觉魏泽楷谁都回复,没错没错
您好，请问房间还在吗,您好不好意思已经租出去了
好困,我刚又给芳芳发大纲了周末大早上的她得烦死我
你终于回我了！！！,祝你节日快乐朋友
下雪没！？,没。。。桑心~
多富强，爱国，和谐。求友善,友善换富强换吗
你的眉毛惨不忍睹,后半段是头发掩盖的错觉！！
生日快乐！！！,呵呵
你爸比这是怎么了,愁死我啦
如今巨星口气蛮大的。,巨星钱包也一块膨胀了
海蓝之谜是贡品吗,哪来的海蓝之谜？？？
马甲怎么越练越回去了？,只顾放肆吃了
贵妇的日常我啥也买不起,真的超级开心！！！比买口红还开心
鱼酱早啊,晚安晚安
你们那边不热吗,挺凉快的
我去涛岛坐的是大船，更慢。,我晕船
你真忙,你才忙
看台穷丑遥看内场富美,同看台穷鬼
你们不是只能录像吗？,我们主要做直播授课，同步录制以便后续温习
一发儿陈一发？,是呀
月饼都不想吃了腻,想要不甜的，热量低的
回来！找我！请你吃食堂。。。哈哈哈哈,我回来了，你又不在了
怎么减肥阿,听说酵素减肥挺有效果的
你在装房子了啊,啊！要疯求了。
想请你给我剪刘海,没问题，如果你信得过我哈哈
冬天无雪，哪里还是冬天,还是哈尔滨像冬天的样子
班长班长求教啊,不教不做大队长
嘟嘟越来越像你了,可爱
为什么世界杯才开打几天就在说马刺夺冠了？为什么这么快,不是昨天的事情吗
你咋不上天和太阳肩并肩呢,你怎么知道我没上去
有头屑,哈哈哈哈哈，厉害
赚了钱才能继续买呀,自己买就心安理得了
我们还能回去吗,回不去啦其实我觉得你值得更好的真的
用流量听完了你所有的歌。,后悔了么？
下雪没,没呢，但是十月下旬就会下了
玩核桃不便宜咧,我玩不贵的那种
腿长了不起啊,不知道谁经常在朋友圈秀腿长的
你要好好次饭撒,晚饭吃的饱饱的
红叶石楠,是的
跟胡一天一起赏春光，吃来伊份,天天
哈哈哈，和撒撒同一天生日的我，生日快乐,我也是！
安心演戏吧别打广告了,求原图
多喝开水多睡觉,嗯嗯这就睡了。。
匆匆那年,所以你来偷樱桃没有
哇！！！可爱可爱可爱！,嘻嘻萌翻没得啊
在贵阳坐了12个小时回成都的我,貌似停了吧？好像最少都是十四个半小时
回不来，亲爱的,姐！我们得了第一名！
东东，我今天也来山西了，哈哈,陕西呀姐姐
起床了？？？,早起了好不好，就是觉得太冷，又爬到床上了
找到一个好朋友,敬个礼，握握手，你是我的好朋友，哈哈
血槽又空了,完颜团
内心华丽很隐秘,是啊。。
俊凯不能跟你在被窝里商量,不不不，可以
之前有一段时间，沉迷AD钙喝到再也不想喝,哈哈哈我可以把这个当水喝
人群之中我那么孤独。,因为你不是人啊
生日快乐哟导儿要开心要幸福,会员哈，带图洋气哈
今天简直不是般化的冷！！,还好啊早上6点过出去集合吃饭的时候。。。
坚强点小姑娘一切都会好起来的,谢谢
你爸妈都是晚上才吃得到你的菜么,一般情况下是的
每天转转转从来没中过,日常迷信
等我有钱了我带你去,那祝你发大财
记得吃药,嗯嗯！
有直呼长辈姓名的么！！,就呼！
你咋知道我是学生？,就是我了啦
第一次坐深圳地铁我也坐蒙圈了,还好最后顺利到达
愚人节发吗,发！
我会给你们书信和信封的正确模板和书写方式。,难道有人不会写信？？
你有个快件到了那天我回学校取东西看见的,这都行。。。。不记得是哪个了。？？
给自己放个烟花爱谁谁谁无法阻挡你的脚步,大呲花啊
一颗大脸圆圆圆,好像发现了不得了的事情
兄台是哪的人？,吉林
我在椒江,厄，你是台州的？
人家要亲亲抱抱举高高,上天啊
呜呜呜我要疯了,乖妹妹，不气了
你学的什么专业啊,化学工程与工艺
肚子这么大了？,是的哦
小师傅那么晚你还很勤奋啊,做生意的娃儿你伤不起啊
宿舍有乱吗,很乱啊
失去比得不到更可怕，因为它多了一个过程叫曾经。,这个曾经里有太多美的遗憾的东西会流失
华坞？店名是什么,华乌市场灌汤包隔壁好像是，
初中英语听力前必放曲目,都忘了初中的事了年轻真好
恭喜你，希望不要像昨天那样，停车3小时,听说上海有雷雨啊
来一个糗事吧,百科
你们试过搓澡么,目前没有
深深超帅,哈哈哈哈完了，慢慢开始喜欢这种假话
小星星我们8月份见哦,八月份回来啊？
木耳香菇有没有简装的，只要一个塑料袋就行,干嘛用？可以有。
正版萌棒棒哒，8月22微微一笑很倾城不见不散哦！,不见不散
俺家下雨了,下了
今天也是我的生日我有个愿望,幸福，生日快乐
周末快乐！,秋日吉祥，周末愉快，好友
你再瘦就不用回齐齐哈尔了回来就给你刮飞,那正好给我刮到你们齐大让咱们兄弟再重逢
看同桌卷子，被捉,你？！真的假的
你家姑娘真美,那还用得着说
沉迷农药无法自拔,我慢慢的出坑农药了哈哈哈
警备司令部就是四川总队大门口？,是的。
逛东湖？这么冷的天,吹懵了
没钱用了怎么办？,把麻舒畅卖了
抱抱,开心了
漂亮的新娘子我看不成啊,哼哼就是没看到你了
拜年啦，拜年而已,过年好啊
Man！！！可以抱回家吗,我不是猫咪呢怎么抱我回家
你要发春了,果然是懂我
-大家一般买东西还是对赠品比较关注的,怎么解决客户反应赠品不好问题
刚给我说了晚安,有蚊子咬我
虐狗,我的锅
凯霸对相亲对象不满意么？,哦并不是
入了倩碧3号水感觉自己买了一瓶二锅头,哈哈哈哈是的
黄妹妹，怎么了,黄妹妹差点就分手了
这定位是几个意思,哈哈哈哈哈哈它瞎定的
明天可以去看十点的场、、、、、,早上有事，中午去看
天真与责任的分水岭,还有责任与不甘
来重庆做活动吗,是哒，明天有工作
雨夹雪的夜晚在教室里和暗恋的人静静地双眼对望不错啊,好美，浪漫~
哈哈哈息怒。好久不见,哈哈，你越狱了没？
歆歆晚安哦，好梦！,晴空姐姐早上好
大脸猫大脸猫爱吃鱼,哈哈哈！
我来到你的城市走过你来时的路,还有很多路都还没有去征服。
你工作的地方非常唯美，特适合拍人像,你知道我给哪儿工作吗还拍照呢不知道不要胡说
你们看脸多还是看身材？,我只看你
做到极致是什么样子的我也想体验,来呀来呀
有喜欢又没投来过的，欢迎继续投稿！,要投哪张你说嘛！
自欺欺人看看我这种三天两头炸毛的肯定家里过的很苦,哈哈哈哈你苦什么啦！
什么时候请幕后帮手吃饭,你找到对象的时候
只要你一个言语肯定，我的照片就有意义,有胡子
年纪轻轻立什么flag，是酒不好喝，还是手机不好玩,好好活着
因为你已经过气了在我心里,而我已经学会你教我的放下得自在
水灵灵的姑娘啊哈,傻乎乎的妹子你来啦
湖北的成绩出来了吗,全国的成绩都出来了早上没查到的得等两天
青春永驻！容颜不老！时光不老！,就你戏多
美舍河，红城湖,那一起啊
你都不约我，我还是一个人去逛的学校，,今天还在不
等到要特效时叫我~~,好啊
我滴个神飞机场？去哪里？,送我爸
唯美，惬意，羡慕，猫友早安如意,友：新周吉祥
四个字：挺住无敌！,挺不住了。
半夜赶车回学校,不想开学
带个隐形克剪吧,没隐形额
真的话说王李两人绝对坐实了相爱相杀,完全啊。第一反应是小受闹别扭
明明我比你大,妈耶乱得很
好好做人，好好踢球，脚踏实地的练，争取早日在联赛露脸,恩知道
太可爱了昨天还梦到捡到小奶猫,嗷！！我就是昨天捡到的诶~
哈哈男神，我表白成功了求祝福,请开始你的表演
要喝杯满月酒庆祝吗？,喝的时候记得叫上我
春江水暖鸭先知,哈哈哈哈哈哈哈哈哈哈哈哈哈鸭子熟了一起吃！
补刀高手,就是我
你在学游泳还是在游泳！,会了，游得比较慢而已
现在才睡觉，厉害了,午休
这鞋够帅,那必须帅
吃着韭菜盒子，喝着小米粥，这小日子多美呀,玉米面儿，今年的，格外香
腿短就是好,？？？？？？两米大床我完全嫌短
你们都是那个时代最潮的,我们都很漂亮。哈哈哈。
请问这车子在哪能找到？,学校里啊
长的美的原因,你的理解太可爱了
下午好,下午好呀好呀:）
吃火腿肠,火腿肠给它糖醋鱼给我
望早日康复,谢谢，小问题而已
我们有外卖、可以直接联系可以饿了么,我明天晚上再去没下载那个软件
你提早毕业啊,二专的~~
姐，悠着点,我也不想的
来的这，开不开心,哈哈，开心就好
明明你就很欢喜还要故意吃毒我太假了,屁！
请问下四月中旬花会不会开始谢了？,不会
逍遥下很不错吧今天姐姐哟值班，困死了,玩也是件累人的活哦。
要得病,冒出去玩撒
我也好想看大圣归来！,来来等我剧透你
爱你毛宝贝。,图很厉害
快回来安抚我,可怜的娃~在哪里实习等姐回来吃好的
你的发色很好看呀,灰的
这女的我都不想听她说话，听她说得好累啊,对。听的累死了，果断听不下去
前天骗了3万多元看我有没有空再说吧,骗了三万多？怎么回事？你忙你忙
帽子可以拆吗,这个不能拆卸哒
贫穷限制了我的想象力，小圆凳说送就送？？！！,说送就送！
无论怎样，我们都会陪着你。,好好休息
我叫你纠结哥~,从不纠结
打广告行不,除非你给偶钱
到现在还没弄懂区块链，是不是注定赚不到钱了,我也懒得去搞明白，所以注定与钱无缘
师傅过日子人啊,是啊，过日子人
你是在那边工作了吗？,是的
为啥赶脚别人锻炼的歌总比自己费劲挑的好听。,我也是费劲挑的啊
一包可不够，刚出生时换得最勤，一天8到10枚吧,那我还是再买一包备着吧
让不会做饭的女生站在哪里呢,一直站着
想好买什么了吗,想换手机
出去玩了步行街逛了逛买了两件衣服。,挺充实呀
溪水长流我喜欢,哈哈
经常请吃饭的漂亮姐姐超级好看,是嘛！！！那我要开始追这个了
你要买神马？,不知道，家里什么都不缺。但是好有意思~~
师兄好,这两天还那么忙吗？要注意多多休息哦。
加油设备貌似挺贵的,知道很贵啊！一个好点的示波器都好贵的、、、
你是不是蜜蜂哦？,哈哈哈，你也爱幂幂吗？
我那天看你骑车，后面带了一个女朋友！,那天？
来自男神呢突然发现好像没有了你变了,呀，就是哦，没有啦，找不到啦
吃饭时间到了,早就吃过了
记得想我！！,知道！
勤劳致富奔小康,对的
我渴了,我饿了
曦曦你需要一个契机，让你回到最好的时候。,请给我一个契机
请你跟我打麻将必打,血战到底太头疼了我喜欢胡了就开下一局的
减肥了要,你说我还是你
家豪哥哥，紧张死了，晚上都睡不着。,不要太紧张滴蜡
你有没有一瞬间心疼过我的执着,该放手还是放下吧。
小香套装重出江湖啦,好看
星期五请大声唱给我听！！,请做闹铃好吗
萝莉笑的太好看了,真的！太甜了
哈哈哈老年人你还没睡啊哦不你肯定是起来上厕所的,你不要搞事情。。。你对修仙一无所有
施主终于看破红尘，阿弥陀佛,你是老衲还是师太
它坐姿比你乖巧呀,腿太长放不下
什么时候放假呀,大概1月17号回来
赶紧麻溜的找一个晒！,这。。。茫茫人海中哪里去找哦
我也吃醋了,你来了我直接把你抱起来
22米清明上河图十字绣！老板说了绣好值30万,可以说是有图有真相
偶就不说你什么了啊,亲，我已经内疚了哦
说好的胡子换造型呢,换了已经看不清
怎么可能，我6点45的航班，都开始上客了。我随机,随机了不起随到哈尔滨关机场你都到不了
谁要去见我坤,谁呀
生快,谢谢！！！！
挖掘机无辜中枪,你也起了
这是过年在路上啊注意安全,谢谢，没事的，嗨起
将来一定。,哇将来人家都老了拉
小水水,小衣衣
你缺爱么？孩只,在这么特殊的日子里，非常缺
每次看到这种面包就感觉像上霉,哈哈哈欧包就是这样
好久不见啦,好久不见，你瘦了一大圈
还愿茨木！,恭喜！
对服务员态度差有可能是服务员对你态度差导致的,还有八句话你依次来做个简析吧
你现在是读书还是全职工作呀，一直没聊过的说~,全职工作呀
我也稀饭素菜,嘿嘿，还蛮好吃的
为什么没有人喜欢导演,我喜欢！！！
言语上不是巨人，但是行动上是巨人,在自己擅长的领域做巨人！
4x16等于多少？,偶没读过书
天天自我反省,今天仍然需要自我反省
想想我的荷兰猪还是算了我连自己都养不活,哈哈哈哈哈哈想想你抓着鸭子洗澡
好想看筱说跟小诺的合影,就是他发过的照片两张
就可以无忧无虑的胖下去啦！,闭嘴啦
快别搔扰俺们看球了！阿根廷必胜！,那么肯定啊
不用谢我是二战吧吧友，有空可以来二战吧玩,二战吧好多人可惜我才2级
你是猪吧,我是你的主人
哈哈哈哈哈哈哈哈叶修和黄少天是仇人欺负人家没看过书,人家闹着玩的
我不是女神,可是你会约炮
何冰晶今天睡了一天。。。。,这不是你正常的生活节奏吗！
你不是住在世纪公园的么？搬哪去啊？,从世纪公园的一头搬到另一头
你在说我吗,喜欢你
你也新年快乐,过开心点
我饿,定外卖啊。。那个什么面
熊看你们怎么取！！！！,熊初墨（熊出没哈哈哈哈）
幸好你不喜欢我,额，也不认识你
我用手机和平板就没共享？,平板不知道我手机和电脑是共享的我每次兜风狂删
离学校最近的奶茶店一百五起送，配送费七十,奶茶店或许只是打个广告
快乐每一天,嗯嗯好的，快快乐乐每一天
嗯哼换新书包了！,这书包什么牌子有人知道吗好可爱
你有么,神马东西？
可以送张万能福吗,已经送了
我确实憔悴了。。。,你停哪儿了？？？
平头都是帅哥,帅什么咯，都这把年纪了
去参加爱情连连看奥,我还消消乐了
中午带你吃饭去吗？,我刚看到睡过去了
回家啦？,嗯，福州的天气和温度都好棒
468143666电话18217893721,有空来玩啊
下雨了？,还没下呢不是说有暴雨么
快点来个见面会,你安排
炎亚纶和鬼鬼什么关系。,你觉得呢？
小美妞,啦啦啦~
你来了我肯定出去啊，快来,我回南京就等的下次培训吧可能，你们拍点照片发给我
真爱至上返场,恋爱就要轰轰烈烈
流汗吧,真想
睡衣带子扭了。,好讨厌你啊不可爱
抱住,抱住！！
我到现在有人想不明白，千玺为啥觉得艳芬这名字好听,我也想不明白
耳钳子好看,每次都评价我的！耳钳子！
不管别人，自己开心才是王道，你闭关去哪，不要我了,不要你了
努力减肥我努力增肥,比10斤你咯
生日快乐,嗯嗯你的是不是也快了？
私我更新第一时间观看,有吗
我都找不到你的抖音号,抖音号是176133518啊
外表汉子的女生其实都很女人的啦,你这么了解噢
男生会在意女朋友不是处么？？？？？？,这个分人，有的在意有的不在意，你不必在意。
肉松堡真的越吃越甜！,哈哈哈哈我感觉刚开始吃有点咸根本停不下来
降温了，风雨交加。,已经把最厚的大衣披上了
还有心情说这个？作业写完了嘛，钱赚够了嘛,我需要写作业么，财奴不能当，你也喜欢钱？
雯哥染黑发了,你才发现无爱了
亲，请问寄送前需要提供本人身份证的吗,不需要
室友永远只是室友不是亲人,何出此言
我到大连了,天气如何
遥遥无期,被外派了？
你们都好多,对啊我测的怎么那么
你为什么会在家！,放假啊
这辈子还没好好体检过。。感觉会查出来一堆毛病,萌妹子快来蜀黍帮你检查身体
去鼋头渚玩啦,是滴
你去哪了,啥时候还回家啊
掉色是不是很厉害！,现在还好，过几天可能更惨
周末应该好好休息才对嘛,年轻人不熬夜，不配称作年轻人
你啥时候有空啊。。。,这个问倒我了。。。今天晚上。。。
而且那些网红穿的不一定是汉服而是影楼服,有道理
简单，平静，身心愉悦。,这就是生活
赞我多馀的送,友善
你胖了诶,我这叫壮！
你的IQ多少,是多少！
从只爱源到现在三个都爱怎么办,不错
我怎么可能那么胖,就说不像长残了啊
祝我们生日快乐,哈哈，明天明天，明天再祝
忍不住了要发,发！
可以资助我吗,又见到你了
分手后你还好吗,你不回头我就很好
你终于做了别人的小三,谁让我爱上了他
你在瞎感动个啥子嘛，天气热咯注意避暑哈,切~~~~已经热死了
披萨吗？我喜欢,是滴
快到碗里来啥意思？,下次记得回你才到碗里去！
我对女生都很贴心哦好不。。吃饭没,刚刚吃饱。M记。老妈买的。
觉得帝都真美,是的！都不想离开
良心他们有么,我看是没有
辣么可爱会不会开团啊,没计划，买解吧
辛苦了辛苦了,真的辛苦
我夏天还不回呢,游泳不会？
再不回来我就忘了你是贵州的了,我心有所属啦
屋里不通风，外面都没这么热。,开开窗户也不行啊格局的问题？
快充标志是什么样子的？,就是显示超级快充
寇孃找到队友了吗,自己说，我赢了几把
哇哦，你有两只喵耶,对呀，可是小猫宝宝身体不太好，
给你个赞，我先写作业去了，上热评了记得叫我！,热评上了，回来看一下
什么你竟然还有裙子？印象中你只有牛仔裤,我记得上大学也穿过的呀
你就继续浪吧,吃醋吗
看得到吃不着怎么办？,不发不知道原来大家都喜欢吃这口~
校园君p图辛苦了,不辛苦不辛苦，为你们带来快乐！
事实证明，矫情比沉默更有用，至少不会委屈自己,哎咋觉得自己老了，矫情不起来了
花不起就直说呗,简称花呗
网恋吗，我雷佳音,佳音姐说你这几天的缺勤不能申诉了直接扣工资
人家听不懂你在说什么哦,二饼是？
终于等到你出歌了呀,是的
这周无休,为啥
抱抱你,你又喝晕了？
网红无聊,是不是没碰上自己喜欢的
哥哥早,保护
可怜的姐姐，好好休息,起了，头痛头痛。
撩不到没我帅,排长很嚣张啊
大杰，是假的吗？？？,肯定不是啦
我曾的很欣赏你~老斯看穿我,我看了三文鱼馋佬色的
麻将爱一天,我就是麻将
请问黑鸟是怎么死的,被黑死的！
他在提醒你毛老师该洗裤子了,笑死
啊哈秀幸福~~节日快乐哦,一般。节日快乐
指甲好好看,是哒哈哈
我说你咋消失了！,有一种东西叫我忘记了！！！！
你还不如先祝我生日快乐,祝您生日快乐万寿无疆福如东海寿比南山
互点啊,好的好的
姐皮，超过十点半了,看不见。
斤欠宝宝那么怕冷呀,是真的冷！
对不起我有子豪了,你是假的！
你可以这样，在家吹我，出门带上用我冻的冰激凌,你过气了
哎哟帅哦，怎么感觉眼睛变小了,因为眼睛本来就不大、然后没有睁大起来。
哎，岁月是把杀猪刀,凹凸了
龙门镖局，武林外传,这些都看了好多遍了
我睡不着,吃饺子
约什么,和朋友们小聚一下
你还要戴牙套？,精益求精嘛
第一,次次都是你
你竟然买蓝色款的乔丹,捡的，还算清新么，
哟走好勇士！,快成烈士了~
牙齿拿扳好啦,不要告诉我你嗨皮到凌晨四点？
第二张深情望着你,哈哈哈哈不知道拍了多少才得一张这样的
照顾好自己,你也是喔开心工作开心生活
休养生息,也是暂时不用熬夜修仙了
今天没怎么玩出门了,还以为你宅男呢。出去走走也好，工作辛苦啦。
小可爱,高兴
中午还在学校，现在到北京了？,是啊
可以无处安放的大长腿,你来一个
周末,天那这是什么！！！！
中秋快乐！,快乐，快乐。
纳尼，我没赶上这盛世啊,我们九点上班9点20电梯就好了
终于等到你,哈哈
真的？去那里要多久啊？,我愿意我愿意
生日快乐,嘻嘻嘻谢谢喔
假装是学霸，有卡代表有身份,学渣还是学渣
无鸟，你把一中妹泡走了,全部留给你不会跟你抢的
恭喜恭喜恭喜啊,谢谢谢谢谢谢哇
军舰岛大发,期待
懂了原谅老阿姨，他也是国航？,是滴
哈哈哈哈你的饭一定是用仙露蒸出来的吧,一定是
小吃货今天晚上吃点什么？,吃你
记得看病吃药好好休息,谢谢楠楠~你不懂考试想吐头晕头痛的感觉真辛苦！！
半夜三更的，又困又饿，看得流口水,呵呵
海岛咋样呀？感觉是不是水没我去的时候蓝啊,嗯那阳光不是很充足有点阴天不过我们玩的真的非常开心
你俩一脸生无可恋的表情,哈哈哈我俩表情同步
护照现在办来得及吗,落地签的
生来好动，表白最佳代言人，易烊千玺,终于找到了
恭喜恭喜,加油哦
大半夜的笑得肚子疼,不准笑
旅游完了啊,早完了。。。
天使：周末快乐,亲爱的！周末开心
起床的第一件事,有目标去奋斗
有好多女女啊,我惊听晚落雨啊
想打你,求打
失恋了,介绍个来
低头玩手机看到了你,哈哈
哈哈哈哈哈哈哈哈哈我选易烊千玺,蹭蹭蹭热度啊
这年头丝瓜也出墙了,也说不定这根丝瓜是在进墙
茶叶可以吗？,茶叶不要哒。
点个赞怎么样,很棒
我有很多友善可以换吗,要换什么？我有爱国，富强
对别人总是不能期待太多，真的，才不容易失望,没错
芳心纵火者,这个描述！
你两个甜融了,哈哈，这个词用得好。
嫉妒你的肚子,嫉妒你的美貌
爱不释手，什么机械键盘都弱爆了,好好学英语！英文写作
回青岛了？,早回了
来啊来啊请你吃饭,我不要吃饭
我的200个铁也还静静地躺在那里,我要写818！你快点给自己起个名字！
我前两天做红烧肉的时候被溅起的热油烫出水泡啦,肉上有水吧。
每次看到又好气又好笑,你霸气的狮子不管怎么蹂躏它都霸气
大鱼大肉,哪里看到鱼哪里看到肉了。
生日快乐生日快乐,你挖到这里了
被看球的人害得没法睡的人不能算吧。。。,哈哈，被迫看球的
快回来，撑不住啊一起去音乐会吧要不周日,周日可能很累哦
我腿疼啊~,我脚疼啊
影帝攻不动摇！！！,扛起大旗不动摇
我还没看到你那小清新一面呢,人家开店的时候不是么？
我感觉身边有个会拍照的朋友真的很重要,哈哈哈哈是的
我在看地下交通站,好看不，没看过
你又咋了,发病
今天没有昨天冷，猫包子上桌了，皮薄肉厚啊,一咬一嘴毛
爱吃芒果,我也爱吃可是我上次吃多了过敏
行行行，我一个不玩游戏的为了你下载还不行嘛,所以这是啥游戏？
感受到了甜蜜和狗粮哈哈,很开心
总是能在深夜找到你,哈哈。偶尔小小熬个夜
你怎么还没去彩排啊,下午。。。
告白气球,那都有你最近放飞自我了
是不是叫什么白色诅咒的旋律,是的哇
老板，来一碗豚骨拉面,没有豚骨
过期牛奶和酸奶会让皮肤长痘痘，慎用！,啊，那剩的那些牛奶还能干嘛用？扔了多可惜
我经常吃！巷口五香面！！,是旁边那家
我知道认识我你很幸运,对啊
好人有好报,难得难得
难道为了不被捅刀我要选阿灭？,噗哈哈哈哈
注意安全啊下飞机记得来报平安,哈哈哈是高铁！谢谢关心
刘海怎么了,残了
六一快乐呀媳妇儿,快乐快乐
脸这么红喝酒了吗哈哈哈,对啊真聪明
哈哈哈哈哈超可爱的办公室女孩。,可爱家族呀
你真棒,英伦，她要发课。。。
哎。人家这辈子确实值了。希望啵哥加油,哈哈，啥时候放假？我可回家了了。等你们回来类
我妈现在应该离你不远,约吗
每次刷到这条就一身鸡皮疙瘩,哈哈哈哈对不起老付
能认识你是我看明日之子最幸运的事情了,我也是！！！超级爱他
强无敌,过奖过奖
挖掘机,好多同行啊
晚安！！！,是早安啦~~~
第一生和第四生我都哭了,都挺感人的
纳尼学什么泡妞,那个学不了我去学用挖掘机炒菜
好喜欢这个锁眉好帅,我也锁一个，你看喜欢不
单反是穷三代，谢谢。,先毁了这一代再说
有头屑,要攻击
求电子版,邮箱
看红海全程脚抓抓抠紧紧张！怕怕！,我两只手抓椅子抓的绑紧紧张的难以复吸！
秘书那么有前途呢职业你都不做！,你聘我
嗨林更新你这么可爱帅气怎么办啊,诋毁我！
随时,机票很贵
以前喜欢韩国明星的时候超想去韩国现在一点也不想了,我办护照了，上面写的就是韩国
挖槽天上那是什么飞机解体了吗,怎么可能解体
俺做滴花无敌漂亮,质感再好些再硬点就完美了
你还是要回来？,你在那个医院啊
我喜欢蜂蜜柚子茶,冰糖雪梨
抱抱,受伤了，好不了了
雪姐新年快乐！祝您新年事业更上一层楼！,多谢您！新年吉祥！
为啥东北菜都很对我味口,因为特色不鲜明
几家欢喜几家愁,愁啥呀明天就回你那儿了
这么冷，娃在外面躲了一晚上，家长也不找？,能打成这样不给衣服穿还管他死活？
追风筝的人,是的
你失恋了？,你想啥呢
一枝红杏出墙来,哈哈
你可以私给我,不如做互助减肥姐妹吧
大葱叫啥？,林冽，哈哈
忙着工作了,五一可以放假咯
我这边晚一个小时那你边都要12点了哈哈晚安,晚安少女
是不是野猪啊？,说是杂交野猪
睡觉,你睡的比我更晚
看完了，小说更好看想看赞我,好看高甜虐狗
不坐地铁的时候，单单想起这首歌就已经很难过了。,摸头
辛苦埋你啦！,快D请我饮酱醋啦
我也是刚刚才醒吃个晚饭就可以看嘻哈啦,记得点一杯奶茶
拉肚子,吃了饭冰冰，才会肚拉拉
我要吃榴莲千层,你来下午茶
涛哥去哪,跑步，
你的短头发，到你的那，现在长长没，过年剪不了,脖子，不剪了
有喜欢的了？,你想多了，我在说工作
谢谢妹子但是我好几个蛀牙呢。。。,为什么叫我妹子明明我比你大呀
再也不熬夜了,你就算了吧，不可能的
说吧设计部花了多少功夫p这么白,原图啊美是过错吗？
被抛弃的张默默流眼泪,明明你要回家嘛
同学其实心里还是很羡慕男主的吧,是。
银香菊吧,好厉害！
妹纸什么时候来我家帮我装装,提供远程协助喔
原来有雪是托您的福啊,必须的
有没有拍厦门大片呀,哪里有大片
无中生有,就这样折腾自己还有女的说他长的好看
你是不是还幻想他是你的白马王子,就是他结婚了比较惊讶而已
记得过来跟姐姐说谢谢,谢谢
可怜的娃我科目二过了不久你就可以坐我的车了,你有车了？
我晚上有课！！！！！悲伤辣么大！！！,捞你，么么哒
外套好看耶,我也很喜欢
是不是在韩国读书啊,哈哈没有呢
狗粮我吃,这是咋了你
在电影院吗下午有没有,我们是上午看的不要哭哈
加油男孩，你是最棒的！,来就去
鱼宝宝我心痛！,抱抱我最近也特别烦躁
明明已关注啊是你没关注我吧,小冰你喜欢咬人嘛
回家了？,对啊，回来好几天了
回家过,那不错
不知道这会不会是朴老师最后一场演唱会,不要啊我只追了两场还没有看够
赶紧嫁过来吧姐,好啊好啊好快
去买什么呀,就随便逛逛呀
我明天还要六点起床希望可以买到,辛苦了
可爱呀我也想问你这个兔子呢哈哈,还真可爱呢，尤其那两个耳朵
每天睡醒都猝不及防,太可怕了
一直在唱歌的电影,嗯嗯，就是就是
下次来个，降龙十八掌,不会
我也经历了心显，从住院到主治,共同成长！
你现在都开始对身边的下手了？边同学,我身边除了你好像都有女人了吧
来大姨妈我连酸奶都不敢喝,我现在一动不动的躺着
请吃肉,我昨天才班聚咯车费都快没了你还让我请
骂你了吗,那是当然的
爱理不离最近的文章都不错,看过之前两篇后我也一直在看它的更新了
赞一个！,这也赞呀
为喵吖求羽绒服长的厚的,不懂
你起好早啊,早起的鸟儿有虫吃
生快，今天至少看到3个旅游博主过生日,哈哈，下次可以三人一起
想吃干巴丝糯米饭,啊！我都好久没有吃了，想念
睡你,已经在我床上了
你在我心里一直都有趣,因为爱情
小戏骨白蛇传也超级好看的被白娘子美哭了,哇我去找着看看这些个小孩颜值都忒高了
可怕的梦我都试图去忘记,这个梦太真实所以忘不了
你时刻都每天每天都在刷围脖！,我都准备出去了
你这么美说什么都对,哈哈哈对
下了没办法玩是为什么,怎么个没办法玩？打不开？闪退？
加油梨梨！！,嗯嗯！
哇姐姐这是宝龙的哪家店,我不知道全名反正叫秀儿哈哈哈
女婿最近有些闲啊,还行吧
易煊推荐的,好激动。
我睡得可香了,很香
哈哈早啊,早安早安
红玫瑰,+1
等我回来了帮你圆你小时候的梦想,这是个秘密。
好羡慕你这么早认识哥哥,陪伴
番茄酱下面那是什么,大胸肉
第18个地方，准备好我们第19个地方要去哪儿了吗,准备好了！随时出发！就等你了！
猪队友投那个三分也太早了吧又没进,是一个错误的投篮选择
跑哪儿去了你这么久不见消息,去哈尔滨玩了嘛刚回来在家睡觉
我是九月的,你九月的？啥！
重庆人走起,走起走起
小偷本来不会，被你教会了,现在的小偷也得高智商
咋办我这会雪令的个想你,在即将到来的清明节你光是个行我来
每个人都有做梦的权力你们不要骂醒她,我不想醒来
我知道啊，但是你洗澡换床单不应该是晚上？,她偶尔也住这边啊富婆想住哪里住哪里
约饭否,有空了找你呀你啥时候有空
你居然还带着狗我想起了马拉松有个狗冲向了终点,别人带的狗，我哪有狗
想要热巴的签名啊,想要啊
旭旭长什么样啊,长的贼丑
还在学校的孩子看到这个是不是该庆幸还在校呢,好好学习，天天向上！
我才没有想起你,因为我们就在身边呀
那张火车票上说的是新台币139元吗？,嗯很便宜的
我又没说叫我~~~我可不想那么老。,额，现在的小孩都不懂的尊重大人的。
原来你就是小豪冲锋战神旋风冲锋还有啥来着,冲锋战神，胜利冲锋，旋风冲锋，跃动冲锋。龙卷风
还不回来你梦中情人找你,谁是我梦中情人我是清白的
我家狗子怕的是衣架,肯定你用衣架打他
吴莫愁啊必须啊,美莫莫
我不认识你,不要这样嘛，你是世界上第二美的女人
谁还没点怪癖咋滴,哎呀我没有我没有
抠完脚不知道有没有洗手才吃东西,肯定没洗手
我今天生日,生日快乐
不减肥啦？,减啊，边吃边减吧
吃不吃小时候没吃过的东西，我有了,哈哈哈哈哈哈你有
生者坚强。,且画且珍惜
晚上看见你了橘色的小橘子,嗯，没注意
每一天都会更好新年快乐,新年快乐
我现在为了追奶就是每天狂喝水,管用么？我也试试
你今天在北化工呆着呢么,我4点才出门
特关坏了吗，为什么不给我提醒？？,这里也是！
早哟,上早课8点
刘烨其实真的好帅,那当然帅
今冬全域气温偏低，相信会赏到雪喽,可能会的
小服务员王。再见。去了泰国也别忘了我哦,去了泰国只记得人妖！~
你要理解妈妈，她才只用了暗示,已经很明示了~
韩语比较好！,不会
她女婿不赶紧表现表现给丈母娘扒一个,没跟你说他手残吗
哦哟又发春啦？,唉晚上跟你细聊
你还有什么瞒着我,我会告诉你知道啊哼，逗比
哈哈哈哈哈哈哈你们太可怕了表情包都有了,没错没错，你的呢
跟着咪阅读,很荣幸做阅读的引领者
已赞，速回,回了
最近在看和平饭店呢,哈哈哈巧了
立马从我面前消失,不用送站了？？
刚刚重温完极速,看很多遍都不腻
有西瓜才有夏天哈哈,西瓜是个好东西
我还说呢，大白天，精力真充沛。,难道不是故意这么问
多谢老铁！,我也是老铁
有没有下雨？今天,今天不在嵩口
赏吻,哎呦，传说中的孙总夫人
相见相知后，为何最后又形同陌路。。,所以最好不要遇见
请把我装进你的行李箱吧欢哥,满了~你要买多张机票么帮我多带两件行李
为什么姚贝娜能火？三流歌手，去世之后就可以大火了？,就凭她的素质和品德你没有的东西
中秋节你回去啊,是啊你不回啊
我不说话,憋说话，否则我报警了
能到这一步已经很不容易啦，祝福,哈哈你在哪一步
又跟我抢男人,我的这个真的是，那个不跟你抢了
我想说我绷破了一条裤子,梭噶
祝身体健康！,谢谢，棒棒的！
朱是你男朋友吗,不是
你剪头发了,是你头发的两倍
你是不是艾特过我这个,没有呀头一次哦
给力,最近你很忙啊
呃。加班啊？？亲爱的。,我好困啊！！！
感觉乌冬炒着好吃，握爪爪,嘿嘿同道中人
要手上的东西,又不值钱
不回家过节么,不回
亲爱的，诗写的好美,亲爱的夸奖真开心，没有平仄，乱写
春天没到不能谈恋爱吗~哈哈~你什么时候回来啊,过两天就回去了
朋友圈都被有你的照片刷屏了好可惜今天没去成,我去看了，汉堡好帅，好喜欢他啊
外星人又来了,带我走
救救孩子吧！,太惨了我真的太惨了
我的在床头，表示很欣慰,我在床尾
没事我帮你全收了放哪里l,家里
要理智看待问题，平安就好早安~,嗯嗯对平安最重要
回家么,不回家，有事
你都这么幸运碰到我了一定会越来越好的,我反对！
希望我的离家出走，再也别回来了,你好像一只蛙妈妈
我给你备注小白妮,你是坑坑
记得记得王子变青蛙,对吧对吧对吧偶然发现的这首歌名我都忘了
亲，宿舍的床有哪么大么？,所以挤到爆
今天直接爆炸真的做人好难，想听可乐，,驻唱给你唱了没！
等到三刀40岁以后看到小孩儿流口水的时候再说吧,为啥流口水想吃小孩嘛？
看到大家说经纬度本理科生一直在加加减减找规律？？？,我也是
为啥感觉这琴键盘好长,确实很长啊
这首歌去年我还在单曲循环,这首歌好听
腾不出时间运动的猫，迟早要腾出时间减肥工整不,腾不出时间减肥的人，迟早会腾出时间去医院，这个更工整
哈哈，恭喜的是空老师，回复时带上了,祝空老师早生贵子
一直不敢发自己的,来吧来吧
云妹好美,还很萌，还很帅
女生说你还要考察是对你有意思还是没意思？,不好说
晚安喽,晚安！
冬意来的有点早了,是的诶冷冷冷多穿
小伙伴在一起了,女神与男神，。经病
小薰姐呢！5天了,小薰姐很久没来了吗
可不可以打个电话给你,可以啊，我也很想你
我的梦里我的心里,很不错的一首歌
终于收到画了，快来膜拜大神的画吧！,哈哈哈哈，深深的神作
我想要玉藻前来个御馔津,换下多好
肿么感觉瘦些了还是角度原因00~~~,可能是瘦了点哦
可我身边男生都有对象，单身的都是女生啊,我身边也是，
吹口琴的是我朋友,这么文艺嘛
你放假了？,下周开始放到元旦
明天不见不散,不见不散
小一停你带我飞吗,带上吴茂毅来开黑
一听你唱的歌就睡着了。,哈哈是吗
最近耳背可能是听歌闹得,听歌听到耳背
靴靴你们夸我,你特别帅，我喜欢你
早起的孩子才能享有,是的，空气清新
快带我出去玩,玩什么？在家玩游戏就好嘛
一波表情包来袭,在哪
秀恩爱,晒一晒照片，换个晴朗的心情
这是什么饼干,什么芝士香葱，你可以试试看
最喜欢的广东本土的电视剧集,哈哈哈，小时候一直在追
有一年你也是去喝茶了,我是个爱喝茶的女子
遇到奇葩了。极品,说来听哈三。。
我都有粉红玫瑰,我是无敌铁金刚
占座！,嘻嘻嘿嘿
嘉嘉你太棒了！爱死你了！,我也爱你们！
吃这么多，女朋友找上了？！,估计快了哇
求变白,你不黑啊这样就好
这头像更换的够快,你认识这个人？
你给我介绍个活吧我马上辞职跟你混,搬砖？
最近忙的很哇,是有点
好美要结婚了嘛,是啊
我儿子泡妞呢,为什么是这种帐篷？高级还是中级
在家，但不禁足,太热了，怕中暑
哈哈哈，俺到了庐山了,几个人去还是单位活动
这边夜生活七点就结束了可是我们九点才下课,待多长时间啊
你也玩DOTA，好玩吗,你也玩？
下次叫我,必须网红到我家还不开大门迎接哒
在哪里，求告知。,学校旁边老街里的晓风书屋呀。
你养了一只老虎？,养了一只小老虎
东方不败是女神,没看见
我在店里，没时间休息啊,那中午回家多睡一会
谁家女儿飘过来呢？,你飘过来吧
我一般要到银行去都要计划好大半天时间的,我现在懂了
喝点水，消化好就休息吧。。,一大堆资料没填完，还不能睡啊
吵完就凉快啦,火气太大怪天气
信有什么好处么？比如请我吃一顿~,就知道吃！
男神美美哒,你最美
二弟我们下个月见,很快就见面
生日快乐大奶奶,不是我生日！！！！！
那我要好好向你请教羽衣甘蓝的打开方式了,好没问题
等我回去把你震翻在地！,太可怕了，以后经过要绕路走。。。
总是有你想都想不到的事情出现，这才是人生。,有时候不想有那么多未知的事
看看这个小傻妞,和你好配
金屋藏娇啊你,我都想啊
会有一个属于你的最好的婚礼,希望我们都是
想你板栗,人家也想你
我准备去郑州，成都又取消了,长沙呢？可以去长沙
啥时候来我家看看啊,明天如何
你那是周一早上。说明你热爱工作。,说的很有道理。然后我就要迟到了。
晚安咯,这下真睡啦，你也早点睡哈
送爱国，富强，和谐,富强可以给我嘛
我想回到2009年的春天,难道不是2008年的冬天，重新改个填报单位嘛
这里有我，别担心。,就你不在我身边
你不乖，偷懒了。,可不是么哎惭愧啊！
哈哈哈哈哈你头像好搞笑,我回了张片
勇敢地长胖吧,那也要一起
好早哦,难得啊
这大白脸,因为你不是小白脸所以嫉妒我吗？
想去长白山,同一个梦想
今天她生日喂,嘿嘿嘿巧了
你穿着羽绒服在旁边瑟瑟发抖,没有自己，我卫衣。
盗版碟和买书有啥关系啊。。。,数数天朝的好处
你好~,衣服来了，超巨大，像熊一样
姐姐回家了吧,已经安然回家了，谢谢关心
养生体先,嗯嗯，好好休养，保护好革命的本钱啊
你这么说我觉得宣城缺了几家书店,除了状元书城大点还有别的吗
吃顿火锅安逸的很非要弄些这些来吃,喉咙都要炸了了
不胖哪有力气减肥,完了，看来我是真胖
请问一下第五张是什么口红啊,YSL12
背景音乐是什么节目呀,好像是小志和小小志
晚上穿棉裤都有点儿冷,不至于吧
哈哈，你这翅膀硬了，想干啥呢,翻天那
现在咱俩发型神似了,我还琢磨剪一点
呦大晚上的这么滋补,馋嘛
广东有我们，福建有家人，心不累就好,还好有你们
我简直太霉了，奇葩勒事情最终都会降临到我的身上,霉到一定境界自然会转运，上天会给你一个漂亮媳妇
娃真是棒棒哒,我是如此幸运
大晚上的发美食,那我应该什么时候发？
西西辛苦啦你不是老师么？,是啊
你好幸福啊，见到她了吗？,没有呢他在我前面下飞机我在后面
开心天天,嗯嗯
东阳？莫非去了影视城,是啊。。。人家拍戏不让我们看
你会翻白眼这脚是没发育呢吧,三寸小脚儿
你在说什么啊？活在梦里吗？,活在云里雾里
羡慕一直都想做吐司可是不会,练手
我想说我看到金镯子了。笔笔也有一个。,真的？好棒
黑老大无极限,这么可爱，怎么说是黑
海外君好久不见了哈！15在海外发布了没,快啦~
天啊这个时间看到我真的好饿啊,饿就对了赶紧睡觉哈哈哈哈
期待更多的美照,我也期待！现在只求天气给力点
生快！！请客请客,经理还等着你们呢
你脸有那么方？我怎么记得蛮圆的？,不然跟你一样圆？
木地板20一个人，团购18，毕竟便宜,木地板。。。差拼！
上天有好生之德啊。,再也不要让她养小动物了啦！
哇偶有气质的女生又给来了一个侧脸杀,这个截图是我最喜欢的，哈哈哈
我表哥看起来贼阳光的一男孩,昨天一天真的从早走到晚，累瘫了。
下次下次，姐姐报你带的团,--我2月考领队带的都是出境了~~
这货形似泰迪,啊？泰迪？
去哪里啊,赚到再想
哼欺骗我还不是去找他,没去找他谁找他啊，
美人，真真是极美！,哈哈哈夸张了夸张了
卷心菜就别骗我养了吧,哈哈哈哈哈哈哈！
你们是在讲悄悄话嘛我怎么越来越听不懂,你们在说什么为什么我也听不懂呢。。
这个节目叫做《快乐男生》，不叫《歌手男生》,那如果一个男生小品演的特别好能进决赛吗
这俩小盆友过年能回来么？,回来个毛线顶多视个频~~
小羽姐保重啊！,小边边快回来找我玩吧
你军训完了吗,嗯，结束了
我在吗,嘻嘻在的
深夜看起来太诱惑,我今天应该送一碗到你家去
包多少钱啊,低调低调
带花的男人！,更有魅力
我在帮弟弟赶作业,我在奋笔疾书
我又没吃你家大米z,呵呵
好看！！喜欢p2,自己看自己就不好看
明天就周末啦,喜欢周末
哇你都起床了我还没睡,我们时差多少
下一个点是哪里？,哪都不去了
去吧看下有没漂亮的小尼姑,丫丫要是遇到荤和尚咋办？
怎么了我瑶姐,没事没事
宝贝胖了几斤了？,没称，回头问问
健康最重要！,没错
第一次名正言顺的露沟,再也不露了
这个腰好细，注意力都在腰上了,说的没错
所以家里放一张你的照片供着，就真的能生个儿子吗？,哈哈哈哈很烦
网红又要出去浪了，啦啦啦,你好像比我还开心
来三来三不过不要碰到我出差哈,420你看你要不要提前预见一哈嘛
这是哪魏浩轩感冒了,咋又感冒了
一单一双，右眼内眦,这样的很好看。有气质
来晚了！终于盼来了啊啊啊！,喜欢就好啦
莲雾是什么,水果的一种
卖鱼路,你又不吃鱼得
今天不是最冷吗,血冷冻彪了都
二宝长大了！祝生日快乐小白羊二宝,谢谢哈
你是巴萨球迷是吧，哈哈哈,西甲喜欢巴萨，德甲喜欢拜仁。。这两只球队是最喜欢的
哈哈哈哈你是刚来嘛，我准备走了，早知道约一下了,我刚来哈哈哈！
哈哈哈哈我下午去学校不过明天就去北京了,去的时候给我领个快递呗放好些天了
新年快乐,谢谢，新年快乐！
霞霞明天请去跑十公里,我现在就想去跑了
社会我佳姐,不社会
我从来都是左手抱，右手吃，有什么好奇怪的,我也是
谁家的小仙女那么美~,你家的呗
超级喜欢大耳环,超级喜欢你的眼光
你准备卖啥子？,没有想好啊有推荐吗~
学渣你好学渣再见每次电脑登第一条都是你,哈哈哈，喜悦感油然而生
辞我们去浪迹天涯,养我吗
